task,relation,dose,sample_id,canonical_changed,superparent_call
bace,parent,1,bace_000049,True,True
bace,parent,1,bace_000050,False,False
bace,parent,1,bace_000066,True,True
bace,parent,1,bace_000072,True,True
bace,parent,1,bace_000133,True,True
bace,parent,1,bace_000188,True,True
bace,parent,1,bace_000192,False,False
bace,parent,1,bace_000198,False,False
bace,parent,1,bace_000203,False,False
bace,parent,1,bace_000271,True,True
bace,parent,1,bace_000277,True,True
bace,parent,1,bace_000401,True,True
bace,parent,1,bace_000446,True,True
bace,parent,1,bace_000450,True,True
bace,parent,1,bace_000453,True,True
bace,parent,1,bace_000461,True,True
bace,parent,1,bace_000464,False,False
bace,parent,1,bace_000511,True,True
bace,parent,1,bace_000526,False,False
bace,parent,1,bace_000534,False,False
bace,parent,1,bace_000547,False,False
bace,parent,1,bace_000548,False,False
bace,parent,1,bace_000599,True,True
bace,parent,1,bace_000602,False,False
bace,parent,1,bace_000605,True,True
bace,parent,1,bace_000642,True,True
bace,parent,1,bace_000646,True,True
bace,parent,1,bace_000653,True,True
bace,parent,1,bace_000735,True,True
bace,parent,1,bace_000778,True,True
bace,parent,1,bace_000789,True,True
bace,parent,1,bace_000796,False,False
bace,parent,1,bace_000820,False,False
bace,parent,1,bace_000827,True,True
bace,parent,1,bace_000833,False,False
bace,parent,1,bace_000838,True,True
bace,parent,1,bace_000886,True,True
bace,parent,1,bace_000887,True,True
bace,parent,1,bace_000896,True,True
bace,parent,1,bace_000901,True,True
bace,parent,1,bace_000907,False,False
bace,parent,1,bace_000915,True,True
bace,parent,1,bace_000941,False,False
bace,parent,1,bace_000950,True,True
bace,parent,1,bace_000973,True,True
bace,parent,1,bace_000977,True,True
bace,parent,1,bace_000988,True,True
bace,parent,1,bace_000994,True,True
bace,parent,1,bace_001029,False,False
bace,parent,1,bace_001075,True,True
bace,parent,1,bace_001085,True,True
bace,parent,1,bace_001126,True,True
bace,parent,1,bace_001289,True,True
bace,parent,1,bace_001332,False,False
bace,parent,1,bace_001334,True,True
bace,parent,1,bace_001338,True,True
bace,parent,1,bace_001339,True,True
bace,parent,1,bace_001341,False,False
bace,parent,1,bace_001348,False,False
bace,parent,1,bace_001375,False,False
bace,parent,1,bace_001382,True,True
bace,parent,1,bace_001388,False,False
bace,parent,1,bace_001432,True,True
bace,parent,1,bace_001433,False,False
bbbp,parent,1,bbbp_000019,False,False
bbbp,parent,1,bbbp_000023,False,False
bbbp,parent,1,bbbp_000035,False,False
bbbp,parent,1,bbbp_000102,False,False
bbbp,parent,1,bbbp_000108,True,True
bbbp,parent,1,bbbp_000132,True,True
bbbp,parent,1,bbbp_000215,False,False
bbbp,parent,1,bbbp_000234,False,False
bbbp,parent,1,bbbp_000254,False,False
bbbp,parent,1,bbbp_000382,False,False
bbbp,parent,1,bbbp_000416,False,False
bbbp,parent,1,bbbp_000418,False,False
bbbp,parent,1,bbbp_000428,False,False
bbbp,parent,1,bbbp_000440,False,False
bbbp,parent,1,bbbp_000445,False,False
bbbp,parent,1,bbbp_000456,False,False
bbbp,parent,1,bbbp_000540,False,False
bbbp,parent,1,bbbp_000558,False,False
bbbp,parent,1,bbbp_000565,False,False
bbbp,parent,1,bbbp_000609,False,False
bbbp,parent,1,bbbp_000631,False,False
bbbp,parent,1,bbbp_000710,False,False
bbbp,parent,1,bbbp_000727,False,False
bbbp,parent,1,bbbp_000754,False,False
bbbp,parent,1,bbbp_000757,False,False
bbbp,parent,1,bbbp_000764,False,False
bbbp,parent,1,bbbp_000765,False,False
bbbp,parent,1,bbbp_000766,False,False
bbbp,parent,1,bbbp_000769,False,False
bbbp,parent,1,bbbp_000778,False,False
bbbp,parent,1,bbbp_000785,False,False
bbbp,parent,1,bbbp_000789,False,False
bbbp,parent,1,bbbp_000790,True,True
bbbp,parent,1,bbbp_000793,False,False
bbbp,parent,1,bbbp_000834,False,False
bbbp,parent,1,bbbp_000884,False,False
bbbp,parent,1,bbbp_000939,False,False
bbbp,parent,1,bbbp_000948,False,False
bbbp,parent,1,bbbp_000949,True,True
bbbp,parent,1,bbbp_000960,False,False
bbbp,parent,1,bbbp_000980,False,False
bbbp,parent,1,bbbp_000991,False,False
bbbp,parent,1,bbbp_001011,False,False
bbbp,parent,1,bbbp_001031,False,False
bbbp,parent,1,bbbp_001099,False,False
bbbp,parent,1,bbbp_001195,False,False
bbbp,parent,1,bbbp_001210,True,True
bbbp,parent,1,bbbp_001214,False,False
bbbp,parent,1,bbbp_001215,False,False
bbbp,parent,1,bbbp_001261,False,False
bbbp,parent,1,bbbp_001304,False,False
bbbp,parent,1,bbbp_001410,False,False
bbbp,parent,1,bbbp_001510,False,False
bbbp,parent,1,bbbp_001534,False,False
bbbp,parent,1,bbbp_001614,False,False
bbbp,parent,1,bbbp_001653,False,False
bbbp,parent,1,bbbp_001666,False,False
bbbp,parent,1,bbbp_001669,False,False
bbbp,parent,1,bbbp_001746,False,False
bbbp,parent,1,bbbp_001824,False,False
bbbp,parent,1,bbbp_001940,False,False
bbbp,parent,1,bbbp_001972,False,False
bbbp,parent,1,bbbp_001976,False,False
bbbp,parent,1,bbbp_001987,False,False
hiv,parent,1,hiv_000869,True,True
hiv,parent,1,hiv_001867,False,False
hiv,parent,1,hiv_003725,False,False
hiv,parent,1,hiv_004967,False,False
hiv,parent,1,hiv_006031,False,False
hiv,parent,1,hiv_006397,False,False
hiv,parent,1,hiv_006980,False,False
hiv,parent,1,hiv_008689,False,False
hiv,parent,1,hiv_008823,False,False
hiv,parent,1,hiv_009973,False,False
hiv,parent,1,hiv_010574,False,False
hiv,parent,1,hiv_010628,False,False
hiv,parent,1,hiv_011881,False,False
hiv,parent,1,hiv_014912,False,False
hiv,parent,1,hiv_015133,False,False
hiv,parent,1,hiv_015217,False,False
hiv,parent,1,hiv_017279,False,False
hiv,parent,1,hiv_018157,False,False
hiv,parent,1,hiv_018424,False,False
hiv,parent,1,hiv_021400,False,False
hiv,parent,1,hiv_021411,False,False
hiv,parent,1,hiv_021799,True,True
hiv,parent,1,hiv_023845,False,False
hiv,parent,1,hiv_023853,False,False
hiv,parent,1,hiv_024392,True,True
hiv,parent,1,hiv_024570,False,False
hiv,parent,1,hiv_024965,False,False
hiv,parent,1,hiv_025008,True,True
hiv,parent,1,hiv_025261,False,False
hiv,parent,1,hiv_025430,False,False
hiv,parent,1,hiv_026188,False,False
hiv,parent,1,hiv_026189,False,False
hiv,parent,1,hiv_026376,False,False
hiv,parent,1,hiv_026480,False,False
hiv,parent,1,hiv_026749,False,False
hiv,parent,1,hiv_026976,False,False
hiv,parent,1,hiv_026977,False,False
hiv,parent,1,hiv_027026,False,False
hiv,parent,1,hiv_027027,False,False
hiv,parent,1,hiv_027339,True,True
hiv,parent,1,hiv_027768,True,True
hiv,parent,1,hiv_027811,False,False
hiv,parent,1,hiv_030283,False,False
hiv,parent,1,hiv_030370,False,False
hiv,parent,1,hiv_031319,True,True
hiv,parent,1,hiv_031649,False,False
hiv,parent,1,hiv_032398,True,True
hiv,parent,1,hiv_033191,False,False
hiv,parent,1,hiv_034246,False,False
hiv,parent,1,hiv_035211,False,False
hiv,parent,1,hiv_035521,False,False
hiv,parent,1,hiv_037153,False,False
hiv,parent,1,hiv_037566,False,False
hiv,parent,1,hiv_038351,False,False
hiv,parent,1,hiv_038804,False,False
hiv,parent,1,hiv_039179,False,False
hiv,parent,1,hiv_039675,False,False
hiv,parent,1,hiv_040229,False,False
hiv,parent,1,hiv_040254,False,False
hiv,parent,1,hiv_040790,False,False
hiv,parent,1,hiv_040800,False,False
hiv,parent,1,hiv_040803,False,False
hiv,parent,1,hiv_040861,False,False
hiv,parent,1,hiv_041093,False,False
clintox_tox,parent,1,clintox_tox_000012,False,False
clintox_tox,parent,1,clintox_tox_000013,False,False
clintox_tox,parent,1,clintox_tox_000075,False,False
clintox_tox,parent,1,clintox_tox_000105,True,True
clintox_tox,parent,1,clintox_tox_000111,False,False
clintox_tox,parent,1,clintox_tox_000140,False,False
clintox_tox,parent,1,clintox_tox_000142,True,True
clintox_tox,parent,1,clintox_tox_000243,True,True
clintox_tox,parent,1,clintox_tox_000272,True,True
clintox_tox,parent,1,clintox_tox_000472,False,False
clintox_tox,parent,1,clintox_tox_000504,True,True
clintox_tox,parent,1,clintox_tox_000509,True,True
clintox_tox,parent,1,clintox_tox_000510,True,True
clintox_tox,parent,1,clintox_tox_000514,True,True
clintox_tox,parent,1,clintox_tox_000515,False,False
clintox_tox,parent,1,clintox_tox_000539,False,False
clintox_tox,parent,1,clintox_tox_000601,True,True
clintox_tox,parent,1,clintox_tox_000616,True,True
clintox_tox,parent,1,clintox_tox_000629,True,True
clintox_tox,parent,1,clintox_tox_000667,True,True
clintox_tox,parent,1,clintox_tox_000682,False,False
clintox_tox,parent,1,clintox_tox_000689,True,True
clintox_tox,parent,1,clintox_tox_000720,True,True
clintox_tox,parent,1,clintox_tox_000730,True,True
clintox_tox,parent,1,clintox_tox_000737,False,False
clintox_tox,parent,1,clintox_tox_000768,False,False
clintox_tox,parent,1,clintox_tox_000772,True,True
clintox_tox,parent,1,clintox_tox_000780,True,True
clintox_tox,parent,1,clintox_tox_000781,True,True
clintox_tox,parent,1,clintox_tox_000801,True,True
clintox_tox,parent,1,clintox_tox_000846,False,False
clintox_tox,parent,1,clintox_tox_000853,True,True
clintox_tox,parent,1,clintox_tox_000855,True,True
clintox_tox,parent,1,clintox_tox_000856,True,True
clintox_tox,parent,1,clintox_tox_000921,False,False
clintox_tox,parent,1,clintox_tox_000930,False,False
clintox_tox,parent,1,clintox_tox_000973,True,True
clintox_tox,parent,1,clintox_tox_000994,True,True
clintox_tox,parent,1,clintox_tox_001027,False,False
clintox_tox,parent,1,clintox_tox_001039,True,True
clintox_tox,parent,1,clintox_tox_001097,True,True
clintox_tox,parent,1,clintox_tox_001098,True,True
clintox_tox,parent,1,clintox_tox_001149,False,False
clintox_tox,parent,1,clintox_tox_001151,True,True
clintox_tox,parent,1,clintox_tox_001162,False,False
clintox_tox,parent,1,clintox_tox_001174,True,True
clintox_tox,parent,1,clintox_tox_001196,False,False
clintox_tox,parent,1,clintox_tox_001222,True,True
clintox_tox,parent,1,clintox_tox_001268,True,True
clintox_tox,parent,1,clintox_tox_001302,False,False
clintox_tox,parent,1,clintox_tox_001304,True,True
clintox_tox,parent,1,clintox_tox_001328,False,False
clintox_tox,parent,1,clintox_tox_001358,True,True
clintox_tox,parent,1,clintox_tox_001382,True,True
clintox_tox,parent,1,clintox_tox_001385,True,True
clintox_tox,parent,1,clintox_tox_001405,False,False
clintox_tox,parent,1,clintox_tox_001409,False,False
clintox_tox,parent,1,clintox_tox_001414,True,True
clintox_tox,parent,1,clintox_tox_001419,True,True
clintox_tox,parent,1,clintox_tox_001425,True,True
clintox_tox,parent,1,clintox_tox_001427,True,True
clintox_tox,parent,1,clintox_tox_001456,True,True
clintox_tox,parent,1,clintox_tox_001465,False,False
clintox_tox,parent,1,clintox_tox_001466,True,True
clintox_fda,parent,1,clintox_fda_000012,False,False
clintox_fda,parent,1,clintox_fda_000013,False,False
clintox_fda,parent,1,clintox_fda_000075,False,False
clintox_fda,parent,1,clintox_fda_000105,True,True
clintox_fda,parent,1,clintox_fda_000111,False,False
clintox_fda,parent,1,clintox_fda_000140,False,False
clintox_fda,parent,1,clintox_fda_000142,True,True
clintox_fda,parent,1,clintox_fda_000243,True,True
clintox_fda,parent,1,clintox_fda_000272,True,True
clintox_fda,parent,1,clintox_fda_000472,False,False
clintox_fda,parent,1,clintox_fda_000504,True,True
clintox_fda,parent,1,clintox_fda_000509,True,True
clintox_fda,parent,1,clintox_fda_000510,True,True
clintox_fda,parent,1,clintox_fda_000514,True,True
clintox_fda,parent,1,clintox_fda_000515,False,False
clintox_fda,parent,1,clintox_fda_000539,False,False
clintox_fda,parent,1,clintox_fda_000601,True,True
clintox_fda,parent,1,clintox_fda_000616,True,True
clintox_fda,parent,1,clintox_fda_000629,True,True
clintox_fda,parent,1,clintox_fda_000667,True,True
clintox_fda,parent,1,clintox_fda_000682,False,False
clintox_fda,parent,1,clintox_fda_000689,True,True
clintox_fda,parent,1,clintox_fda_000720,True,True
clintox_fda,parent,1,clintox_fda_000730,True,True
clintox_fda,parent,1,clintox_fda_000737,False,False
clintox_fda,parent,1,clintox_fda_000768,False,False
clintox_fda,parent,1,clintox_fda_000772,True,True
clintox_fda,parent,1,clintox_fda_000780,True,True
clintox_fda,parent,1,clintox_fda_000781,True,True
clintox_fda,parent,1,clintox_fda_000801,True,True
clintox_fda,parent,1,clintox_fda_000846,False,False
clintox_fda,parent,1,clintox_fda_000853,True,True
clintox_fda,parent,1,clintox_fda_000855,True,True
clintox_fda,parent,1,clintox_fda_000856,True,True
clintox_fda,parent,1,clintox_fda_000921,False,False
clintox_fda,parent,1,clintox_fda_000930,False,False
clintox_fda,parent,1,clintox_fda_000973,True,True
clintox_fda,parent,1,clintox_fda_000994,True,True
clintox_fda,parent,1,clintox_fda_001027,False,False
clintox_fda,parent,1,clintox_fda_001039,True,True
clintox_fda,parent,1,clintox_fda_001097,True,True
clintox_fda,parent,1,clintox_fda_001098,True,True
clintox_fda,parent,1,clintox_fda_001149,False,False
clintox_fda,parent,1,clintox_fda_001151,True,True
clintox_fda,parent,1,clintox_fda_001162,False,False
clintox_fda,parent,1,clintox_fda_001174,True,True
clintox_fda,parent,1,clintox_fda_001196,False,False
clintox_fda,parent,1,clintox_fda_001222,True,True
clintox_fda,parent,1,clintox_fda_001268,True,True
clintox_fda,parent,1,clintox_fda_001302,False,False
clintox_fda,parent,1,clintox_fda_001304,True,True
clintox_fda,parent,1,clintox_fda_001328,False,False
clintox_fda,parent,1,clintox_fda_001358,True,True
clintox_fda,parent,1,clintox_fda_001382,True,True
clintox_fda,parent,1,clintox_fda_001385,True,True
clintox_fda,parent,1,clintox_fda_001405,False,False
clintox_fda,parent,1,clintox_fda_001409,False,False
clintox_fda,parent,1,clintox_fda_001414,True,True
clintox_fda,parent,1,clintox_fda_001419,True,True
clintox_fda,parent,1,clintox_fda_001425,True,True
clintox_fda,parent,1,clintox_fda_001427,True,True
clintox_fda,parent,1,clintox_fda_001456,True,True
clintox_fda,parent,1,clintox_fda_001465,False,False
clintox_fda,parent,1,clintox_fda_001466,True,True
tox21_ahr,parent,1,tox21_ahr_000077,False,False
tox21_ahr,parent,1,tox21_ahr_000090,False,False
tox21_ahr,parent,1,tox21_ahr_000163,False,False
tox21_ahr,parent,1,tox21_ahr_000263,False,False
tox21_ahr,parent,1,tox21_ahr_000522,False,False
tox21_ahr,parent,1,tox21_ahr_000539,False,False
tox21_ahr,parent,1,tox21_ahr_000700,False,False
tox21_ahr,parent,1,tox21_ahr_000941,False,False
tox21_ahr,parent,1,tox21_ahr_001039,False,False
tox21_ahr,parent,1,tox21_ahr_001100,False,False
tox21_ahr,parent,1,tox21_ahr_001351,False,False
tox21_ahr,parent,1,tox21_ahr_001435,False,False
tox21_ahr,parent,1,tox21_ahr_001518,False,False
tox21_ahr,parent,1,tox21_ahr_001533,False,False
tox21_ahr,parent,1,tox21_ahr_001570,False,False
tox21_ahr,parent,1,tox21_ahr_001713,False,False
tox21_ahr,parent,1,tox21_ahr_001953,False,False
tox21_ahr,parent,1,tox21_ahr_002112,False,False
tox21_ahr,parent,1,tox21_ahr_002261,False,False
tox21_ahr,parent,1,tox21_ahr_002325,False,False
tox21_ahr,parent,1,tox21_ahr_002398,False,False
tox21_ahr,parent,1,tox21_ahr_002466,False,False
tox21_ahr,parent,1,tox21_ahr_002504,False,False
tox21_ahr,parent,1,tox21_ahr_002528,False,False
tox21_ahr,parent,1,tox21_ahr_002650,False,False
tox21_ahr,parent,1,tox21_ahr_002854,False,False
tox21_ahr,parent,1,tox21_ahr_002881,True,True
tox21_ahr,parent,1,tox21_ahr_003052,False,False
tox21_ahr,parent,1,tox21_ahr_003077,False,False
tox21_ahr,parent,1,tox21_ahr_003216,False,False
tox21_ahr,parent,1,tox21_ahr_003384,False,False
tox21_ahr,parent,1,tox21_ahr_003399,False,False
tox21_ahr,parent,1,tox21_ahr_003699,False,False
tox21_ahr,parent,1,tox21_ahr_003702,False,False
tox21_ahr,parent,1,tox21_ahr_003981,False,False
tox21_ahr,parent,1,tox21_ahr_004033,False,False
tox21_ahr,parent,1,tox21_ahr_004067,False,False
tox21_ahr,parent,1,tox21_ahr_004181,False,False
tox21_ahr,parent,1,tox21_ahr_004313,False,False
tox21_ahr,parent,1,tox21_ahr_004350,False,False
tox21_ahr,parent,1,tox21_ahr_004633,False,False
tox21_ahr,parent,1,tox21_ahr_004870,False,False
tox21_ahr,parent,1,tox21_ahr_004893,False,False
tox21_ahr,parent,1,tox21_ahr_004981,False,False
tox21_ahr,parent,1,tox21_ahr_005080,False,False
tox21_ahr,parent,1,tox21_ahr_005165,False,False
tox21_ahr,parent,1,tox21_ahr_005644,False,False
tox21_ahr,parent,1,tox21_ahr_005694,False,False
tox21_ahr,parent,1,tox21_ahr_005731,False,False
tox21_ahr,parent,1,tox21_ahr_005755,False,False
tox21_ahr,parent,1,tox21_ahr_005965,False,False
tox21_ahr,parent,1,tox21_ahr_006010,False,False
tox21_ahr,parent,1,tox21_ahr_006150,False,False
tox21_ahr,parent,1,tox21_ahr_006434,False,False
tox21_ahr,parent,1,tox21_ahr_006514,False,False
tox21_ahr,parent,1,tox21_ahr_006516,False,False
tox21_ahr,parent,1,tox21_ahr_006966,False,False
tox21_ahr,parent,1,tox21_ahr_007283,False,False
tox21_ahr,parent,1,tox21_ahr_007351,False,False
tox21_ahr,parent,1,tox21_ahr_007355,False,False
tox21_ahr,parent,1,tox21_ahr_007436,False,False
tox21_ahr,parent,1,tox21_ahr_007562,False,False
tox21_ahr,parent,1,tox21_ahr_007744,False,False
tox21_ahr,parent,1,tox21_ahr_007763,False,False
tox21_are,parent,1,tox21_are_000143,True,True
tox21_are,parent,1,tox21_are_000163,False,False
tox21_are,parent,1,tox21_are_000263,False,False
tox21_are,parent,1,tox21_are_000522,False,False
tox21_are,parent,1,tox21_are_000782,False,False
tox21_are,parent,1,tox21_are_000941,False,False
tox21_are,parent,1,tox21_are_001013,False,False
tox21_are,parent,1,tox21_are_001039,False,False
tox21_are,parent,1,tox21_are_001100,False,False
tox21_are,parent,1,tox21_are_001278,False,False
tox21_are,parent,1,tox21_are_001340,False,False
tox21_are,parent,1,tox21_are_001351,False,False
tox21_are,parent,1,tox21_are_001404,False,False
tox21_are,parent,1,tox21_are_001460,False,False
tox21_are,parent,1,tox21_are_001570,False,False
tox21_are,parent,1,tox21_are_001732,False,False
tox21_are,parent,1,tox21_are_001789,False,False
tox21_are,parent,1,tox21_are_001826,False,False
tox21_are,parent,1,tox21_are_001953,False,False
tox21_are,parent,1,tox21_are_001968,True,True
tox21_are,parent,1,tox21_are_002218,False,False
tox21_are,parent,1,tox21_are_002398,False,False
tox21_are,parent,1,tox21_are_002466,False,False
tox21_are,parent,1,tox21_are_002488,False,False
tox21_are,parent,1,tox21_are_002504,False,False
tox21_are,parent,1,tox21_are_002528,False,False
tox21_are,parent,1,tox21_are_002641,False,False
tox21_are,parent,1,tox21_are_002650,False,False
tox21_are,parent,1,tox21_are_002854,False,False
tox21_are,parent,1,tox21_are_002910,False,False
tox21_are,parent,1,tox21_are_003052,False,False
tox21_are,parent,1,tox21_are_003384,False,False
tox21_are,parent,1,tox21_are_003398,False,False
tox21_are,parent,1,tox21_are_004033,False,False
tox21_are,parent,1,tox21_are_004067,False,False
tox21_are,parent,1,tox21_are_004162,False,False
tox21_are,parent,1,tox21_are_004181,False,False
tox21_are,parent,1,tox21_are_004350,False,False
tox21_are,parent,1,tox21_are_004435,False,False
tox21_are,parent,1,tox21_are_004690,False,False
tox21_are,parent,1,tox21_are_004851,False,False
tox21_are,parent,1,tox21_are_004928,False,False
tox21_are,parent,1,tox21_are_005080,False,False
tox21_are,parent,1,tox21_are_005285,False,False
tox21_are,parent,1,tox21_are_005415,False,False
tox21_are,parent,1,tox21_are_005560,False,False
tox21_are,parent,1,tox21_are_005644,False,False
tox21_are,parent,1,tox21_are_005740,False,False
tox21_are,parent,1,tox21_are_005755,False,False
tox21_are,parent,1,tox21_are_006150,False,False
tox21_are,parent,1,tox21_are_006192,False,False
tox21_are,parent,1,tox21_are_006514,False,False
tox21_are,parent,1,tox21_are_006536,False,False
tox21_are,parent,1,tox21_are_006630,False,False
tox21_are,parent,1,tox21_are_006649,False,False
tox21_are,parent,1,tox21_are_006850,False,False
tox21_are,parent,1,tox21_are_006924,False,False
tox21_are,parent,1,tox21_are_007279,False,False
tox21_are,parent,1,tox21_are_007283,False,False
tox21_are,parent,1,tox21_are_007346,False,False
tox21_are,parent,1,tox21_are_007355,False,False
tox21_are,parent,1,tox21_are_007436,False,False
tox21_are,parent,1,tox21_are_007744,False,False
tox21_are,parent,1,tox21_are_007763,False,False
tox21_mmp,parent,1,tox21_mmp_000077,False,False
tox21_mmp,parent,1,tox21_mmp_000090,False,False
tox21_mmp,parent,1,tox21_mmp_000143,True,True
tox21_mmp,parent,1,tox21_mmp_000213,False,False
tox21_mmp,parent,1,tox21_mmp_000263,False,False
tox21_mmp,parent,1,tox21_mmp_000420,True,True
tox21_mmp,parent,1,tox21_mmp_000522,False,False
tox21_mmp,parent,1,tox21_mmp_000782,False,False
tox21_mmp,parent,1,tox21_mmp_001351,False,False
tox21_mmp,parent,1,tox21_mmp_001404,False,False
tox21_mmp,parent,1,tox21_mmp_001533,False,False
tox21_mmp,parent,1,tox21_mmp_001570,False,False
tox21_mmp,parent,1,tox21_mmp_001713,False,False
tox21_mmp,parent,1,tox21_mmp_001732,False,False
tox21_mmp,parent,1,tox21_mmp_001953,False,False
tox21_mmp,parent,1,tox21_mmp_001957,False,False
tox21_mmp,parent,1,tox21_mmp_001968,True,True
tox21_mmp,parent,1,tox21_mmp_002030,False,False
tox21_mmp,parent,1,tox21_mmp_002080,False,False
tox21_mmp,parent,1,tox21_mmp_002112,False,False
tox21_mmp,parent,1,tox21_mmp_002145,False,False
tox21_mmp,parent,1,tox21_mmp_002312,False,False
tox21_mmp,parent,1,tox21_mmp_002398,False,False
tox21_mmp,parent,1,tox21_mmp_002466,False,False
tox21_mmp,parent,1,tox21_mmp_002488,False,False
tox21_mmp,parent,1,tox21_mmp_002504,False,False
tox21_mmp,parent,1,tox21_mmp_002528,False,False
tox21_mmp,parent,1,tox21_mmp_002562,False,False
tox21_mmp,parent,1,tox21_mmp_002650,False,False
tox21_mmp,parent,1,tox21_mmp_002881,True,True
tox21_mmp,parent,1,tox21_mmp_002986,False,False
tox21_mmp,parent,1,tox21_mmp_003077,False,False
tox21_mmp,parent,1,tox21_mmp_003376,False,False
tox21_mmp,parent,1,tox21_mmp_003398,False,False
tox21_mmp,parent,1,tox21_mmp_003927,False,False
tox21_mmp,parent,1,tox21_mmp_004033,False,False
tox21_mmp,parent,1,tox21_mmp_004067,False,False
tox21_mmp,parent,1,tox21_mmp_004135,False,False
tox21_mmp,parent,1,tox21_mmp_004162,False,False
tox21_mmp,parent,1,tox21_mmp_004181,False,False
tox21_mmp,parent,1,tox21_mmp_004350,False,False
tox21_mmp,parent,1,tox21_mmp_004435,False,False
tox21_mmp,parent,1,tox21_mmp_004633,False,False
tox21_mmp,parent,1,tox21_mmp_004690,False,False
tox21_mmp,parent,1,tox21_mmp_004752,False,False
tox21_mmp,parent,1,tox21_mmp_004851,False,False
tox21_mmp,parent,1,tox21_mmp_004870,False,False
tox21_mmp,parent,1,tox21_mmp_005080,False,False
tox21_mmp,parent,1,tox21_mmp_005165,False,False
tox21_mmp,parent,1,tox21_mmp_005228,True,True
tox21_mmp,parent,1,tox21_mmp_005288,False,False
tox21_mmp,parent,1,tox21_mmp_005644,False,False
tox21_mmp,parent,1,tox21_mmp_005755,False,False
tox21_mmp,parent,1,tox21_mmp_005965,False,False
tox21_mmp,parent,1,tox21_mmp_006150,False,False
tox21_mmp,parent,1,tox21_mmp_006434,False,False
tox21_mmp,parent,1,tox21_mmp_006649,False,False
tox21_mmp,parent,1,tox21_mmp_007287,False,False
tox21_mmp,parent,1,tox21_mmp_007355,False,False
tox21_mmp,parent,1,tox21_mmp_007436,False,False
tox21_mmp,parent,1,tox21_mmp_007562,False,False
tox21_mmp,parent,1,tox21_mmp_007744,False,False
tox21_mmp,parent,1,tox21_mmp_007763,False,False
tox21_mmp,parent,1,tox21_mmp_007793,False,False
sider_gastro,parent,1,sider_gastro_000021,False,False
sider_gastro,parent,1,sider_gastro_000030,False,False
sider_gastro,parent,1,sider_gastro_000040,False,False
sider_gastro,parent,1,sider_gastro_000055,False,False
sider_gastro,parent,1,sider_gastro_000067,False,False
sider_gastro,parent,1,sider_gastro_000105,False,False
sider_gastro,parent,1,sider_gastro_000112,False,False
sider_gastro,parent,1,sider_gastro_000137,False,False
sider_gastro,parent,1,sider_gastro_000169,False,False
sider_gastro,parent,1,sider_gastro_000170,False,False
sider_gastro,parent,1,sider_gastro_000194,False,False
sider_gastro,parent,1,sider_gastro_000235,False,False
sider_gastro,parent,1,sider_gastro_000244,False,False
sider_gastro,parent,1,sider_gastro_000297,False,False
sider_gastro,parent,1,sider_gastro_000298,False,False
sider_gastro,parent,1,sider_gastro_000370,False,False
sider_gastro,parent,1,sider_gastro_000386,False,False
sider_gastro,parent,1,sider_gastro_000387,False,False
sider_gastro,parent,1,sider_gastro_000392,True,True
sider_gastro,parent,1,sider_gastro_000394,False,False
sider_gastro,parent,1,sider_gastro_000429,False,False
sider_gastro,parent,1,sider_gastro_000430,False,False
sider_gastro,parent,1,sider_gastro_000438,False,False
sider_gastro,parent,1,sider_gastro_000472,False,False
sider_gastro,parent,1,sider_gastro_000515,False,False
sider_gastro,parent,1,sider_gastro_000550,False,False
sider_gastro,parent,1,sider_gastro_000564,False,False
sider_gastro,parent,1,sider_gastro_000578,False,False
sider_gastro,parent,1,sider_gastro_000591,False,False
sider_gastro,parent,1,sider_gastro_000616,False,False
sider_gastro,parent,1,sider_gastro_000624,False,False
sider_gastro,parent,1,sider_gastro_000645,False,False
sider_gastro,parent,1,sider_gastro_000650,False,False
sider_gastro,parent,1,sider_gastro_000651,False,False
sider_gastro,parent,1,sider_gastro_000659,False,False
sider_gastro,parent,1,sider_gastro_000728,False,False
sider_gastro,parent,1,sider_gastro_000834,False,False
sider_gastro,parent,1,sider_gastro_000864,False,False
sider_gastro,parent,1,sider_gastro_000869,False,False
sider_gastro,parent,1,sider_gastro_000890,True,True
sider_gastro,parent,1,sider_gastro_000918,False,False
sider_gastro,parent,1,sider_gastro_000963,False,False
sider_gastro,parent,1,sider_gastro_000968,False,False
sider_gastro,parent,1,sider_gastro_000970,True,True
sider_gastro,parent,1,sider_gastro_000985,False,False
sider_gastro,parent,1,sider_gastro_001008,False,False
sider_gastro,parent,1,sider_gastro_001011,False,False
sider_gastro,parent,1,sider_gastro_001041,False,False
sider_gastro,parent,1,sider_gastro_001083,False,False
sider_gastro,parent,1,sider_gastro_001088,False,False
sider_gastro,parent,1,sider_gastro_001116,False,False
sider_gastro,parent,1,sider_gastro_001117,False,False
sider_gastro,parent,1,sider_gastro_001166,False,False
sider_gastro,parent,1,sider_gastro_001199,True,True
sider_gastro,parent,1,sider_gastro_001200,False,False
sider_gastro,parent,1,sider_gastro_001204,False,False
sider_gastro,parent,1,sider_gastro_001216,False,False
sider_gastro,parent,1,sider_gastro_001224,False,False
sider_gastro,parent,1,sider_gastro_001225,False,False
sider_gastro,parent,1,sider_gastro_001242,False,False
sider_gastro,parent,1,sider_gastro_001270,False,False
sider_gastro,parent,1,sider_gastro_001278,False,False
sider_gastro,parent,1,sider_gastro_001339,True,True
sider_gastro,parent,1,sider_gastro_001422,True,True
bace,parent,5,bace_000049,True,True
bace,parent,5,bace_000050,False,False
bace,parent,5,bace_000066,True,True
bace,parent,5,bace_000072,True,True
bace,parent,5,bace_000133,True,True
bace,parent,5,bace_000188,True,True
bace,parent,5,bace_000192,False,False
bace,parent,5,bace_000198,False,False
bace,parent,5,bace_000203,False,False
bace,parent,5,bace_000271,True,True
bace,parent,5,bace_000277,True,True
bace,parent,5,bace_000401,True,True
bace,parent,5,bace_000446,True,True
bace,parent,5,bace_000450,True,True
bace,parent,5,bace_000453,True,True
bace,parent,5,bace_000461,True,True
bace,parent,5,bace_000464,False,False
bace,parent,5,bace_000511,True,True
bace,parent,5,bace_000526,False,False
bace,parent,5,bace_000534,False,False
bace,parent,5,bace_000547,False,False
bace,parent,5,bace_000548,False,False
bace,parent,5,bace_000599,True,True
bace,parent,5,bace_000602,False,False
bace,parent,5,bace_000605,True,True
bace,parent,5,bace_000642,True,True
bace,parent,5,bace_000646,True,True
bace,parent,5,bace_000653,True,True
bace,parent,5,bace_000735,True,True
bace,parent,5,bace_000778,True,True
bace,parent,5,bace_000789,True,True
bace,parent,5,bace_000796,False,False
bace,parent,5,bace_000820,False,False
bace,parent,5,bace_000827,True,True
bace,parent,5,bace_000833,False,False
bace,parent,5,bace_000838,True,True
bace,parent,5,bace_000886,True,True
bace,parent,5,bace_000887,True,True
bace,parent,5,bace_000896,True,True
bace,parent,5,bace_000901,True,True
bace,parent,5,bace_000907,False,False
bace,parent,5,bace_000915,True,True
bace,parent,5,bace_000941,False,False
bace,parent,5,bace_000950,True,True
bace,parent,5,bace_000973,True,True
bace,parent,5,bace_000977,True,True
bace,parent,5,bace_000988,True,True
bace,parent,5,bace_000994,True,True
bace,parent,5,bace_001029,False,False
bace,parent,5,bace_001075,True,True
bace,parent,5,bace_001085,True,True
bace,parent,5,bace_001126,True,True
bace,parent,5,bace_001289,True,True
bace,parent,5,bace_001332,False,False
bace,parent,5,bace_001334,True,True
bace,parent,5,bace_001338,True,True
bace,parent,5,bace_001339,True,True
bace,parent,5,bace_001341,False,False
bace,parent,5,bace_001348,False,False
bace,parent,5,bace_001375,False,False
bace,parent,5,bace_001382,True,True
bace,parent,5,bace_001388,False,False
bace,parent,5,bace_001432,True,True
bace,parent,5,bace_001433,False,False
bbbp,parent,5,bbbp_000019,False,False
bbbp,parent,5,bbbp_000023,False,False
bbbp,parent,5,bbbp_000035,False,False
bbbp,parent,5,bbbp_000102,False,False
bbbp,parent,5,bbbp_000108,True,True
bbbp,parent,5,bbbp_000132,True,True
bbbp,parent,5,bbbp_000215,False,False
bbbp,parent,5,bbbp_000234,False,False
bbbp,parent,5,bbbp_000254,False,False
bbbp,parent,5,bbbp_000382,False,False
bbbp,parent,5,bbbp_000416,False,False
bbbp,parent,5,bbbp_000418,False,False
bbbp,parent,5,bbbp_000428,False,False
bbbp,parent,5,bbbp_000440,False,False
bbbp,parent,5,bbbp_000445,False,False
bbbp,parent,5,bbbp_000456,False,False
bbbp,parent,5,bbbp_000540,False,False
bbbp,parent,5,bbbp_000558,False,False
bbbp,parent,5,bbbp_000565,False,False
bbbp,parent,5,bbbp_000609,False,False
bbbp,parent,5,bbbp_000631,False,False
bbbp,parent,5,bbbp_000710,False,False
bbbp,parent,5,bbbp_000727,False,False
bbbp,parent,5,bbbp_000754,False,False
bbbp,parent,5,bbbp_000757,False,False
bbbp,parent,5,bbbp_000764,False,False
bbbp,parent,5,bbbp_000765,False,False
bbbp,parent,5,bbbp_000766,False,False
bbbp,parent,5,bbbp_000769,False,False
bbbp,parent,5,bbbp_000778,False,False
bbbp,parent,5,bbbp_000785,False,False
bbbp,parent,5,bbbp_000789,False,False
bbbp,parent,5,bbbp_000790,True,True
bbbp,parent,5,bbbp_000793,False,False
bbbp,parent,5,bbbp_000834,False,False
bbbp,parent,5,bbbp_000884,False,False
bbbp,parent,5,bbbp_000939,False,False
bbbp,parent,5,bbbp_000948,False,False
bbbp,parent,5,bbbp_000949,True,True
bbbp,parent,5,bbbp_000960,False,False
bbbp,parent,5,bbbp_000980,False,False
bbbp,parent,5,bbbp_000991,False,False
bbbp,parent,5,bbbp_001011,False,False
bbbp,parent,5,bbbp_001031,False,False
bbbp,parent,5,bbbp_001099,False,False
bbbp,parent,5,bbbp_001195,False,False
bbbp,parent,5,bbbp_001210,True,True
bbbp,parent,5,bbbp_001214,False,False
bbbp,parent,5,bbbp_001215,False,False
bbbp,parent,5,bbbp_001261,False,False
bbbp,parent,5,bbbp_001304,False,False
bbbp,parent,5,bbbp_001410,False,False
bbbp,parent,5,bbbp_001510,False,False
bbbp,parent,5,bbbp_001534,False,False
bbbp,parent,5,bbbp_001614,False,False
bbbp,parent,5,bbbp_001653,False,False
bbbp,parent,5,bbbp_001666,False,False
bbbp,parent,5,bbbp_001669,False,False
bbbp,parent,5,bbbp_001746,False,False
bbbp,parent,5,bbbp_001824,False,False
bbbp,parent,5,bbbp_001940,False,False
bbbp,parent,5,bbbp_001972,False,False
bbbp,parent,5,bbbp_001976,False,False
bbbp,parent,5,bbbp_001987,False,False
hiv,parent,5,hiv_000869,True,True
hiv,parent,5,hiv_001867,False,False
hiv,parent,5,hiv_003725,False,False
hiv,parent,5,hiv_004967,False,False
hiv,parent,5,hiv_006031,False,False
hiv,parent,5,hiv_006397,False,False
hiv,parent,5,hiv_006980,False,False
hiv,parent,5,hiv_008689,False,False
hiv,parent,5,hiv_008823,False,False
hiv,parent,5,hiv_009973,False,False
hiv,parent,5,hiv_010574,False,False
hiv,parent,5,hiv_010628,False,False
hiv,parent,5,hiv_011881,False,False
hiv,parent,5,hiv_014912,False,False
hiv,parent,5,hiv_015133,False,False
hiv,parent,5,hiv_015217,False,False
hiv,parent,5,hiv_017279,False,False
hiv,parent,5,hiv_018157,False,False
hiv,parent,5,hiv_018424,False,False
hiv,parent,5,hiv_021400,False,False
hiv,parent,5,hiv_021411,False,False
hiv,parent,5,hiv_021799,True,True
hiv,parent,5,hiv_023845,False,False
hiv,parent,5,hiv_023853,False,False
hiv,parent,5,hiv_024392,True,True
hiv,parent,5,hiv_024570,False,False
hiv,parent,5,hiv_024965,False,False
hiv,parent,5,hiv_025008,True,True
hiv,parent,5,hiv_025261,False,False
hiv,parent,5,hiv_025430,False,False
hiv,parent,5,hiv_026188,False,False
hiv,parent,5,hiv_026189,False,False
hiv,parent,5,hiv_026376,False,False
hiv,parent,5,hiv_026480,False,False
hiv,parent,5,hiv_026749,False,False
hiv,parent,5,hiv_026976,False,False
hiv,parent,5,hiv_026977,False,False
hiv,parent,5,hiv_027026,False,False
hiv,parent,5,hiv_027027,False,False
hiv,parent,5,hiv_027339,True,True
hiv,parent,5,hiv_027768,True,True
hiv,parent,5,hiv_027811,False,False
hiv,parent,5,hiv_030283,False,False
hiv,parent,5,hiv_030370,False,False
hiv,parent,5,hiv_031319,True,True
hiv,parent,5,hiv_031649,False,False
hiv,parent,5,hiv_032398,True,True
hiv,parent,5,hiv_033191,False,False
hiv,parent,5,hiv_034246,False,False
hiv,parent,5,hiv_035211,False,False
hiv,parent,5,hiv_035521,False,False
hiv,parent,5,hiv_037153,False,False
hiv,parent,5,hiv_037566,False,False
hiv,parent,5,hiv_038351,False,False
hiv,parent,5,hiv_038804,False,False
hiv,parent,5,hiv_039179,False,False
hiv,parent,5,hiv_039675,False,False
hiv,parent,5,hiv_040229,False,False
hiv,parent,5,hiv_040254,False,False
hiv,parent,5,hiv_040790,False,False
hiv,parent,5,hiv_040800,False,False
hiv,parent,5,hiv_040803,False,False
hiv,parent,5,hiv_040861,False,False
hiv,parent,5,hiv_041093,False,False
clintox_tox,parent,5,clintox_tox_000012,False,False
clintox_tox,parent,5,clintox_tox_000013,False,False
clintox_tox,parent,5,clintox_tox_000075,False,False
clintox_tox,parent,5,clintox_tox_000105,True,True
clintox_tox,parent,5,clintox_tox_000111,False,False
clintox_tox,parent,5,clintox_tox_000140,False,False
clintox_tox,parent,5,clintox_tox_000142,True,True
clintox_tox,parent,5,clintox_tox_000243,True,True
clintox_tox,parent,5,clintox_tox_000272,True,True
clintox_tox,parent,5,clintox_tox_000472,False,False
clintox_tox,parent,5,clintox_tox_000504,True,True
clintox_tox,parent,5,clintox_tox_000509,True,True
clintox_tox,parent,5,clintox_tox_000510,True,True
clintox_tox,parent,5,clintox_tox_000514,True,True
clintox_tox,parent,5,clintox_tox_000515,False,False
clintox_tox,parent,5,clintox_tox_000539,False,False
clintox_tox,parent,5,clintox_tox_000601,True,True
clintox_tox,parent,5,clintox_tox_000616,True,True
clintox_tox,parent,5,clintox_tox_000629,True,True
clintox_tox,parent,5,clintox_tox_000667,True,True
clintox_tox,parent,5,clintox_tox_000682,False,False
clintox_tox,parent,5,clintox_tox_000689,True,True
clintox_tox,parent,5,clintox_tox_000720,True,True
clintox_tox,parent,5,clintox_tox_000730,True,True
clintox_tox,parent,5,clintox_tox_000737,False,False
clintox_tox,parent,5,clintox_tox_000768,False,False
clintox_tox,parent,5,clintox_tox_000772,True,True
clintox_tox,parent,5,clintox_tox_000780,True,True
clintox_tox,parent,5,clintox_tox_000781,True,True
clintox_tox,parent,5,clintox_tox_000801,True,True
clintox_tox,parent,5,clintox_tox_000846,False,False
clintox_tox,parent,5,clintox_tox_000853,True,True
clintox_tox,parent,5,clintox_tox_000855,True,True
clintox_tox,parent,5,clintox_tox_000856,True,True
clintox_tox,parent,5,clintox_tox_000921,False,False
clintox_tox,parent,5,clintox_tox_000930,False,False
clintox_tox,parent,5,clintox_tox_000973,True,True
clintox_tox,parent,5,clintox_tox_000994,True,True
clintox_tox,parent,5,clintox_tox_001027,False,False
clintox_tox,parent,5,clintox_tox_001039,True,True
clintox_tox,parent,5,clintox_tox_001097,True,True
clintox_tox,parent,5,clintox_tox_001098,True,True
clintox_tox,parent,5,clintox_tox_001149,False,False
clintox_tox,parent,5,clintox_tox_001151,True,True
clintox_tox,parent,5,clintox_tox_001162,False,False
clintox_tox,parent,5,clintox_tox_001174,True,True
clintox_tox,parent,5,clintox_tox_001196,False,False
clintox_tox,parent,5,clintox_tox_001222,True,True
clintox_tox,parent,5,clintox_tox_001268,True,True
clintox_tox,parent,5,clintox_tox_001302,False,False
clintox_tox,parent,5,clintox_tox_001304,True,True
clintox_tox,parent,5,clintox_tox_001328,False,False
clintox_tox,parent,5,clintox_tox_001358,True,True
clintox_tox,parent,5,clintox_tox_001382,True,True
clintox_tox,parent,5,clintox_tox_001385,True,True
clintox_tox,parent,5,clintox_tox_001405,False,False
clintox_tox,parent,5,clintox_tox_001409,False,False
clintox_tox,parent,5,clintox_tox_001414,True,True
clintox_tox,parent,5,clintox_tox_001419,True,True
clintox_tox,parent,5,clintox_tox_001425,True,True
clintox_tox,parent,5,clintox_tox_001427,True,True
clintox_tox,parent,5,clintox_tox_001456,True,True
clintox_tox,parent,5,clintox_tox_001465,False,False
clintox_tox,parent,5,clintox_tox_001466,True,True
clintox_fda,parent,5,clintox_fda_000012,False,False
clintox_fda,parent,5,clintox_fda_000013,False,False
clintox_fda,parent,5,clintox_fda_000075,False,False
clintox_fda,parent,5,clintox_fda_000105,True,True
clintox_fda,parent,5,clintox_fda_000111,False,False
clintox_fda,parent,5,clintox_fda_000140,False,False
clintox_fda,parent,5,clintox_fda_000142,True,True
clintox_fda,parent,5,clintox_fda_000243,True,True
clintox_fda,parent,5,clintox_fda_000272,True,True
clintox_fda,parent,5,clintox_fda_000472,False,False
clintox_fda,parent,5,clintox_fda_000504,True,True
clintox_fda,parent,5,clintox_fda_000509,True,True
clintox_fda,parent,5,clintox_fda_000510,True,True
clintox_fda,parent,5,clintox_fda_000514,True,True
clintox_fda,parent,5,clintox_fda_000515,False,False
clintox_fda,parent,5,clintox_fda_000539,False,False
clintox_fda,parent,5,clintox_fda_000601,True,True
clintox_fda,parent,5,clintox_fda_000616,True,True
clintox_fda,parent,5,clintox_fda_000629,True,True
clintox_fda,parent,5,clintox_fda_000667,True,True
clintox_fda,parent,5,clintox_fda_000682,False,False
clintox_fda,parent,5,clintox_fda_000689,True,True
clintox_fda,parent,5,clintox_fda_000720,True,True
clintox_fda,parent,5,clintox_fda_000730,True,True
clintox_fda,parent,5,clintox_fda_000737,False,False
clintox_fda,parent,5,clintox_fda_000768,False,False
clintox_fda,parent,5,clintox_fda_000772,True,True
clintox_fda,parent,5,clintox_fda_000780,True,True
clintox_fda,parent,5,clintox_fda_000781,True,True
clintox_fda,parent,5,clintox_fda_000801,True,True
clintox_fda,parent,5,clintox_fda_000846,False,False
clintox_fda,parent,5,clintox_fda_000853,True,True
clintox_fda,parent,5,clintox_fda_000855,True,True
clintox_fda,parent,5,clintox_fda_000856,True,True
clintox_fda,parent,5,clintox_fda_000921,False,False
clintox_fda,parent,5,clintox_fda_000930,False,False
clintox_fda,parent,5,clintox_fda_000973,True,True
clintox_fda,parent,5,clintox_fda_000994,True,True
clintox_fda,parent,5,clintox_fda_001027,False,False
clintox_fda,parent,5,clintox_fda_001039,True,True
clintox_fda,parent,5,clintox_fda_001097,True,True
clintox_fda,parent,5,clintox_fda_001098,True,True
clintox_fda,parent,5,clintox_fda_001149,False,False
clintox_fda,parent,5,clintox_fda_001151,True,True
clintox_fda,parent,5,clintox_fda_001162,False,False
clintox_fda,parent,5,clintox_fda_001174,True,True
clintox_fda,parent,5,clintox_fda_001196,False,False
clintox_fda,parent,5,clintox_fda_001222,True,True
clintox_fda,parent,5,clintox_fda_001268,True,True
clintox_fda,parent,5,clintox_fda_001302,False,False
clintox_fda,parent,5,clintox_fda_001304,True,True
clintox_fda,parent,5,clintox_fda_001328,False,False
clintox_fda,parent,5,clintox_fda_001358,True,True
clintox_fda,parent,5,clintox_fda_001382,True,True
clintox_fda,parent,5,clintox_fda_001385,True,True
clintox_fda,parent,5,clintox_fda_001405,False,False
clintox_fda,parent,5,clintox_fda_001409,False,False
clintox_fda,parent,5,clintox_fda_001414,True,True
clintox_fda,parent,5,clintox_fda_001419,True,True
clintox_fda,parent,5,clintox_fda_001425,True,True
clintox_fda,parent,5,clintox_fda_001427,True,True
clintox_fda,parent,5,clintox_fda_001456,True,True
clintox_fda,parent,5,clintox_fda_001465,False,False
clintox_fda,parent,5,clintox_fda_001466,True,True
tox21_ahr,parent,5,tox21_ahr_000077,False,False
tox21_ahr,parent,5,tox21_ahr_000090,False,False
tox21_ahr,parent,5,tox21_ahr_000163,False,False
tox21_ahr,parent,5,tox21_ahr_000263,False,False
tox21_ahr,parent,5,tox21_ahr_000522,False,False
tox21_ahr,parent,5,tox21_ahr_000539,False,False
tox21_ahr,parent,5,tox21_ahr_000700,False,False
tox21_ahr,parent,5,tox21_ahr_000941,False,False
tox21_ahr,parent,5,tox21_ahr_001039,False,False
tox21_ahr,parent,5,tox21_ahr_001100,False,False
tox21_ahr,parent,5,tox21_ahr_001351,False,False
tox21_ahr,parent,5,tox21_ahr_001435,False,False
tox21_ahr,parent,5,tox21_ahr_001518,False,False
tox21_ahr,parent,5,tox21_ahr_001533,False,False
tox21_ahr,parent,5,tox21_ahr_001570,False,False
tox21_ahr,parent,5,tox21_ahr_001713,False,False
tox21_ahr,parent,5,tox21_ahr_001953,False,False
tox21_ahr,parent,5,tox21_ahr_002112,False,False
tox21_ahr,parent,5,tox21_ahr_002261,False,False
tox21_ahr,parent,5,tox21_ahr_002325,False,False
tox21_ahr,parent,5,tox21_ahr_002398,False,False
tox21_ahr,parent,5,tox21_ahr_002466,False,False
tox21_ahr,parent,5,tox21_ahr_002504,False,False
tox21_ahr,parent,5,tox21_ahr_002528,False,False
tox21_ahr,parent,5,tox21_ahr_002650,False,False
tox21_ahr,parent,5,tox21_ahr_002854,False,False
tox21_ahr,parent,5,tox21_ahr_002881,True,True
tox21_ahr,parent,5,tox21_ahr_003052,False,False
tox21_ahr,parent,5,tox21_ahr_003077,False,False
tox21_ahr,parent,5,tox21_ahr_003216,False,False
tox21_ahr,parent,5,tox21_ahr_003384,False,False
tox21_ahr,parent,5,tox21_ahr_003399,False,False
tox21_ahr,parent,5,tox21_ahr_003699,False,False
tox21_ahr,parent,5,tox21_ahr_003702,False,False
tox21_ahr,parent,5,tox21_ahr_003981,False,False
tox21_ahr,parent,5,tox21_ahr_004033,False,False
tox21_ahr,parent,5,tox21_ahr_004067,False,False
tox21_ahr,parent,5,tox21_ahr_004181,False,False
tox21_ahr,parent,5,tox21_ahr_004313,False,False
tox21_ahr,parent,5,tox21_ahr_004350,False,False
tox21_ahr,parent,5,tox21_ahr_004633,False,False
tox21_ahr,parent,5,tox21_ahr_004870,False,False
tox21_ahr,parent,5,tox21_ahr_004893,False,False
tox21_ahr,parent,5,tox21_ahr_004981,False,False
tox21_ahr,parent,5,tox21_ahr_005080,False,False
tox21_ahr,parent,5,tox21_ahr_005165,False,False
tox21_ahr,parent,5,tox21_ahr_005644,False,False
tox21_ahr,parent,5,tox21_ahr_005694,False,False
tox21_ahr,parent,5,tox21_ahr_005731,False,False
tox21_ahr,parent,5,tox21_ahr_005755,False,False
tox21_ahr,parent,5,tox21_ahr_005965,False,False
tox21_ahr,parent,5,tox21_ahr_006010,False,False
tox21_ahr,parent,5,tox21_ahr_006150,False,False
tox21_ahr,parent,5,tox21_ahr_006434,False,False
tox21_ahr,parent,5,tox21_ahr_006514,False,False
tox21_ahr,parent,5,tox21_ahr_006516,False,False
tox21_ahr,parent,5,tox21_ahr_006966,False,False
tox21_ahr,parent,5,tox21_ahr_007283,False,False
tox21_ahr,parent,5,tox21_ahr_007351,False,False
tox21_ahr,parent,5,tox21_ahr_007355,False,False
tox21_ahr,parent,5,tox21_ahr_007436,False,False
tox21_ahr,parent,5,tox21_ahr_007562,False,False
tox21_ahr,parent,5,tox21_ahr_007744,False,False
tox21_ahr,parent,5,tox21_ahr_007763,False,False
tox21_are,parent,5,tox21_are_000143,True,True
tox21_are,parent,5,tox21_are_000163,False,False
tox21_are,parent,5,tox21_are_000263,False,False
tox21_are,parent,5,tox21_are_000522,False,False
tox21_are,parent,5,tox21_are_000782,False,False
tox21_are,parent,5,tox21_are_000941,False,False
tox21_are,parent,5,tox21_are_001013,False,False
tox21_are,parent,5,tox21_are_001039,False,False
tox21_are,parent,5,tox21_are_001100,False,False
tox21_are,parent,5,tox21_are_001278,False,False
tox21_are,parent,5,tox21_are_001340,False,False
tox21_are,parent,5,tox21_are_001351,False,False
tox21_are,parent,5,tox21_are_001404,False,False
tox21_are,parent,5,tox21_are_001460,False,False
tox21_are,parent,5,tox21_are_001570,False,False
tox21_are,parent,5,tox21_are_001732,False,False
tox21_are,parent,5,tox21_are_001789,False,False
tox21_are,parent,5,tox21_are_001826,False,False
tox21_are,parent,5,tox21_are_001953,False,False
tox21_are,parent,5,tox21_are_001968,True,True
tox21_are,parent,5,tox21_are_002218,False,False
tox21_are,parent,5,tox21_are_002398,False,False
tox21_are,parent,5,tox21_are_002466,False,False
tox21_are,parent,5,tox21_are_002488,False,False
tox21_are,parent,5,tox21_are_002504,False,False
tox21_are,parent,5,tox21_are_002528,False,False
tox21_are,parent,5,tox21_are_002641,False,False
tox21_are,parent,5,tox21_are_002650,False,False
tox21_are,parent,5,tox21_are_002854,False,False
tox21_are,parent,5,tox21_are_002910,False,False
tox21_are,parent,5,tox21_are_003052,False,False
tox21_are,parent,5,tox21_are_003384,False,False
tox21_are,parent,5,tox21_are_003398,False,False
tox21_are,parent,5,tox21_are_004033,False,False
tox21_are,parent,5,tox21_are_004067,False,False
tox21_are,parent,5,tox21_are_004162,False,False
tox21_are,parent,5,tox21_are_004181,False,False
tox21_are,parent,5,tox21_are_004350,False,False
tox21_are,parent,5,tox21_are_004435,False,False
tox21_are,parent,5,tox21_are_004690,False,False
tox21_are,parent,5,tox21_are_004851,False,False
tox21_are,parent,5,tox21_are_004928,False,False
tox21_are,parent,5,tox21_are_005080,False,False
tox21_are,parent,5,tox21_are_005285,False,False
tox21_are,parent,5,tox21_are_005415,False,False
tox21_are,parent,5,tox21_are_005560,False,False
tox21_are,parent,5,tox21_are_005644,False,False
tox21_are,parent,5,tox21_are_005740,False,False
tox21_are,parent,5,tox21_are_005755,False,False
tox21_are,parent,5,tox21_are_006150,False,False
tox21_are,parent,5,tox21_are_006192,False,False
tox21_are,parent,5,tox21_are_006514,False,False
tox21_are,parent,5,tox21_are_006536,False,False
tox21_are,parent,5,tox21_are_006630,False,False
tox21_are,parent,5,tox21_are_006649,False,False
tox21_are,parent,5,tox21_are_006850,False,False
tox21_are,parent,5,tox21_are_006924,False,False
tox21_are,parent,5,tox21_are_007279,False,False
tox21_are,parent,5,tox21_are_007283,False,False
tox21_are,parent,5,tox21_are_007346,False,False
tox21_are,parent,5,tox21_are_007355,False,False
tox21_are,parent,5,tox21_are_007436,False,False
tox21_are,parent,5,tox21_are_007744,False,False
tox21_are,parent,5,tox21_are_007763,False,False
tox21_mmp,parent,5,tox21_mmp_000077,False,False
tox21_mmp,parent,5,tox21_mmp_000090,False,False
tox21_mmp,parent,5,tox21_mmp_000143,True,True
tox21_mmp,parent,5,tox21_mmp_000213,False,False
tox21_mmp,parent,5,tox21_mmp_000263,False,False
tox21_mmp,parent,5,tox21_mmp_000420,True,True
tox21_mmp,parent,5,tox21_mmp_000522,False,False
tox21_mmp,parent,5,tox21_mmp_000782,False,False
tox21_mmp,parent,5,tox21_mmp_001351,False,False
tox21_mmp,parent,5,tox21_mmp_001404,False,False
tox21_mmp,parent,5,tox21_mmp_001533,False,False
tox21_mmp,parent,5,tox21_mmp_001570,False,False
tox21_mmp,parent,5,tox21_mmp_001713,False,False
tox21_mmp,parent,5,tox21_mmp_001732,False,False
tox21_mmp,parent,5,tox21_mmp_001953,False,False
tox21_mmp,parent,5,tox21_mmp_001957,False,False
tox21_mmp,parent,5,tox21_mmp_001968,True,True
tox21_mmp,parent,5,tox21_mmp_002030,False,False
tox21_mmp,parent,5,tox21_mmp_002080,False,False
tox21_mmp,parent,5,tox21_mmp_002112,False,False
tox21_mmp,parent,5,tox21_mmp_002145,False,False
tox21_mmp,parent,5,tox21_mmp_002312,False,False
tox21_mmp,parent,5,tox21_mmp_002398,False,False
tox21_mmp,parent,5,tox21_mmp_002466,False,False
tox21_mmp,parent,5,tox21_mmp_002488,False,False
tox21_mmp,parent,5,tox21_mmp_002504,False,False
tox21_mmp,parent,5,tox21_mmp_002528,False,False
tox21_mmp,parent,5,tox21_mmp_002562,False,False
tox21_mmp,parent,5,tox21_mmp_002650,False,False
tox21_mmp,parent,5,tox21_mmp_002881,True,True
tox21_mmp,parent,5,tox21_mmp_002986,False,False
tox21_mmp,parent,5,tox21_mmp_003077,False,False
tox21_mmp,parent,5,tox21_mmp_003376,False,False
tox21_mmp,parent,5,tox21_mmp_003398,False,False
tox21_mmp,parent,5,tox21_mmp_003927,False,False
tox21_mmp,parent,5,tox21_mmp_004033,False,False
tox21_mmp,parent,5,tox21_mmp_004067,False,False
tox21_mmp,parent,5,tox21_mmp_004135,False,False
tox21_mmp,parent,5,tox21_mmp_004162,False,False
tox21_mmp,parent,5,tox21_mmp_004181,False,False
tox21_mmp,parent,5,tox21_mmp_004350,False,False
tox21_mmp,parent,5,tox21_mmp_004435,False,False
tox21_mmp,parent,5,tox21_mmp_004633,False,False
tox21_mmp,parent,5,tox21_mmp_004690,False,False
tox21_mmp,parent,5,tox21_mmp_004752,False,False
tox21_mmp,parent,5,tox21_mmp_004851,False,False
tox21_mmp,parent,5,tox21_mmp_004870,False,False
tox21_mmp,parent,5,tox21_mmp_005080,False,False
tox21_mmp,parent,5,tox21_mmp_005165,False,False
tox21_mmp,parent,5,tox21_mmp_005228,True,True
tox21_mmp,parent,5,tox21_mmp_005288,False,False
tox21_mmp,parent,5,tox21_mmp_005644,False,False
tox21_mmp,parent,5,tox21_mmp_005755,False,False
tox21_mmp,parent,5,tox21_mmp_005965,False,False
tox21_mmp,parent,5,tox21_mmp_006150,False,False
tox21_mmp,parent,5,tox21_mmp_006434,False,False
tox21_mmp,parent,5,tox21_mmp_006649,False,False
tox21_mmp,parent,5,tox21_mmp_007287,False,False
tox21_mmp,parent,5,tox21_mmp_007355,False,False
tox21_mmp,parent,5,tox21_mmp_007436,False,False
tox21_mmp,parent,5,tox21_mmp_007562,False,False
tox21_mmp,parent,5,tox21_mmp_007744,False,False
tox21_mmp,parent,5,tox21_mmp_007763,False,False
tox21_mmp,parent,5,tox21_mmp_007793,False,False
sider_gastro,parent,5,sider_gastro_000021,False,False
sider_gastro,parent,5,sider_gastro_000030,False,False
sider_gastro,parent,5,sider_gastro_000040,False,False
sider_gastro,parent,5,sider_gastro_000055,False,False
sider_gastro,parent,5,sider_gastro_000067,False,False
sider_gastro,parent,5,sider_gastro_000105,False,False
sider_gastro,parent,5,sider_gastro_000112,False,False
sider_gastro,parent,5,sider_gastro_000137,False,False
sider_gastro,parent,5,sider_gastro_000169,False,False
sider_gastro,parent,5,sider_gastro_000170,False,False
sider_gastro,parent,5,sider_gastro_000194,False,False
sider_gastro,parent,5,sider_gastro_000235,False,False
sider_gastro,parent,5,sider_gastro_000244,False,False
sider_gastro,parent,5,sider_gastro_000297,False,False
sider_gastro,parent,5,sider_gastro_000298,False,False
sider_gastro,parent,5,sider_gastro_000370,False,False
sider_gastro,parent,5,sider_gastro_000386,False,False
sider_gastro,parent,5,sider_gastro_000387,False,False
sider_gastro,parent,5,sider_gastro_000392,True,True
sider_gastro,parent,5,sider_gastro_000394,False,False
sider_gastro,parent,5,sider_gastro_000429,False,False
sider_gastro,parent,5,sider_gastro_000430,False,False
sider_gastro,parent,5,sider_gastro_000438,False,False
sider_gastro,parent,5,sider_gastro_000472,False,False
sider_gastro,parent,5,sider_gastro_000515,False,False
sider_gastro,parent,5,sider_gastro_000550,False,False
sider_gastro,parent,5,sider_gastro_000564,False,False
sider_gastro,parent,5,sider_gastro_000578,False,False
sider_gastro,parent,5,sider_gastro_000591,False,False
sider_gastro,parent,5,sider_gastro_000616,False,False
sider_gastro,parent,5,sider_gastro_000624,False,False
sider_gastro,parent,5,sider_gastro_000645,False,False
sider_gastro,parent,5,sider_gastro_000650,False,False
sider_gastro,parent,5,sider_gastro_000651,False,False
sider_gastro,parent,5,sider_gastro_000659,False,False
sider_gastro,parent,5,sider_gastro_000728,False,False
sider_gastro,parent,5,sider_gastro_000834,False,False
sider_gastro,parent,5,sider_gastro_000864,False,False
sider_gastro,parent,5,sider_gastro_000869,False,False
sider_gastro,parent,5,sider_gastro_000890,True,True
sider_gastro,parent,5,sider_gastro_000918,False,False
sider_gastro,parent,5,sider_gastro_000963,False,False
sider_gastro,parent,5,sider_gastro_000968,False,False
sider_gastro,parent,5,sider_gastro_000970,True,True
sider_gastro,parent,5,sider_gastro_000985,False,False
sider_gastro,parent,5,sider_gastro_001008,False,False
sider_gastro,parent,5,sider_gastro_001011,False,False
sider_gastro,parent,5,sider_gastro_001041,False,False
sider_gastro,parent,5,sider_gastro_001083,False,False
sider_gastro,parent,5,sider_gastro_001088,False,False
sider_gastro,parent,5,sider_gastro_001116,False,False
sider_gastro,parent,5,sider_gastro_001117,False,False
sider_gastro,parent,5,sider_gastro_001166,False,False
sider_gastro,parent,5,sider_gastro_001199,True,True
sider_gastro,parent,5,sider_gastro_001200,False,False
sider_gastro,parent,5,sider_gastro_001204,False,False
sider_gastro,parent,5,sider_gastro_001216,False,False
sider_gastro,parent,5,sider_gastro_001224,False,False
sider_gastro,parent,5,sider_gastro_001225,False,False
sider_gastro,parent,5,sider_gastro_001242,False,False
sider_gastro,parent,5,sider_gastro_001270,False,False
sider_gastro,parent,5,sider_gastro_001278,False,False
sider_gastro,parent,5,sider_gastro_001339,True,True
sider_gastro,parent,5,sider_gastro_001422,True,True
bace,parent,20,bace_000049,True,True
bace,parent,20,bace_000050,False,False
bace,parent,20,bace_000066,True,True
bace,parent,20,bace_000072,True,True
bace,parent,20,bace_000133,True,True
bace,parent,20,bace_000188,True,True
bace,parent,20,bace_000192,False,False
bace,parent,20,bace_000198,False,False
bace,parent,20,bace_000203,False,False
bace,parent,20,bace_000271,True,True
bace,parent,20,bace_000277,True,True
bace,parent,20,bace_000401,True,True
bace,parent,20,bace_000446,True,True
bace,parent,20,bace_000450,True,True
bace,parent,20,bace_000453,True,True
bace,parent,20,bace_000461,True,True
bace,parent,20,bace_000464,False,False
bace,parent,20,bace_000511,True,True
bace,parent,20,bace_000526,False,False
bace,parent,20,bace_000534,False,False
bace,parent,20,bace_000547,False,False
bace,parent,20,bace_000548,False,False
bace,parent,20,bace_000599,True,True
bace,parent,20,bace_000602,False,False
bace,parent,20,bace_000605,True,True
bace,parent,20,bace_000642,True,True
bace,parent,20,bace_000646,True,True
bace,parent,20,bace_000653,True,True
bace,parent,20,bace_000735,True,True
bace,parent,20,bace_000778,True,True
bace,parent,20,bace_000789,True,True
bace,parent,20,bace_000796,False,False
bace,parent,20,bace_000820,False,False
bace,parent,20,bace_000827,True,True
bace,parent,20,bace_000833,False,False
bace,parent,20,bace_000838,True,True
bace,parent,20,bace_000886,True,True
bace,parent,20,bace_000887,True,True
bace,parent,20,bace_000896,True,True
bace,parent,20,bace_000901,True,True
bace,parent,20,bace_000907,False,False
bace,parent,20,bace_000915,True,True
bace,parent,20,bace_000941,False,False
bace,parent,20,bace_000950,True,True
bace,parent,20,bace_000973,True,True
bace,parent,20,bace_000977,True,True
bace,parent,20,bace_000988,True,True
bace,parent,20,bace_000994,True,True
bace,parent,20,bace_001029,False,False
bace,parent,20,bace_001075,True,True
bace,parent,20,bace_001085,True,True
bace,parent,20,bace_001126,True,True
bace,parent,20,bace_001289,True,True
bace,parent,20,bace_001332,False,False
bace,parent,20,bace_001334,True,True
bace,parent,20,bace_001338,True,True
bace,parent,20,bace_001339,True,True
bace,parent,20,bace_001341,False,False
bace,parent,20,bace_001348,False,False
bace,parent,20,bace_001375,False,False
bace,parent,20,bace_001382,True,True
bace,parent,20,bace_001388,False,False
bace,parent,20,bace_001432,True,True
bace,parent,20,bace_001433,False,False
bbbp,parent,20,bbbp_000019,False,False
bbbp,parent,20,bbbp_000023,False,False
bbbp,parent,20,bbbp_000035,False,False
bbbp,parent,20,bbbp_000102,False,False
bbbp,parent,20,bbbp_000108,True,True
bbbp,parent,20,bbbp_000132,True,True
bbbp,parent,20,bbbp_000215,False,False
bbbp,parent,20,bbbp_000234,False,False
bbbp,parent,20,bbbp_000254,False,False
bbbp,parent,20,bbbp_000382,False,False
bbbp,parent,20,bbbp_000416,False,False
bbbp,parent,20,bbbp_000418,False,False
bbbp,parent,20,bbbp_000428,False,False
bbbp,parent,20,bbbp_000440,False,False
bbbp,parent,20,bbbp_000445,False,False
bbbp,parent,20,bbbp_000456,False,False
bbbp,parent,20,bbbp_000540,False,False
bbbp,parent,20,bbbp_000558,False,False
bbbp,parent,20,bbbp_000565,False,False
bbbp,parent,20,bbbp_000609,False,False
bbbp,parent,20,bbbp_000631,False,False
bbbp,parent,20,bbbp_000710,False,False
bbbp,parent,20,bbbp_000727,False,False
bbbp,parent,20,bbbp_000754,False,False
bbbp,parent,20,bbbp_000757,False,False
bbbp,parent,20,bbbp_000764,False,False
bbbp,parent,20,bbbp_000765,False,False
bbbp,parent,20,bbbp_000766,False,False
bbbp,parent,20,bbbp_000769,False,False
bbbp,parent,20,bbbp_000778,False,False
bbbp,parent,20,bbbp_000785,False,False
bbbp,parent,20,bbbp_000789,False,False
bbbp,parent,20,bbbp_000790,True,True
bbbp,parent,20,bbbp_000793,False,False
bbbp,parent,20,bbbp_000834,False,False
bbbp,parent,20,bbbp_000884,False,False
bbbp,parent,20,bbbp_000939,False,False
bbbp,parent,20,bbbp_000948,False,False
bbbp,parent,20,bbbp_000949,True,True
bbbp,parent,20,bbbp_000960,False,False
bbbp,parent,20,bbbp_000980,False,False
bbbp,parent,20,bbbp_000991,False,False
bbbp,parent,20,bbbp_001011,False,False
bbbp,parent,20,bbbp_001031,False,False
bbbp,parent,20,bbbp_001099,False,False
bbbp,parent,20,bbbp_001195,False,False
bbbp,parent,20,bbbp_001210,True,True
bbbp,parent,20,bbbp_001214,False,False
bbbp,parent,20,bbbp_001215,False,False
bbbp,parent,20,bbbp_001261,False,False
bbbp,parent,20,bbbp_001304,False,False
bbbp,parent,20,bbbp_001410,False,False
bbbp,parent,20,bbbp_001510,False,False
bbbp,parent,20,bbbp_001534,False,False
bbbp,parent,20,bbbp_001614,False,False
bbbp,parent,20,bbbp_001653,False,False
bbbp,parent,20,bbbp_001666,False,False
bbbp,parent,20,bbbp_001669,False,False
bbbp,parent,20,bbbp_001746,False,False
bbbp,parent,20,bbbp_001824,False,False
bbbp,parent,20,bbbp_001940,False,False
bbbp,parent,20,bbbp_001972,False,False
bbbp,parent,20,bbbp_001976,False,False
bbbp,parent,20,bbbp_001987,False,False
hiv,parent,20,hiv_000869,True,True
hiv,parent,20,hiv_001867,False,False
hiv,parent,20,hiv_003725,False,False
hiv,parent,20,hiv_004967,False,False
hiv,parent,20,hiv_006031,False,False
hiv,parent,20,hiv_006397,False,False
hiv,parent,20,hiv_006980,False,False
hiv,parent,20,hiv_008689,False,False
hiv,parent,20,hiv_008823,False,False
hiv,parent,20,hiv_009973,False,False
hiv,parent,20,hiv_010574,False,False
hiv,parent,20,hiv_010628,False,False
hiv,parent,20,hiv_011881,False,False
hiv,parent,20,hiv_014912,False,False
hiv,parent,20,hiv_015133,False,False
hiv,parent,20,hiv_015217,False,False
hiv,parent,20,hiv_017279,False,False
hiv,parent,20,hiv_018157,False,False
hiv,parent,20,hiv_018424,False,False
hiv,parent,20,hiv_021400,False,False
hiv,parent,20,hiv_021411,False,False
hiv,parent,20,hiv_021799,True,True
hiv,parent,20,hiv_023845,False,False
hiv,parent,20,hiv_023853,False,False
hiv,parent,20,hiv_024392,True,True
hiv,parent,20,hiv_024570,False,False
hiv,parent,20,hiv_024965,False,False
hiv,parent,20,hiv_025008,True,True
hiv,parent,20,hiv_025261,False,False
hiv,parent,20,hiv_025430,False,False
hiv,parent,20,hiv_026188,False,False
hiv,parent,20,hiv_026189,False,False
hiv,parent,20,hiv_026376,False,False
hiv,parent,20,hiv_026480,False,False
hiv,parent,20,hiv_026749,False,False
hiv,parent,20,hiv_026976,False,False
hiv,parent,20,hiv_026977,False,False
hiv,parent,20,hiv_027026,False,False
hiv,parent,20,hiv_027027,False,False
hiv,parent,20,hiv_027339,True,True
hiv,parent,20,hiv_027768,True,True
hiv,parent,20,hiv_027811,False,False
hiv,parent,20,hiv_030283,False,False
hiv,parent,20,hiv_030370,False,False
hiv,parent,20,hiv_031319,True,True
hiv,parent,20,hiv_031649,False,False
hiv,parent,20,hiv_032398,True,True
hiv,parent,20,hiv_033191,False,False
hiv,parent,20,hiv_034246,False,False
hiv,parent,20,hiv_035211,False,False
hiv,parent,20,hiv_035521,False,False
hiv,parent,20,hiv_037153,False,False
hiv,parent,20,hiv_037566,False,False
hiv,parent,20,hiv_038351,False,False
hiv,parent,20,hiv_038804,False,False
hiv,parent,20,hiv_039179,False,False
hiv,parent,20,hiv_039675,False,False
hiv,parent,20,hiv_040229,False,False
hiv,parent,20,hiv_040254,False,False
hiv,parent,20,hiv_040790,False,False
hiv,parent,20,hiv_040800,False,False
hiv,parent,20,hiv_040803,False,False
hiv,parent,20,hiv_040861,False,False
hiv,parent,20,hiv_041093,False,False
clintox_tox,parent,20,clintox_tox_000012,False,False
clintox_tox,parent,20,clintox_tox_000013,False,False
clintox_tox,parent,20,clintox_tox_000075,False,False
clintox_tox,parent,20,clintox_tox_000105,True,True
clintox_tox,parent,20,clintox_tox_000111,False,False
clintox_tox,parent,20,clintox_tox_000140,False,False
clintox_tox,parent,20,clintox_tox_000142,True,True
clintox_tox,parent,20,clintox_tox_000243,True,True
clintox_tox,parent,20,clintox_tox_000272,True,True
clintox_tox,parent,20,clintox_tox_000472,False,False
clintox_tox,parent,20,clintox_tox_000504,True,True
clintox_tox,parent,20,clintox_tox_000509,True,True
clintox_tox,parent,20,clintox_tox_000510,True,True
clintox_tox,parent,20,clintox_tox_000514,True,True
clintox_tox,parent,20,clintox_tox_000515,False,False
clintox_tox,parent,20,clintox_tox_000539,False,False
clintox_tox,parent,20,clintox_tox_000601,True,True
clintox_tox,parent,20,clintox_tox_000616,True,True
clintox_tox,parent,20,clintox_tox_000629,True,True
clintox_tox,parent,20,clintox_tox_000667,True,True
clintox_tox,parent,20,clintox_tox_000682,False,False
clintox_tox,parent,20,clintox_tox_000689,True,True
clintox_tox,parent,20,clintox_tox_000720,True,True
clintox_tox,parent,20,clintox_tox_000730,True,True
clintox_tox,parent,20,clintox_tox_000737,False,False
clintox_tox,parent,20,clintox_tox_000768,False,False
clintox_tox,parent,20,clintox_tox_000772,True,True
clintox_tox,parent,20,clintox_tox_000780,True,True
clintox_tox,parent,20,clintox_tox_000781,True,True
clintox_tox,parent,20,clintox_tox_000801,True,True
clintox_tox,parent,20,clintox_tox_000846,False,False
clintox_tox,parent,20,clintox_tox_000853,True,True
clintox_tox,parent,20,clintox_tox_000855,True,True
clintox_tox,parent,20,clintox_tox_000856,True,True
clintox_tox,parent,20,clintox_tox_000921,False,False
clintox_tox,parent,20,clintox_tox_000930,False,False
clintox_tox,parent,20,clintox_tox_000973,True,True
clintox_tox,parent,20,clintox_tox_000994,True,True
clintox_tox,parent,20,clintox_tox_001027,False,False
clintox_tox,parent,20,clintox_tox_001039,True,True
clintox_tox,parent,20,clintox_tox_001097,True,True
clintox_tox,parent,20,clintox_tox_001098,True,True
clintox_tox,parent,20,clintox_tox_001149,False,False
clintox_tox,parent,20,clintox_tox_001151,True,True
clintox_tox,parent,20,clintox_tox_001162,False,False
clintox_tox,parent,20,clintox_tox_001174,True,True
clintox_tox,parent,20,clintox_tox_001196,False,False
clintox_tox,parent,20,clintox_tox_001222,True,True
clintox_tox,parent,20,clintox_tox_001268,True,True
clintox_tox,parent,20,clintox_tox_001302,False,False
clintox_tox,parent,20,clintox_tox_001304,True,True
clintox_tox,parent,20,clintox_tox_001328,False,False
clintox_tox,parent,20,clintox_tox_001358,True,True
clintox_tox,parent,20,clintox_tox_001382,True,True
clintox_tox,parent,20,clintox_tox_001385,True,True
clintox_tox,parent,20,clintox_tox_001405,False,False
clintox_tox,parent,20,clintox_tox_001409,False,False
clintox_tox,parent,20,clintox_tox_001414,True,True
clintox_tox,parent,20,clintox_tox_001419,True,True
clintox_tox,parent,20,clintox_tox_001425,True,True
clintox_tox,parent,20,clintox_tox_001427,True,True
clintox_tox,parent,20,clintox_tox_001456,True,True
clintox_tox,parent,20,clintox_tox_001465,False,False
clintox_tox,parent,20,clintox_tox_001466,True,True
clintox_fda,parent,20,clintox_fda_000012,False,False
clintox_fda,parent,20,clintox_fda_000013,False,False
clintox_fda,parent,20,clintox_fda_000075,False,False
clintox_fda,parent,20,clintox_fda_000105,True,True
clintox_fda,parent,20,clintox_fda_000111,False,False
clintox_fda,parent,20,clintox_fda_000140,False,False
clintox_fda,parent,20,clintox_fda_000142,True,True
clintox_fda,parent,20,clintox_fda_000243,True,True
clintox_fda,parent,20,clintox_fda_000272,True,True
clintox_fda,parent,20,clintox_fda_000472,False,False
clintox_fda,parent,20,clintox_fda_000504,True,True
clintox_fda,parent,20,clintox_fda_000509,True,True
clintox_fda,parent,20,clintox_fda_000510,True,True
clintox_fda,parent,20,clintox_fda_000514,True,True
clintox_fda,parent,20,clintox_fda_000515,False,False
clintox_fda,parent,20,clintox_fda_000539,False,False
clintox_fda,parent,20,clintox_fda_000601,True,True
clintox_fda,parent,20,clintox_fda_000616,True,True
clintox_fda,parent,20,clintox_fda_000629,True,True
clintox_fda,parent,20,clintox_fda_000667,True,True
clintox_fda,parent,20,clintox_fda_000682,False,False
clintox_fda,parent,20,clintox_fda_000689,True,True
clintox_fda,parent,20,clintox_fda_000720,True,True
clintox_fda,parent,20,clintox_fda_000730,True,True
clintox_fda,parent,20,clintox_fda_000737,False,False
clintox_fda,parent,20,clintox_fda_000768,False,False
clintox_fda,parent,20,clintox_fda_000772,True,True
clintox_fda,parent,20,clintox_fda_000780,True,True
clintox_fda,parent,20,clintox_fda_000781,True,True
clintox_fda,parent,20,clintox_fda_000801,True,True
clintox_fda,parent,20,clintox_fda_000846,False,False
clintox_fda,parent,20,clintox_fda_000853,True,True
clintox_fda,parent,20,clintox_fda_000855,True,True
clintox_fda,parent,20,clintox_fda_000856,True,True
clintox_fda,parent,20,clintox_fda_000921,False,False
clintox_fda,parent,20,clintox_fda_000930,False,False
clintox_fda,parent,20,clintox_fda_000973,True,True
clintox_fda,parent,20,clintox_fda_000994,True,True
clintox_fda,parent,20,clintox_fda_001027,False,False
clintox_fda,parent,20,clintox_fda_001039,True,True
clintox_fda,parent,20,clintox_fda_001097,True,True
clintox_fda,parent,20,clintox_fda_001098,True,True
clintox_fda,parent,20,clintox_fda_001149,False,False
clintox_fda,parent,20,clintox_fda_001151,True,True
clintox_fda,parent,20,clintox_fda_001162,False,False
clintox_fda,parent,20,clintox_fda_001174,True,True
clintox_fda,parent,20,clintox_fda_001196,False,False
clintox_fda,parent,20,clintox_fda_001222,True,True
clintox_fda,parent,20,clintox_fda_001268,True,True
clintox_fda,parent,20,clintox_fda_001302,False,False
clintox_fda,parent,20,clintox_fda_001304,True,True
clintox_fda,parent,20,clintox_fda_001328,False,False
clintox_fda,parent,20,clintox_fda_001358,True,True
clintox_fda,parent,20,clintox_fda_001382,True,True
clintox_fda,parent,20,clintox_fda_001385,True,True
clintox_fda,parent,20,clintox_fda_001405,False,False
clintox_fda,parent,20,clintox_fda_001409,False,False
clintox_fda,parent,20,clintox_fda_001414,True,True
clintox_fda,parent,20,clintox_fda_001419,True,True
clintox_fda,parent,20,clintox_fda_001425,True,True
clintox_fda,parent,20,clintox_fda_001427,True,True
clintox_fda,parent,20,clintox_fda_001456,True,True
clintox_fda,parent,20,clintox_fda_001465,False,False
clintox_fda,parent,20,clintox_fda_001466,True,True
tox21_ahr,parent,20,tox21_ahr_000077,False,False
tox21_ahr,parent,20,tox21_ahr_000090,False,False
tox21_ahr,parent,20,tox21_ahr_000163,False,False
tox21_ahr,parent,20,tox21_ahr_000263,False,False
tox21_ahr,parent,20,tox21_ahr_000522,False,False
tox21_ahr,parent,20,tox21_ahr_000539,False,False
tox21_ahr,parent,20,tox21_ahr_000700,False,False
tox21_ahr,parent,20,tox21_ahr_000941,False,False
tox21_ahr,parent,20,tox21_ahr_001039,False,False
tox21_ahr,parent,20,tox21_ahr_001100,False,False
tox21_ahr,parent,20,tox21_ahr_001351,False,False
tox21_ahr,parent,20,tox21_ahr_001435,False,False
tox21_ahr,parent,20,tox21_ahr_001518,False,False
tox21_ahr,parent,20,tox21_ahr_001533,False,False
tox21_ahr,parent,20,tox21_ahr_001570,False,False
tox21_ahr,parent,20,tox21_ahr_001713,False,False
tox21_ahr,parent,20,tox21_ahr_001953,False,False
tox21_ahr,parent,20,tox21_ahr_002112,False,False
tox21_ahr,parent,20,tox21_ahr_002261,False,False
tox21_ahr,parent,20,tox21_ahr_002325,False,False
tox21_ahr,parent,20,tox21_ahr_002398,False,False
tox21_ahr,parent,20,tox21_ahr_002466,False,False
tox21_ahr,parent,20,tox21_ahr_002504,False,False
tox21_ahr,parent,20,tox21_ahr_002528,False,False
tox21_ahr,parent,20,tox21_ahr_002650,False,False
tox21_ahr,parent,20,tox21_ahr_002854,False,False
tox21_ahr,parent,20,tox21_ahr_002881,True,True
tox21_ahr,parent,20,tox21_ahr_003052,False,False
tox21_ahr,parent,20,tox21_ahr_003077,False,False
tox21_ahr,parent,20,tox21_ahr_003216,False,False
tox21_ahr,parent,20,tox21_ahr_003384,False,False
tox21_ahr,parent,20,tox21_ahr_003399,False,False
tox21_ahr,parent,20,tox21_ahr_003699,False,False
tox21_ahr,parent,20,tox21_ahr_003702,False,False
tox21_ahr,parent,20,tox21_ahr_003981,False,False
tox21_ahr,parent,20,tox21_ahr_004033,False,False
tox21_ahr,parent,20,tox21_ahr_004067,False,False
tox21_ahr,parent,20,tox21_ahr_004181,False,False
tox21_ahr,parent,20,tox21_ahr_004313,False,False
tox21_ahr,parent,20,tox21_ahr_004350,False,False
tox21_ahr,parent,20,tox21_ahr_004633,False,False
tox21_ahr,parent,20,tox21_ahr_004870,False,False
tox21_ahr,parent,20,tox21_ahr_004893,False,False
tox21_ahr,parent,20,tox21_ahr_004981,False,False
tox21_ahr,parent,20,tox21_ahr_005080,False,False
tox21_ahr,parent,20,tox21_ahr_005165,False,False
tox21_ahr,parent,20,tox21_ahr_005644,False,False
tox21_ahr,parent,20,tox21_ahr_005694,False,False
tox21_ahr,parent,20,tox21_ahr_005731,False,False
tox21_ahr,parent,20,tox21_ahr_005755,False,False
tox21_ahr,parent,20,tox21_ahr_005965,False,False
tox21_ahr,parent,20,tox21_ahr_006010,False,False
tox21_ahr,parent,20,tox21_ahr_006150,False,False
tox21_ahr,parent,20,tox21_ahr_006434,False,False
tox21_ahr,parent,20,tox21_ahr_006514,False,False
tox21_ahr,parent,20,tox21_ahr_006516,False,False
tox21_ahr,parent,20,tox21_ahr_006966,False,False
tox21_ahr,parent,20,tox21_ahr_007283,False,False
tox21_ahr,parent,20,tox21_ahr_007351,False,False
tox21_ahr,parent,20,tox21_ahr_007355,False,False
tox21_ahr,parent,20,tox21_ahr_007436,False,False
tox21_ahr,parent,20,tox21_ahr_007562,False,False
tox21_ahr,parent,20,tox21_ahr_007744,False,False
tox21_ahr,parent,20,tox21_ahr_007763,False,False
tox21_are,parent,20,tox21_are_000143,True,True
tox21_are,parent,20,tox21_are_000163,False,False
tox21_are,parent,20,tox21_are_000263,False,False
tox21_are,parent,20,tox21_are_000522,False,False
tox21_are,parent,20,tox21_are_000782,False,False
tox21_are,parent,20,tox21_are_000941,False,False
tox21_are,parent,20,tox21_are_001013,False,False
tox21_are,parent,20,tox21_are_001039,False,False
tox21_are,parent,20,tox21_are_001100,False,False
tox21_are,parent,20,tox21_are_001278,False,False
tox21_are,parent,20,tox21_are_001340,False,False
tox21_are,parent,20,tox21_are_001351,False,False
tox21_are,parent,20,tox21_are_001404,False,False
tox21_are,parent,20,tox21_are_001460,False,False
tox21_are,parent,20,tox21_are_001570,False,False
tox21_are,parent,20,tox21_are_001732,False,False
tox21_are,parent,20,tox21_are_001789,False,False
tox21_are,parent,20,tox21_are_001826,False,False
tox21_are,parent,20,tox21_are_001953,False,False
tox21_are,parent,20,tox21_are_001968,True,True
tox21_are,parent,20,tox21_are_002218,False,False
tox21_are,parent,20,tox21_are_002398,False,False
tox21_are,parent,20,tox21_are_002466,False,False
tox21_are,parent,20,tox21_are_002488,False,False
tox21_are,parent,20,tox21_are_002504,False,False
tox21_are,parent,20,tox21_are_002528,False,False
tox21_are,parent,20,tox21_are_002641,False,False
tox21_are,parent,20,tox21_are_002650,False,False
tox21_are,parent,20,tox21_are_002854,False,False
tox21_are,parent,20,tox21_are_002910,False,False
tox21_are,parent,20,tox21_are_003052,False,False
tox21_are,parent,20,tox21_are_003384,False,False
tox21_are,parent,20,tox21_are_003398,False,False
tox21_are,parent,20,tox21_are_004033,False,False
tox21_are,parent,20,tox21_are_004067,False,False
tox21_are,parent,20,tox21_are_004162,False,False
tox21_are,parent,20,tox21_are_004181,False,False
tox21_are,parent,20,tox21_are_004350,False,False
tox21_are,parent,20,tox21_are_004435,False,False
tox21_are,parent,20,tox21_are_004690,False,False
tox21_are,parent,20,tox21_are_004851,False,False
tox21_are,parent,20,tox21_are_004928,False,False
tox21_are,parent,20,tox21_are_005080,False,False
tox21_are,parent,20,tox21_are_005285,False,False
tox21_are,parent,20,tox21_are_005415,False,False
tox21_are,parent,20,tox21_are_005560,False,False
tox21_are,parent,20,tox21_are_005644,False,False
tox21_are,parent,20,tox21_are_005740,False,False
tox21_are,parent,20,tox21_are_005755,False,False
tox21_are,parent,20,tox21_are_006150,False,False
tox21_are,parent,20,tox21_are_006192,False,False
tox21_are,parent,20,tox21_are_006514,False,False
tox21_are,parent,20,tox21_are_006536,False,False
tox21_are,parent,20,tox21_are_006630,False,False
tox21_are,parent,20,tox21_are_006649,False,False
tox21_are,parent,20,tox21_are_006850,False,False
tox21_are,parent,20,tox21_are_006924,False,False
tox21_are,parent,20,tox21_are_007279,False,False
tox21_are,parent,20,tox21_are_007283,False,False
tox21_are,parent,20,tox21_are_007346,False,False
tox21_are,parent,20,tox21_are_007355,False,False
tox21_are,parent,20,tox21_are_007436,False,False
tox21_are,parent,20,tox21_are_007744,False,False
tox21_are,parent,20,tox21_are_007763,False,False
tox21_mmp,parent,20,tox21_mmp_000077,False,False
tox21_mmp,parent,20,tox21_mmp_000090,False,False
tox21_mmp,parent,20,tox21_mmp_000143,True,True
tox21_mmp,parent,20,tox21_mmp_000213,False,False
tox21_mmp,parent,20,tox21_mmp_000263,False,False
tox21_mmp,parent,20,tox21_mmp_000420,True,True
tox21_mmp,parent,20,tox21_mmp_000522,False,False
tox21_mmp,parent,20,tox21_mmp_000782,False,False
tox21_mmp,parent,20,tox21_mmp_001351,False,False
tox21_mmp,parent,20,tox21_mmp_001404,False,False
tox21_mmp,parent,20,tox21_mmp_001533,False,False
tox21_mmp,parent,20,tox21_mmp_001570,False,False
tox21_mmp,parent,20,tox21_mmp_001713,False,False
tox21_mmp,parent,20,tox21_mmp_001732,False,False
tox21_mmp,parent,20,tox21_mmp_001953,False,False
tox21_mmp,parent,20,tox21_mmp_001957,False,False
tox21_mmp,parent,20,tox21_mmp_001968,True,True
tox21_mmp,parent,20,tox21_mmp_002030,False,False
tox21_mmp,parent,20,tox21_mmp_002080,False,False
tox21_mmp,parent,20,tox21_mmp_002112,False,False
tox21_mmp,parent,20,tox21_mmp_002145,False,False
tox21_mmp,parent,20,tox21_mmp_002312,False,False
tox21_mmp,parent,20,tox21_mmp_002398,False,False
tox21_mmp,parent,20,tox21_mmp_002466,False,False
tox21_mmp,parent,20,tox21_mmp_002488,False,False
tox21_mmp,parent,20,tox21_mmp_002504,False,False
tox21_mmp,parent,20,tox21_mmp_002528,False,False
tox21_mmp,parent,20,tox21_mmp_002562,False,False
tox21_mmp,parent,20,tox21_mmp_002650,False,False
tox21_mmp,parent,20,tox21_mmp_002881,True,True
tox21_mmp,parent,20,tox21_mmp_002986,False,False
tox21_mmp,parent,20,tox21_mmp_003077,False,False
tox21_mmp,parent,20,tox21_mmp_003376,False,False
tox21_mmp,parent,20,tox21_mmp_003398,False,False
tox21_mmp,parent,20,tox21_mmp_003927,False,False
tox21_mmp,parent,20,tox21_mmp_004033,False,False
tox21_mmp,parent,20,tox21_mmp_004067,False,False
tox21_mmp,parent,20,tox21_mmp_004135,False,False
tox21_mmp,parent,20,tox21_mmp_004162,False,False
tox21_mmp,parent,20,tox21_mmp_004181,False,False
tox21_mmp,parent,20,tox21_mmp_004350,False,False
tox21_mmp,parent,20,tox21_mmp_004435,False,False
tox21_mmp,parent,20,tox21_mmp_004633,False,False
tox21_mmp,parent,20,tox21_mmp_004690,False,False
tox21_mmp,parent,20,tox21_mmp_004752,False,False
tox21_mmp,parent,20,tox21_mmp_004851,False,False
tox21_mmp,parent,20,tox21_mmp_004870,False,False
tox21_mmp,parent,20,tox21_mmp_005080,False,False
tox21_mmp,parent,20,tox21_mmp_005165,False,False
tox21_mmp,parent,20,tox21_mmp_005228,True,True
tox21_mmp,parent,20,tox21_mmp_005288,False,False
tox21_mmp,parent,20,tox21_mmp_005644,False,False
tox21_mmp,parent,20,tox21_mmp_005755,False,False
tox21_mmp,parent,20,tox21_mmp_005965,False,False
tox21_mmp,parent,20,tox21_mmp_006150,False,False
tox21_mmp,parent,20,tox21_mmp_006434,False,False
tox21_mmp,parent,20,tox21_mmp_006649,False,False
tox21_mmp,parent,20,tox21_mmp_007287,False,False
tox21_mmp,parent,20,tox21_mmp_007355,False,False
tox21_mmp,parent,20,tox21_mmp_007436,False,False
tox21_mmp,parent,20,tox21_mmp_007562,False,False
tox21_mmp,parent,20,tox21_mmp_007744,False,False
tox21_mmp,parent,20,tox21_mmp_007763,False,False
tox21_mmp,parent,20,tox21_mmp_007793,False,False
sider_gastro,parent,20,sider_gastro_000021,False,False
sider_gastro,parent,20,sider_gastro_000030,False,False
sider_gastro,parent,20,sider_gastro_000040,False,False
sider_gastro,parent,20,sider_gastro_000055,False,False
sider_gastro,parent,20,sider_gastro_000067,False,False
sider_gastro,parent,20,sider_gastro_000105,False,False
sider_gastro,parent,20,sider_gastro_000112,False,False
sider_gastro,parent,20,sider_gastro_000137,False,False
sider_gastro,parent,20,sider_gastro_000169,False,False
sider_gastro,parent,20,sider_gastro_000170,False,False
sider_gastro,parent,20,sider_gastro_000194,False,False
sider_gastro,parent,20,sider_gastro_000235,False,False
sider_gastro,parent,20,sider_gastro_000244,False,False
sider_gastro,parent,20,sider_gastro_000297,False,False
sider_gastro,parent,20,sider_gastro_000298,False,False
sider_gastro,parent,20,sider_gastro_000370,False,False
sider_gastro,parent,20,sider_gastro_000386,False,False
sider_gastro,parent,20,sider_gastro_000387,False,False
sider_gastro,parent,20,sider_gastro_000392,True,True
sider_gastro,parent,20,sider_gastro_000394,False,False
sider_gastro,parent,20,sider_gastro_000429,False,False
sider_gastro,parent,20,sider_gastro_000430,False,False
sider_gastro,parent,20,sider_gastro_000438,False,False
sider_gastro,parent,20,sider_gastro_000472,False,False
sider_gastro,parent,20,sider_gastro_000515,False,False
sider_gastro,parent,20,sider_gastro_000550,False,False
sider_gastro,parent,20,sider_gastro_000564,False,False
sider_gastro,parent,20,sider_gastro_000578,False,False
sider_gastro,parent,20,sider_gastro_000591,False,False
sider_gastro,parent,20,sider_gastro_000616,False,False
sider_gastro,parent,20,sider_gastro_000624,False,False
sider_gastro,parent,20,sider_gastro_000645,False,False
sider_gastro,parent,20,sider_gastro_000650,False,False
sider_gastro,parent,20,sider_gastro_000651,False,False
sider_gastro,parent,20,sider_gastro_000659,False,False
sider_gastro,parent,20,sider_gastro_000728,False,False
sider_gastro,parent,20,sider_gastro_000834,False,False
sider_gastro,parent,20,sider_gastro_000864,False,False
sider_gastro,parent,20,sider_gastro_000869,False,False
sider_gastro,parent,20,sider_gastro_000890,True,True
sider_gastro,parent,20,sider_gastro_000918,False,False
sider_gastro,parent,20,sider_gastro_000963,False,False
sider_gastro,parent,20,sider_gastro_000968,False,False
sider_gastro,parent,20,sider_gastro_000970,True,True
sider_gastro,parent,20,sider_gastro_000985,False,False
sider_gastro,parent,20,sider_gastro_001008,False,False
sider_gastro,parent,20,sider_gastro_001011,False,False
sider_gastro,parent,20,sider_gastro_001041,False,False
sider_gastro,parent,20,sider_gastro_001083,False,False
sider_gastro,parent,20,sider_gastro_001088,False,False
sider_gastro,parent,20,sider_gastro_001116,False,False
sider_gastro,parent,20,sider_gastro_001117,False,False
sider_gastro,parent,20,sider_gastro_001166,False,False
sider_gastro,parent,20,sider_gastro_001199,True,True
sider_gastro,parent,20,sider_gastro_001200,False,False
sider_gastro,parent,20,sider_gastro_001204,False,False
sider_gastro,parent,20,sider_gastro_001216,False,False
sider_gastro,parent,20,sider_gastro_001224,False,False
sider_gastro,parent,20,sider_gastro_001225,False,False
sider_gastro,parent,20,sider_gastro_001242,False,False
sider_gastro,parent,20,sider_gastro_001270,False,False
sider_gastro,parent,20,sider_gastro_001278,False,False
sider_gastro,parent,20,sider_gastro_001339,True,True
sider_gastro,parent,20,sider_gastro_001422,True,True
bace,stereo,1,bace_000049,True,True
bace,stereo,1,bace_000050,True,True
bace,stereo,1,bace_000066,True,True
bace,stereo,1,bace_000072,True,True
bace,stereo,1,bace_000133,False,False
bace,stereo,1,bace_000188,True,True
bace,stereo,1,bace_000192,False,False
bace,stereo,1,bace_000198,False,False
bace,stereo,1,bace_000203,False,False
bace,stereo,1,bace_000271,False,False
bace,stereo,1,bace_000277,False,False
bace,stereo,1,bace_000401,False,False
bace,stereo,1,bace_000446,False,False
bace,stereo,1,bace_000450,False,False
bace,stereo,1,bace_000453,False,False
bace,stereo,1,bace_000461,False,False
bace,stereo,1,bace_000464,False,False
bace,stereo,1,bace_000511,False,False
bace,stereo,1,bace_000526,False,False
bace,stereo,1,bace_000534,False,False
bace,stereo,1,bace_000547,False,False
bace,stereo,1,bace_000548,False,False
bace,stereo,1,bace_000599,False,False
bace,stereo,1,bace_000602,False,False
bace,stereo,1,bace_000605,False,False
bace,stereo,1,bace_000642,False,False
bace,stereo,1,bace_000646,False,False
bace,stereo,1,bace_000653,False,False
bace,stereo,1,bace_000735,False,False
bace,stereo,1,bace_000778,False,False
bace,stereo,1,bace_000789,False,False
bace,stereo,1,bace_000796,False,False
bace,stereo,1,bace_000820,False,False
bace,stereo,1,bace_000827,False,False
bace,stereo,1,bace_000833,False,False
bace,stereo,1,bace_000838,False,False
bace,stereo,1,bace_000886,False,False
bace,stereo,1,bace_000887,False,False
bace,stereo,1,bace_000896,False,False
bace,stereo,1,bace_000901,False,False
bace,stereo,1,bace_000907,False,False
bace,stereo,1,bace_000915,False,False
bace,stereo,1,bace_000941,False,False
bace,stereo,1,bace_000950,False,False
bace,stereo,1,bace_000973,False,False
bace,stereo,1,bace_000977,False,False
bace,stereo,1,bace_000988,False,False
bace,stereo,1,bace_000994,False,False
bace,stereo,1,bace_001029,False,False
bace,stereo,1,bace_001075,False,False
bace,stereo,1,bace_001085,False,False
bace,stereo,1,bace_001126,False,False
bace,stereo,1,bace_001289,False,False
bace,stereo,1,bace_001332,False,False
bace,stereo,1,bace_001334,False,False
bace,stereo,1,bace_001338,False,False
bace,stereo,1,bace_001339,False,False
bace,stereo,1,bace_001341,True,True
bace,stereo,1,bace_001348,False,False
bace,stereo,1,bace_001375,False,False
bace,stereo,1,bace_001382,False,False
bace,stereo,1,bace_001388,False,False
bace,stereo,1,bace_001432,False,False
bace,stereo,1,bace_001433,False,False
bbbp,stereo,1,bbbp_000019,False,False
bbbp,stereo,1,bbbp_000023,True,True
bbbp,stereo,1,bbbp_000035,False,False
bbbp,stereo,1,bbbp_000102,True,True
bbbp,stereo,1,bbbp_000108,False,False
bbbp,stereo,1,bbbp_000132,True,True
bbbp,stereo,1,bbbp_000215,False,False
bbbp,stereo,1,bbbp_000234,False,False
bbbp,stereo,1,bbbp_000254,False,False
bbbp,stereo,1,bbbp_000382,False,False
bbbp,stereo,1,bbbp_000416,True,True
bbbp,stereo,1,bbbp_000418,True,True
bbbp,stereo,1,bbbp_000428,False,False
bbbp,stereo,1,bbbp_000440,False,False
bbbp,stereo,1,bbbp_000445,True,True
bbbp,stereo,1,bbbp_000456,False,False
bbbp,stereo,1,bbbp_000540,False,False
bbbp,stereo,1,bbbp_000558,False,False
bbbp,stereo,1,bbbp_000565,False,False
bbbp,stereo,1,bbbp_000609,False,False
bbbp,stereo,1,bbbp_000631,True,True
bbbp,stereo,1,bbbp_000710,True,True
bbbp,stereo,1,bbbp_000727,True,True
bbbp,stereo,1,bbbp_000754,True,True
bbbp,stereo,1,bbbp_000757,True,True
bbbp,stereo,1,bbbp_000764,True,True
bbbp,stereo,1,bbbp_000765,True,True
bbbp,stereo,1,bbbp_000766,True,True
bbbp,stereo,1,bbbp_000769,True,True
bbbp,stereo,1,bbbp_000778,True,True
bbbp,stereo,1,bbbp_000785,True,True
bbbp,stereo,1,bbbp_000789,True,True
bbbp,stereo,1,bbbp_000790,True,True
bbbp,stereo,1,bbbp_000793,True,True
bbbp,stereo,1,bbbp_000834,True,True
bbbp,stereo,1,bbbp_000884,True,True
bbbp,stereo,1,bbbp_000939,False,False
bbbp,stereo,1,bbbp_000948,True,True
bbbp,stereo,1,bbbp_000949,False,False
bbbp,stereo,1,bbbp_000960,True,True
bbbp,stereo,1,bbbp_000980,False,False
bbbp,stereo,1,bbbp_000991,False,False
bbbp,stereo,1,bbbp_001011,True,True
bbbp,stereo,1,bbbp_001031,True,True
bbbp,stereo,1,bbbp_001099,True,True
bbbp,stereo,1,bbbp_001195,False,False
bbbp,stereo,1,bbbp_001210,True,True
bbbp,stereo,1,bbbp_001214,False,False
bbbp,stereo,1,bbbp_001215,False,False
bbbp,stereo,1,bbbp_001261,False,False
bbbp,stereo,1,bbbp_001304,False,False
bbbp,stereo,1,bbbp_001410,True,True
bbbp,stereo,1,bbbp_001510,False,False
bbbp,stereo,1,bbbp_001534,False,False
bbbp,stereo,1,bbbp_001614,False,False
bbbp,stereo,1,bbbp_001653,False,False
bbbp,stereo,1,bbbp_001666,False,False
bbbp,stereo,1,bbbp_001669,False,False
bbbp,stereo,1,bbbp_001746,True,True
bbbp,stereo,1,bbbp_001824,False,False
bbbp,stereo,1,bbbp_001940,False,False
bbbp,stereo,1,bbbp_001972,False,False
bbbp,stereo,1,bbbp_001976,False,False
bbbp,stereo,1,bbbp_001987,True,True
hiv,stereo,1,hiv_000869,False,False
hiv,stereo,1,hiv_001867,False,False
hiv,stereo,1,hiv_003725,False,False
hiv,stereo,1,hiv_004967,False,False
hiv,stereo,1,hiv_006031,False,False
hiv,stereo,1,hiv_006397,False,False
hiv,stereo,1,hiv_006980,False,False
hiv,stereo,1,hiv_008689,False,False
hiv,stereo,1,hiv_008823,False,False
hiv,stereo,1,hiv_009973,False,False
hiv,stereo,1,hiv_010574,False,False
hiv,stereo,1,hiv_010628,False,False
hiv,stereo,1,hiv_011881,False,False
hiv,stereo,1,hiv_014912,False,False
hiv,stereo,1,hiv_015133,False,False
hiv,stereo,1,hiv_015217,False,False
hiv,stereo,1,hiv_017279,False,False
hiv,stereo,1,hiv_018157,False,False
hiv,stereo,1,hiv_018424,False,False
hiv,stereo,1,hiv_021400,False,False
hiv,stereo,1,hiv_021411,False,False
hiv,stereo,1,hiv_021799,False,False
hiv,stereo,1,hiv_023845,False,False
hiv,stereo,1,hiv_023853,False,False
hiv,stereo,1,hiv_024392,False,False
hiv,stereo,1,hiv_024570,False,False
hiv,stereo,1,hiv_024965,False,False
hiv,stereo,1,hiv_025008,False,False
hiv,stereo,1,hiv_025261,False,False
hiv,stereo,1,hiv_025430,False,False
hiv,stereo,1,hiv_026188,False,False
hiv,stereo,1,hiv_026189,False,False
hiv,stereo,1,hiv_026376,False,False
hiv,stereo,1,hiv_026480,False,False
hiv,stereo,1,hiv_026749,False,False
hiv,stereo,1,hiv_026976,False,False
hiv,stereo,1,hiv_026977,False,False
hiv,stereo,1,hiv_027026,False,False
hiv,stereo,1,hiv_027027,False,False
hiv,stereo,1,hiv_027339,False,False
hiv,stereo,1,hiv_027768,False,False
hiv,stereo,1,hiv_027811,False,False
hiv,stereo,1,hiv_030283,False,False
hiv,stereo,1,hiv_030370,False,False
hiv,stereo,1,hiv_031319,False,False
hiv,stereo,1,hiv_031649,False,False
hiv,stereo,1,hiv_032398,False,False
hiv,stereo,1,hiv_033191,False,False
hiv,stereo,1,hiv_034246,False,False
hiv,stereo,1,hiv_035211,False,False
hiv,stereo,1,hiv_035521,False,False
hiv,stereo,1,hiv_037153,False,False
hiv,stereo,1,hiv_037566,False,False
hiv,stereo,1,hiv_038351,False,False
hiv,stereo,1,hiv_038804,False,False
hiv,stereo,1,hiv_039179,False,False
hiv,stereo,1,hiv_039675,False,False
hiv,stereo,1,hiv_040229,False,False
hiv,stereo,1,hiv_040254,False,False
hiv,stereo,1,hiv_040790,False,False
hiv,stereo,1,hiv_040800,False,False
hiv,stereo,1,hiv_040803,False,False
hiv,stereo,1,hiv_040861,False,False
hiv,stereo,1,hiv_041093,False,False
clintox_tox,stereo,1,clintox_tox_000012,True,True
clintox_tox,stereo,1,clintox_tox_000013,True,True
clintox_tox,stereo,1,clintox_tox_000075,True,True
clintox_tox,stereo,1,clintox_tox_000105,False,False
clintox_tox,stereo,1,clintox_tox_000111,True,True
clintox_tox,stereo,1,clintox_tox_000140,False,False
clintox_tox,stereo,1,clintox_tox_000142,False,False
clintox_tox,stereo,1,clintox_tox_000243,True,True
clintox_tox,stereo,1,clintox_tox_000272,False,False
clintox_tox,stereo,1,clintox_tox_000472,True,True
clintox_tox,stereo,1,clintox_tox_000504,True,True
clintox_tox,stereo,1,clintox_tox_000509,True,True
clintox_tox,stereo,1,clintox_tox_000510,True,True
clintox_tox,stereo,1,clintox_tox_000514,True,True
clintox_tox,stereo,1,clintox_tox_000515,True,True
clintox_tox,stereo,1,clintox_tox_000539,True,True
clintox_tox,stereo,1,clintox_tox_000601,False,False
clintox_tox,stereo,1,clintox_tox_000616,True,True
clintox_tox,stereo,1,clintox_tox_000629,False,False
clintox_tox,stereo,1,clintox_tox_000667,False,False
clintox_tox,stereo,1,clintox_tox_000682,False,False
clintox_tox,stereo,1,clintox_tox_000689,True,True
clintox_tox,stereo,1,clintox_tox_000720,False,False
clintox_tox,stereo,1,clintox_tox_000730,True,True
clintox_tox,stereo,1,clintox_tox_000737,True,True
clintox_tox,stereo,1,clintox_tox_000768,False,False
clintox_tox,stereo,1,clintox_tox_000772,False,False
clintox_tox,stereo,1,clintox_tox_000780,False,False
clintox_tox,stereo,1,clintox_tox_000781,False,False
clintox_tox,stereo,1,clintox_tox_000801,False,False
clintox_tox,stereo,1,clintox_tox_000846,False,False
clintox_tox,stereo,1,clintox_tox_000853,True,True
clintox_tox,stereo,1,clintox_tox_000855,True,True
clintox_tox,stereo,1,clintox_tox_000856,True,True
clintox_tox,stereo,1,clintox_tox_000921,True,True
clintox_tox,stereo,1,clintox_tox_000930,False,False
clintox_tox,stereo,1,clintox_tox_000973,False,False
clintox_tox,stereo,1,clintox_tox_000994,False,False
clintox_tox,stereo,1,clintox_tox_001027,True,True
clintox_tox,stereo,1,clintox_tox_001039,True,True
clintox_tox,stereo,1,clintox_tox_001097,True,True
clintox_tox,stereo,1,clintox_tox_001098,True,True
clintox_tox,stereo,1,clintox_tox_001149,False,False
clintox_tox,stereo,1,clintox_tox_001151,True,True
clintox_tox,stereo,1,clintox_tox_001162,False,False
clintox_tox,stereo,1,clintox_tox_001174,True,True
clintox_tox,stereo,1,clintox_tox_001196,False,False
clintox_tox,stereo,1,clintox_tox_001222,True,True
clintox_tox,stereo,1,clintox_tox_001268,False,False
clintox_tox,stereo,1,clintox_tox_001302,False,False
clintox_tox,stereo,1,clintox_tox_001304,True,True
clintox_tox,stereo,1,clintox_tox_001328,False,False
clintox_tox,stereo,1,clintox_tox_001358,False,False
clintox_tox,stereo,1,clintox_tox_001382,True,True
clintox_tox,stereo,1,clintox_tox_001385,True,True
clintox_tox,stereo,1,clintox_tox_001405,False,False
clintox_tox,stereo,1,clintox_tox_001409,True,True
clintox_tox,stereo,1,clintox_tox_001414,False,False
clintox_tox,stereo,1,clintox_tox_001419,True,True
clintox_tox,stereo,1,clintox_tox_001425,True,True
clintox_tox,stereo,1,clintox_tox_001427,False,False
clintox_tox,stereo,1,clintox_tox_001456,True,True
clintox_tox,stereo,1,clintox_tox_001465,False,False
clintox_tox,stereo,1,clintox_tox_001466,False,False
clintox_fda,stereo,1,clintox_fda_000012,True,True
clintox_fda,stereo,1,clintox_fda_000013,True,True
clintox_fda,stereo,1,clintox_fda_000075,True,True
clintox_fda,stereo,1,clintox_fda_000105,False,False
clintox_fda,stereo,1,clintox_fda_000111,True,True
clintox_fda,stereo,1,clintox_fda_000140,False,False
clintox_fda,stereo,1,clintox_fda_000142,False,False
clintox_fda,stereo,1,clintox_fda_000243,True,True
clintox_fda,stereo,1,clintox_fda_000272,False,False
clintox_fda,stereo,1,clintox_fda_000472,True,True
clintox_fda,stereo,1,clintox_fda_000504,True,True
clintox_fda,stereo,1,clintox_fda_000509,True,True
clintox_fda,stereo,1,clintox_fda_000510,True,True
clintox_fda,stereo,1,clintox_fda_000514,True,True
clintox_fda,stereo,1,clintox_fda_000515,True,True
clintox_fda,stereo,1,clintox_fda_000539,True,True
clintox_fda,stereo,1,clintox_fda_000601,False,False
clintox_fda,stereo,1,clintox_fda_000616,True,True
clintox_fda,stereo,1,clintox_fda_000629,False,False
clintox_fda,stereo,1,clintox_fda_000667,False,False
clintox_fda,stereo,1,clintox_fda_000682,False,False
clintox_fda,stereo,1,clintox_fda_000689,True,True
clintox_fda,stereo,1,clintox_fda_000720,False,False
clintox_fda,stereo,1,clintox_fda_000730,True,True
clintox_fda,stereo,1,clintox_fda_000737,True,True
clintox_fda,stereo,1,clintox_fda_000768,False,False
clintox_fda,stereo,1,clintox_fda_000772,False,False
clintox_fda,stereo,1,clintox_fda_000780,False,False
clintox_fda,stereo,1,clintox_fda_000781,False,False
clintox_fda,stereo,1,clintox_fda_000801,False,False
clintox_fda,stereo,1,clintox_fda_000846,False,False
clintox_fda,stereo,1,clintox_fda_000853,True,True
clintox_fda,stereo,1,clintox_fda_000855,True,True
clintox_fda,stereo,1,clintox_fda_000856,True,True
clintox_fda,stereo,1,clintox_fda_000921,True,True
clintox_fda,stereo,1,clintox_fda_000930,False,False
clintox_fda,stereo,1,clintox_fda_000973,False,False
clintox_fda,stereo,1,clintox_fda_000994,False,False
clintox_fda,stereo,1,clintox_fda_001027,True,True
clintox_fda,stereo,1,clintox_fda_001039,True,True
clintox_fda,stereo,1,clintox_fda_001097,True,True
clintox_fda,stereo,1,clintox_fda_001098,True,True
clintox_fda,stereo,1,clintox_fda_001149,False,False
clintox_fda,stereo,1,clintox_fda_001151,True,True
clintox_fda,stereo,1,clintox_fda_001162,False,False
clintox_fda,stereo,1,clintox_fda_001174,True,True
clintox_fda,stereo,1,clintox_fda_001196,False,False
clintox_fda,stereo,1,clintox_fda_001222,True,True
clintox_fda,stereo,1,clintox_fda_001268,False,False
clintox_fda,stereo,1,clintox_fda_001302,False,False
clintox_fda,stereo,1,clintox_fda_001304,True,True
clintox_fda,stereo,1,clintox_fda_001328,False,False
clintox_fda,stereo,1,clintox_fda_001358,False,False
clintox_fda,stereo,1,clintox_fda_001382,True,True
clintox_fda,stereo,1,clintox_fda_001385,True,True
clintox_fda,stereo,1,clintox_fda_001405,False,False
clintox_fda,stereo,1,clintox_fda_001409,True,True
clintox_fda,stereo,1,clintox_fda_001414,False,False
clintox_fda,stereo,1,clintox_fda_001419,True,True
clintox_fda,stereo,1,clintox_fda_001425,True,True
clintox_fda,stereo,1,clintox_fda_001427,False,False
clintox_fda,stereo,1,clintox_fda_001456,True,True
clintox_fda,stereo,1,clintox_fda_001465,False,False
clintox_fda,stereo,1,clintox_fda_001466,False,False
tox21_ahr,stereo,1,tox21_ahr_000077,True,True
tox21_ahr,stereo,1,tox21_ahr_000090,True,True
tox21_ahr,stereo,1,tox21_ahr_000163,True,True
tox21_ahr,stereo,1,tox21_ahr_000263,False,False
tox21_ahr,stereo,1,tox21_ahr_000522,False,False
tox21_ahr,stereo,1,tox21_ahr_000539,False,False
tox21_ahr,stereo,1,tox21_ahr_000700,False,False
tox21_ahr,stereo,1,tox21_ahr_000941,False,False
tox21_ahr,stereo,1,tox21_ahr_001039,False,False
tox21_ahr,stereo,1,tox21_ahr_001100,True,True
tox21_ahr,stereo,1,tox21_ahr_001351,False,False
tox21_ahr,stereo,1,tox21_ahr_001435,True,True
tox21_ahr,stereo,1,tox21_ahr_001518,True,True
tox21_ahr,stereo,1,tox21_ahr_001533,False,False
tox21_ahr,stereo,1,tox21_ahr_001570,True,True
tox21_ahr,stereo,1,tox21_ahr_001713,False,False
tox21_ahr,stereo,1,tox21_ahr_001953,False,False
tox21_ahr,stereo,1,tox21_ahr_002112,False,False
tox21_ahr,stereo,1,tox21_ahr_002261,False,False
tox21_ahr,stereo,1,tox21_ahr_002325,False,False
tox21_ahr,stereo,1,tox21_ahr_002398,True,True
tox21_ahr,stereo,1,tox21_ahr_002466,False,False
tox21_ahr,stereo,1,tox21_ahr_002504,True,True
tox21_ahr,stereo,1,tox21_ahr_002528,False,False
tox21_ahr,stereo,1,tox21_ahr_002650,False,False
tox21_ahr,stereo,1,tox21_ahr_002854,False,False
tox21_ahr,stereo,1,tox21_ahr_002881,True,True
tox21_ahr,stereo,1,tox21_ahr_003052,False,False
tox21_ahr,stereo,1,tox21_ahr_003077,True,True
tox21_ahr,stereo,1,tox21_ahr_003216,True,True
tox21_ahr,stereo,1,tox21_ahr_003384,False,False
tox21_ahr,stereo,1,tox21_ahr_003399,False,False
tox21_ahr,stereo,1,tox21_ahr_003699,False,False
tox21_ahr,stereo,1,tox21_ahr_003702,False,False
tox21_ahr,stereo,1,tox21_ahr_003981,False,False
tox21_ahr,stereo,1,tox21_ahr_004033,True,True
tox21_ahr,stereo,1,tox21_ahr_004067,True,True
tox21_ahr,stereo,1,tox21_ahr_004181,False,False
tox21_ahr,stereo,1,tox21_ahr_004313,True,True
tox21_ahr,stereo,1,tox21_ahr_004350,False,False
tox21_ahr,stereo,1,tox21_ahr_004633,False,False
tox21_ahr,stereo,1,tox21_ahr_004870,False,False
tox21_ahr,stereo,1,tox21_ahr_004893,False,False
tox21_ahr,stereo,1,tox21_ahr_004981,False,False
tox21_ahr,stereo,1,tox21_ahr_005080,False,False
tox21_ahr,stereo,1,tox21_ahr_005165,False,False
tox21_ahr,stereo,1,tox21_ahr_005644,False,False
tox21_ahr,stereo,1,tox21_ahr_005694,True,True
tox21_ahr,stereo,1,tox21_ahr_005731,False,False
tox21_ahr,stereo,1,tox21_ahr_005755,True,True
tox21_ahr,stereo,1,tox21_ahr_005965,False,False
tox21_ahr,stereo,1,tox21_ahr_006010,True,True
tox21_ahr,stereo,1,tox21_ahr_006150,False,False
tox21_ahr,stereo,1,tox21_ahr_006434,False,False
tox21_ahr,stereo,1,tox21_ahr_006514,False,False
tox21_ahr,stereo,1,tox21_ahr_006516,False,False
tox21_ahr,stereo,1,tox21_ahr_006966,True,True
tox21_ahr,stereo,1,tox21_ahr_007283,False,False
tox21_ahr,stereo,1,tox21_ahr_007351,False,False
tox21_ahr,stereo,1,tox21_ahr_007355,False,False
tox21_ahr,stereo,1,tox21_ahr_007436,True,True
tox21_ahr,stereo,1,tox21_ahr_007562,False,False
tox21_ahr,stereo,1,tox21_ahr_007744,False,False
tox21_ahr,stereo,1,tox21_ahr_007763,False,False
tox21_are,stereo,1,tox21_are_000143,True,True
tox21_are,stereo,1,tox21_are_000163,True,True
tox21_are,stereo,1,tox21_are_000263,False,False
tox21_are,stereo,1,tox21_are_000522,False,False
tox21_are,stereo,1,tox21_are_000782,True,True
tox21_are,stereo,1,tox21_are_000941,False,False
tox21_are,stereo,1,tox21_are_001013,True,True
tox21_are,stereo,1,tox21_are_001039,False,False
tox21_are,stereo,1,tox21_are_001100,True,True
tox21_are,stereo,1,tox21_are_001278,True,True
tox21_are,stereo,1,tox21_are_001340,False,False
tox21_are,stereo,1,tox21_are_001351,False,False
tox21_are,stereo,1,tox21_are_001404,False,False
tox21_are,stereo,1,tox21_are_001460,False,False
tox21_are,stereo,1,tox21_are_001570,True,True
tox21_are,stereo,1,tox21_are_001732,False,False
tox21_are,stereo,1,tox21_are_001789,False,False
tox21_are,stereo,1,tox21_are_001826,False,False
tox21_are,stereo,1,tox21_are_001953,False,False
tox21_are,stereo,1,tox21_are_001968,False,False
tox21_are,stereo,1,tox21_are_002218,True,True
tox21_are,stereo,1,tox21_are_002398,True,True
tox21_are,stereo,1,tox21_are_002466,False,False
tox21_are,stereo,1,tox21_are_002488,False,False
tox21_are,stereo,1,tox21_are_002504,True,True
tox21_are,stereo,1,tox21_are_002528,False,False
tox21_are,stereo,1,tox21_are_002641,False,False
tox21_are,stereo,1,tox21_are_002650,False,False
tox21_are,stereo,1,tox21_are_002854,False,False
tox21_are,stereo,1,tox21_are_002910,True,True
tox21_are,stereo,1,tox21_are_003052,False,False
tox21_are,stereo,1,tox21_are_003384,False,False
tox21_are,stereo,1,tox21_are_003398,False,False
tox21_are,stereo,1,tox21_are_004033,True,True
tox21_are,stereo,1,tox21_are_004067,True,True
tox21_are,stereo,1,tox21_are_004162,False,False
tox21_are,stereo,1,tox21_are_004181,False,False
tox21_are,stereo,1,tox21_are_004350,False,False
tox21_are,stereo,1,tox21_are_004435,False,False
tox21_are,stereo,1,tox21_are_004690,False,False
tox21_are,stereo,1,tox21_are_004851,True,True
tox21_are,stereo,1,tox21_are_004928,False,False
tox21_are,stereo,1,tox21_are_005080,False,False
tox21_are,stereo,1,tox21_are_005285,True,True
tox21_are,stereo,1,tox21_are_005415,False,False
tox21_are,stereo,1,tox21_are_005560,False,False
tox21_are,stereo,1,tox21_are_005644,False,False
tox21_are,stereo,1,tox21_are_005740,True,True
tox21_are,stereo,1,tox21_are_005755,True,True
tox21_are,stereo,1,tox21_are_006150,False,False
tox21_are,stereo,1,tox21_are_006192,False,False
tox21_are,stereo,1,tox21_are_006514,False,False
tox21_are,stereo,1,tox21_are_006536,False,False
tox21_are,stereo,1,tox21_are_006630,False,False
tox21_are,stereo,1,tox21_are_006649,False,False
tox21_are,stereo,1,tox21_are_006850,False,False
tox21_are,stereo,1,tox21_are_006924,False,False
tox21_are,stereo,1,tox21_are_007279,False,False
tox21_are,stereo,1,tox21_are_007283,False,False
tox21_are,stereo,1,tox21_are_007346,False,False
tox21_are,stereo,1,tox21_are_007355,False,False
tox21_are,stereo,1,tox21_are_007436,True,True
tox21_are,stereo,1,tox21_are_007744,False,False
tox21_are,stereo,1,tox21_are_007763,False,False
tox21_mmp,stereo,1,tox21_mmp_000077,True,True
tox21_mmp,stereo,1,tox21_mmp_000090,True,True
tox21_mmp,stereo,1,tox21_mmp_000143,True,True
tox21_mmp,stereo,1,tox21_mmp_000213,False,False
tox21_mmp,stereo,1,tox21_mmp_000263,False,False
tox21_mmp,stereo,1,tox21_mmp_000420,False,False
tox21_mmp,stereo,1,tox21_mmp_000522,False,False
tox21_mmp,stereo,1,tox21_mmp_000782,True,True
tox21_mmp,stereo,1,tox21_mmp_001351,False,False
tox21_mmp,stereo,1,tox21_mmp_001404,False,False
tox21_mmp,stereo,1,tox21_mmp_001533,False,False
tox21_mmp,stereo,1,tox21_mmp_001570,True,True
tox21_mmp,stereo,1,tox21_mmp_001713,False,False
tox21_mmp,stereo,1,tox21_mmp_001732,False,False
tox21_mmp,stereo,1,tox21_mmp_001953,False,False
tox21_mmp,stereo,1,tox21_mmp_001957,False,False
tox21_mmp,stereo,1,tox21_mmp_001968,False,False
tox21_mmp,stereo,1,tox21_mmp_002030,False,False
tox21_mmp,stereo,1,tox21_mmp_002080,False,False
tox21_mmp,stereo,1,tox21_mmp_002112,False,False
tox21_mmp,stereo,1,tox21_mmp_002145,False,False
tox21_mmp,stereo,1,tox21_mmp_002312,True,True
tox21_mmp,stereo,1,tox21_mmp_002398,True,True
tox21_mmp,stereo,1,tox21_mmp_002466,False,False
tox21_mmp,stereo,1,tox21_mmp_002488,False,False
tox21_mmp,stereo,1,tox21_mmp_002504,True,True
tox21_mmp,stereo,1,tox21_mmp_002528,False,False
tox21_mmp,stereo,1,tox21_mmp_002562,False,False
tox21_mmp,stereo,1,tox21_mmp_002650,False,False
tox21_mmp,stereo,1,tox21_mmp_002881,True,True
tox21_mmp,stereo,1,tox21_mmp_002986,False,False
tox21_mmp,stereo,1,tox21_mmp_003077,True,True
tox21_mmp,stereo,1,tox21_mmp_003376,False,False
tox21_mmp,stereo,1,tox21_mmp_003398,False,False
tox21_mmp,stereo,1,tox21_mmp_003927,True,True
tox21_mmp,stereo,1,tox21_mmp_004033,True,True
tox21_mmp,stereo,1,tox21_mmp_004067,True,True
tox21_mmp,stereo,1,tox21_mmp_004135,False,False
tox21_mmp,stereo,1,tox21_mmp_004162,False,False
tox21_mmp,stereo,1,tox21_mmp_004181,False,False
tox21_mmp,stereo,1,tox21_mmp_004350,False,False
tox21_mmp,stereo,1,tox21_mmp_004435,False,False
tox21_mmp,stereo,1,tox21_mmp_004633,False,False
tox21_mmp,stereo,1,tox21_mmp_004690,False,False
tox21_mmp,stereo,1,tox21_mmp_004752,True,True
tox21_mmp,stereo,1,tox21_mmp_004851,True,True
tox21_mmp,stereo,1,tox21_mmp_004870,False,False
tox21_mmp,stereo,1,tox21_mmp_005080,False,False
tox21_mmp,stereo,1,tox21_mmp_005165,False,False
tox21_mmp,stereo,1,tox21_mmp_005228,True,True
tox21_mmp,stereo,1,tox21_mmp_005288,True,True
tox21_mmp,stereo,1,tox21_mmp_005644,False,False
tox21_mmp,stereo,1,tox21_mmp_005755,True,True
tox21_mmp,stereo,1,tox21_mmp_005965,False,False
tox21_mmp,stereo,1,tox21_mmp_006150,False,False
tox21_mmp,stereo,1,tox21_mmp_006434,False,False
tox21_mmp,stereo,1,tox21_mmp_006649,False,False
tox21_mmp,stereo,1,tox21_mmp_007287,False,False
tox21_mmp,stereo,1,tox21_mmp_007355,False,False
tox21_mmp,stereo,1,tox21_mmp_007436,True,True
tox21_mmp,stereo,1,tox21_mmp_007562,False,False
tox21_mmp,stereo,1,tox21_mmp_007744,False,False
tox21_mmp,stereo,1,tox21_mmp_007763,False,False
tox21_mmp,stereo,1,tox21_mmp_007793,False,False
sider_gastro,stereo,1,sider_gastro_000021,False,False
sider_gastro,stereo,1,sider_gastro_000030,False,False
sider_gastro,stereo,1,sider_gastro_000040,False,False
sider_gastro,stereo,1,sider_gastro_000055,False,False
sider_gastro,stereo,1,sider_gastro_000067,False,False
sider_gastro,stereo,1,sider_gastro_000105,False,False
sider_gastro,stereo,1,sider_gastro_000112,False,False
sider_gastro,stereo,1,sider_gastro_000137,False,False
sider_gastro,stereo,1,sider_gastro_000169,False,False
sider_gastro,stereo,1,sider_gastro_000170,False,False
sider_gastro,stereo,1,sider_gastro_000194,True,True
sider_gastro,stereo,1,sider_gastro_000235,False,False
sider_gastro,stereo,1,sider_gastro_000244,True,True
sider_gastro,stereo,1,sider_gastro_000297,False,False
sider_gastro,stereo,1,sider_gastro_000298,False,False
sider_gastro,stereo,1,sider_gastro_000370,False,False
sider_gastro,stereo,1,sider_gastro_000386,False,False
sider_gastro,stereo,1,sider_gastro_000387,False,False
sider_gastro,stereo,1,sider_gastro_000392,False,False
sider_gastro,stereo,1,sider_gastro_000394,False,False
sider_gastro,stereo,1,sider_gastro_000429,False,False
sider_gastro,stereo,1,sider_gastro_000430,False,False
sider_gastro,stereo,1,sider_gastro_000438,False,False
sider_gastro,stereo,1,sider_gastro_000472,False,False
sider_gastro,stereo,1,sider_gastro_000515,False,False
sider_gastro,stereo,1,sider_gastro_000550,False,False
sider_gastro,stereo,1,sider_gastro_000564,False,False
sider_gastro,stereo,1,sider_gastro_000578,False,False
sider_gastro,stereo,1,sider_gastro_000591,False,False
sider_gastro,stereo,1,sider_gastro_000616,True,True
sider_gastro,stereo,1,sider_gastro_000624,True,True
sider_gastro,stereo,1,sider_gastro_000645,False,False
sider_gastro,stereo,1,sider_gastro_000650,False,False
sider_gastro,stereo,1,sider_gastro_000651,False,False
sider_gastro,stereo,1,sider_gastro_000659,False,False
sider_gastro,stereo,1,sider_gastro_000728,False,False
sider_gastro,stereo,1,sider_gastro_000834,True,True
sider_gastro,stereo,1,sider_gastro_000864,False,False
sider_gastro,stereo,1,sider_gastro_000869,False,False
sider_gastro,stereo,1,sider_gastro_000890,True,True
sider_gastro,stereo,1,sider_gastro_000918,False,False
sider_gastro,stereo,1,sider_gastro_000963,False,False
sider_gastro,stereo,1,sider_gastro_000968,False,False
sider_gastro,stereo,1,sider_gastro_000970,False,False
sider_gastro,stereo,1,sider_gastro_000985,False,False
sider_gastro,stereo,1,sider_gastro_001008,False,False
sider_gastro,stereo,1,sider_gastro_001011,False,False
sider_gastro,stereo,1,sider_gastro_001041,True,True
sider_gastro,stereo,1,sider_gastro_001083,False,False
sider_gastro,stereo,1,sider_gastro_001088,False,False
sider_gastro,stereo,1,sider_gastro_001116,False,False
sider_gastro,stereo,1,sider_gastro_001117,False,False
sider_gastro,stereo,1,sider_gastro_001166,False,False
sider_gastro,stereo,1,sider_gastro_001199,False,False
sider_gastro,stereo,1,sider_gastro_001200,False,False
sider_gastro,stereo,1,sider_gastro_001204,False,False
sider_gastro,stereo,1,sider_gastro_001216,True,True
sider_gastro,stereo,1,sider_gastro_001224,True,True
sider_gastro,stereo,1,sider_gastro_001225,False,False
sider_gastro,stereo,1,sider_gastro_001242,True,True
sider_gastro,stereo,1,sider_gastro_001270,False,False
sider_gastro,stereo,1,sider_gastro_001278,False,False
sider_gastro,stereo,1,sider_gastro_001339,False,False
sider_gastro,stereo,1,sider_gastro_001422,True,True
bace,stereo,5,bace_000049,True,True
bace,stereo,5,bace_000050,True,True
bace,stereo,5,bace_000066,True,True
bace,stereo,5,bace_000072,True,True
bace,stereo,5,bace_000133,False,False
bace,stereo,5,bace_000188,True,True
bace,stereo,5,bace_000192,False,False
bace,stereo,5,bace_000198,False,False
bace,stereo,5,bace_000203,False,False
bace,stereo,5,bace_000271,False,False
bace,stereo,5,bace_000277,False,False
bace,stereo,5,bace_000401,False,False
bace,stereo,5,bace_000446,False,False
bace,stereo,5,bace_000450,False,False
bace,stereo,5,bace_000453,False,False
bace,stereo,5,bace_000461,False,False
bace,stereo,5,bace_000464,False,False
bace,stereo,5,bace_000511,False,False
bace,stereo,5,bace_000526,False,False
bace,stereo,5,bace_000534,False,False
bace,stereo,5,bace_000547,False,False
bace,stereo,5,bace_000548,False,False
bace,stereo,5,bace_000599,False,False
bace,stereo,5,bace_000602,False,False
bace,stereo,5,bace_000605,False,False
bace,stereo,5,bace_000642,False,False
bace,stereo,5,bace_000646,False,False
bace,stereo,5,bace_000653,False,False
bace,stereo,5,bace_000735,False,False
bace,stereo,5,bace_000778,False,False
bace,stereo,5,bace_000789,False,False
bace,stereo,5,bace_000796,False,False
bace,stereo,5,bace_000820,False,False
bace,stereo,5,bace_000827,False,False
bace,stereo,5,bace_000833,False,False
bace,stereo,5,bace_000838,False,False
bace,stereo,5,bace_000886,False,False
bace,stereo,5,bace_000887,False,False
bace,stereo,5,bace_000896,False,False
bace,stereo,5,bace_000901,False,False
bace,stereo,5,bace_000907,False,False
bace,stereo,5,bace_000915,False,False
bace,stereo,5,bace_000941,False,False
bace,stereo,5,bace_000950,False,False
bace,stereo,5,bace_000973,False,False
bace,stereo,5,bace_000977,False,False
bace,stereo,5,bace_000988,False,False
bace,stereo,5,bace_000994,False,False
bace,stereo,5,bace_001029,False,False
bace,stereo,5,bace_001075,False,False
bace,stereo,5,bace_001085,False,False
bace,stereo,5,bace_001126,False,False
bace,stereo,5,bace_001289,False,False
bace,stereo,5,bace_001332,False,False
bace,stereo,5,bace_001334,False,False
bace,stereo,5,bace_001338,False,False
bace,stereo,5,bace_001339,False,False
bace,stereo,5,bace_001341,True,True
bace,stereo,5,bace_001348,False,False
bace,stereo,5,bace_001375,False,False
bace,stereo,5,bace_001382,False,False
bace,stereo,5,bace_001388,False,False
bace,stereo,5,bace_001432,False,False
bace,stereo,5,bace_001433,False,False
bbbp,stereo,5,bbbp_000019,False,False
bbbp,stereo,5,bbbp_000023,True,True
bbbp,stereo,5,bbbp_000035,False,False
bbbp,stereo,5,bbbp_000102,True,True
bbbp,stereo,5,bbbp_000108,False,False
bbbp,stereo,5,bbbp_000132,True,True
bbbp,stereo,5,bbbp_000215,False,False
bbbp,stereo,5,bbbp_000234,False,False
bbbp,stereo,5,bbbp_000254,False,False
bbbp,stereo,5,bbbp_000382,False,False
bbbp,stereo,5,bbbp_000416,True,True
bbbp,stereo,5,bbbp_000418,True,True
bbbp,stereo,5,bbbp_000428,False,False
bbbp,stereo,5,bbbp_000440,False,False
bbbp,stereo,5,bbbp_000445,True,True
bbbp,stereo,5,bbbp_000456,False,False
bbbp,stereo,5,bbbp_000540,False,False
bbbp,stereo,5,bbbp_000558,False,False
bbbp,stereo,5,bbbp_000565,False,False
bbbp,stereo,5,bbbp_000609,False,False
bbbp,stereo,5,bbbp_000631,True,True
bbbp,stereo,5,bbbp_000710,True,True
bbbp,stereo,5,bbbp_000727,True,True
bbbp,stereo,5,bbbp_000754,True,True
bbbp,stereo,5,bbbp_000757,True,True
bbbp,stereo,5,bbbp_000764,True,True
bbbp,stereo,5,bbbp_000765,True,True
bbbp,stereo,5,bbbp_000766,True,True
bbbp,stereo,5,bbbp_000769,True,True
bbbp,stereo,5,bbbp_000778,True,True
bbbp,stereo,5,bbbp_000785,True,True
bbbp,stereo,5,bbbp_000789,True,True
bbbp,stereo,5,bbbp_000790,True,True
bbbp,stereo,5,bbbp_000793,True,True
bbbp,stereo,5,bbbp_000834,True,True
bbbp,stereo,5,bbbp_000884,True,True
bbbp,stereo,5,bbbp_000939,False,False
bbbp,stereo,5,bbbp_000948,True,True
bbbp,stereo,5,bbbp_000949,False,False
bbbp,stereo,5,bbbp_000960,True,True
bbbp,stereo,5,bbbp_000980,False,False
bbbp,stereo,5,bbbp_000991,False,False
bbbp,stereo,5,bbbp_001011,True,True
bbbp,stereo,5,bbbp_001031,True,True
bbbp,stereo,5,bbbp_001099,True,True
bbbp,stereo,5,bbbp_001195,False,False
bbbp,stereo,5,bbbp_001210,True,True
bbbp,stereo,5,bbbp_001214,False,False
bbbp,stereo,5,bbbp_001215,False,False
bbbp,stereo,5,bbbp_001261,False,False
bbbp,stereo,5,bbbp_001304,False,False
bbbp,stereo,5,bbbp_001410,True,True
bbbp,stereo,5,bbbp_001510,False,False
bbbp,stereo,5,bbbp_001534,False,False
bbbp,stereo,5,bbbp_001614,False,False
bbbp,stereo,5,bbbp_001653,False,False
bbbp,stereo,5,bbbp_001666,False,False
bbbp,stereo,5,bbbp_001669,False,False
bbbp,stereo,5,bbbp_001746,True,True
bbbp,stereo,5,bbbp_001824,False,False
bbbp,stereo,5,bbbp_001940,False,False
bbbp,stereo,5,bbbp_001972,False,False
bbbp,stereo,5,bbbp_001976,False,False
bbbp,stereo,5,bbbp_001987,True,True
hiv,stereo,5,hiv_000869,False,False
hiv,stereo,5,hiv_001867,False,False
hiv,stereo,5,hiv_003725,False,False
hiv,stereo,5,hiv_004967,False,False
hiv,stereo,5,hiv_006031,False,False
hiv,stereo,5,hiv_006397,False,False
hiv,stereo,5,hiv_006980,False,False
hiv,stereo,5,hiv_008689,False,False
hiv,stereo,5,hiv_008823,False,False
hiv,stereo,5,hiv_009973,False,False
hiv,stereo,5,hiv_010574,False,False
hiv,stereo,5,hiv_010628,False,False
hiv,stereo,5,hiv_011881,False,False
hiv,stereo,5,hiv_014912,False,False
hiv,stereo,5,hiv_015133,False,False
hiv,stereo,5,hiv_015217,False,False
hiv,stereo,5,hiv_017279,False,False
hiv,stereo,5,hiv_018157,False,False
hiv,stereo,5,hiv_018424,False,False
hiv,stereo,5,hiv_021400,False,False
hiv,stereo,5,hiv_021411,False,False
hiv,stereo,5,hiv_021799,False,False
hiv,stereo,5,hiv_023845,False,False
hiv,stereo,5,hiv_023853,False,False
hiv,stereo,5,hiv_024392,False,False
hiv,stereo,5,hiv_024570,False,False
hiv,stereo,5,hiv_024965,False,False
hiv,stereo,5,hiv_025008,False,False
hiv,stereo,5,hiv_025261,False,False
hiv,stereo,5,hiv_025430,False,False
hiv,stereo,5,hiv_026188,False,False
hiv,stereo,5,hiv_026189,False,False
hiv,stereo,5,hiv_026376,False,False
hiv,stereo,5,hiv_026480,False,False
hiv,stereo,5,hiv_026749,False,False
hiv,stereo,5,hiv_026976,False,False
hiv,stereo,5,hiv_026977,False,False
hiv,stereo,5,hiv_027026,False,False
hiv,stereo,5,hiv_027027,False,False
hiv,stereo,5,hiv_027339,False,False
hiv,stereo,5,hiv_027768,False,False
hiv,stereo,5,hiv_027811,False,False
hiv,stereo,5,hiv_030283,False,False
hiv,stereo,5,hiv_030370,False,False
hiv,stereo,5,hiv_031319,False,False
hiv,stereo,5,hiv_031649,False,False
hiv,stereo,5,hiv_032398,False,False
hiv,stereo,5,hiv_033191,False,False
hiv,stereo,5,hiv_034246,False,False
hiv,stereo,5,hiv_035211,False,False
hiv,stereo,5,hiv_035521,False,False
hiv,stereo,5,hiv_037153,False,False
hiv,stereo,5,hiv_037566,False,False
hiv,stereo,5,hiv_038351,False,False
hiv,stereo,5,hiv_038804,False,False
hiv,stereo,5,hiv_039179,False,False
hiv,stereo,5,hiv_039675,False,False
hiv,stereo,5,hiv_040229,False,False
hiv,stereo,5,hiv_040254,False,False
hiv,stereo,5,hiv_040790,False,False
hiv,stereo,5,hiv_040800,False,False
hiv,stereo,5,hiv_040803,False,False
hiv,stereo,5,hiv_040861,False,False
hiv,stereo,5,hiv_041093,False,False
clintox_tox,stereo,5,clintox_tox_000012,True,True
clintox_tox,stereo,5,clintox_tox_000013,True,True
clintox_tox,stereo,5,clintox_tox_000075,True,True
clintox_tox,stereo,5,clintox_tox_000105,False,False
clintox_tox,stereo,5,clintox_tox_000111,True,True
clintox_tox,stereo,5,clintox_tox_000140,False,False
clintox_tox,stereo,5,clintox_tox_000142,False,False
clintox_tox,stereo,5,clintox_tox_000243,True,True
clintox_tox,stereo,5,clintox_tox_000272,False,False
clintox_tox,stereo,5,clintox_tox_000472,True,True
clintox_tox,stereo,5,clintox_tox_000504,True,True
clintox_tox,stereo,5,clintox_tox_000509,True,True
clintox_tox,stereo,5,clintox_tox_000510,True,True
clintox_tox,stereo,5,clintox_tox_000514,True,True
clintox_tox,stereo,5,clintox_tox_000515,True,True
clintox_tox,stereo,5,clintox_tox_000539,True,True
clintox_tox,stereo,5,clintox_tox_000601,False,False
clintox_tox,stereo,5,clintox_tox_000616,True,True
clintox_tox,stereo,5,clintox_tox_000629,False,False
clintox_tox,stereo,5,clintox_tox_000667,False,False
clintox_tox,stereo,5,clintox_tox_000682,False,False
clintox_tox,stereo,5,clintox_tox_000689,True,True
clintox_tox,stereo,5,clintox_tox_000720,False,False
clintox_tox,stereo,5,clintox_tox_000730,True,True
clintox_tox,stereo,5,clintox_tox_000737,True,True
clintox_tox,stereo,5,clintox_tox_000768,False,False
clintox_tox,stereo,5,clintox_tox_000772,False,False
clintox_tox,stereo,5,clintox_tox_000780,False,False
clintox_tox,stereo,5,clintox_tox_000781,False,False
clintox_tox,stereo,5,clintox_tox_000801,False,False
clintox_tox,stereo,5,clintox_tox_000846,False,False
clintox_tox,stereo,5,clintox_tox_000853,True,True
clintox_tox,stereo,5,clintox_tox_000855,True,True
clintox_tox,stereo,5,clintox_tox_000856,True,True
clintox_tox,stereo,5,clintox_tox_000921,True,True
clintox_tox,stereo,5,clintox_tox_000930,False,False
clintox_tox,stereo,5,clintox_tox_000973,False,False
clintox_tox,stereo,5,clintox_tox_000994,False,False
clintox_tox,stereo,5,clintox_tox_001027,True,True
clintox_tox,stereo,5,clintox_tox_001039,True,True
clintox_tox,stereo,5,clintox_tox_001097,True,True
clintox_tox,stereo,5,clintox_tox_001098,True,True
clintox_tox,stereo,5,clintox_tox_001149,False,False
clintox_tox,stereo,5,clintox_tox_001151,True,True
clintox_tox,stereo,5,clintox_tox_001162,False,False
clintox_tox,stereo,5,clintox_tox_001174,True,True
clintox_tox,stereo,5,clintox_tox_001196,False,False
clintox_tox,stereo,5,clintox_tox_001222,True,True
clintox_tox,stereo,5,clintox_tox_001268,False,False
clintox_tox,stereo,5,clintox_tox_001302,False,False
clintox_tox,stereo,5,clintox_tox_001304,True,True
clintox_tox,stereo,5,clintox_tox_001328,False,False
clintox_tox,stereo,5,clintox_tox_001358,False,False
clintox_tox,stereo,5,clintox_tox_001382,True,True
clintox_tox,stereo,5,clintox_tox_001385,True,True
clintox_tox,stereo,5,clintox_tox_001405,False,False
clintox_tox,stereo,5,clintox_tox_001409,True,True
clintox_tox,stereo,5,clintox_tox_001414,False,False
clintox_tox,stereo,5,clintox_tox_001419,True,True
clintox_tox,stereo,5,clintox_tox_001425,True,True
clintox_tox,stereo,5,clintox_tox_001427,False,False
clintox_tox,stereo,5,clintox_tox_001456,True,True
clintox_tox,stereo,5,clintox_tox_001465,False,False
clintox_tox,stereo,5,clintox_tox_001466,False,False
clintox_fda,stereo,5,clintox_fda_000012,True,True
clintox_fda,stereo,5,clintox_fda_000013,True,True
clintox_fda,stereo,5,clintox_fda_000075,True,True
clintox_fda,stereo,5,clintox_fda_000105,False,False
clintox_fda,stereo,5,clintox_fda_000111,True,True
clintox_fda,stereo,5,clintox_fda_000140,False,False
clintox_fda,stereo,5,clintox_fda_000142,False,False
clintox_fda,stereo,5,clintox_fda_000243,True,True
clintox_fda,stereo,5,clintox_fda_000272,False,False
clintox_fda,stereo,5,clintox_fda_000472,True,True
clintox_fda,stereo,5,clintox_fda_000504,True,True
clintox_fda,stereo,5,clintox_fda_000509,True,True
clintox_fda,stereo,5,clintox_fda_000510,True,True
clintox_fda,stereo,5,clintox_fda_000514,True,True
clintox_fda,stereo,5,clintox_fda_000515,True,True
clintox_fda,stereo,5,clintox_fda_000539,True,True
clintox_fda,stereo,5,clintox_fda_000601,False,False
clintox_fda,stereo,5,clintox_fda_000616,True,True
clintox_fda,stereo,5,clintox_fda_000629,False,False
clintox_fda,stereo,5,clintox_fda_000667,False,False
clintox_fda,stereo,5,clintox_fda_000682,False,False
clintox_fda,stereo,5,clintox_fda_000689,True,True
clintox_fda,stereo,5,clintox_fda_000720,False,False
clintox_fda,stereo,5,clintox_fda_000730,True,True
clintox_fda,stereo,5,clintox_fda_000737,True,True
clintox_fda,stereo,5,clintox_fda_000768,False,False
clintox_fda,stereo,5,clintox_fda_000772,False,False
clintox_fda,stereo,5,clintox_fda_000780,False,False
clintox_fda,stereo,5,clintox_fda_000781,False,False
clintox_fda,stereo,5,clintox_fda_000801,False,False
clintox_fda,stereo,5,clintox_fda_000846,False,False
clintox_fda,stereo,5,clintox_fda_000853,True,True
clintox_fda,stereo,5,clintox_fda_000855,True,True
clintox_fda,stereo,5,clintox_fda_000856,True,True
clintox_fda,stereo,5,clintox_fda_000921,True,True
clintox_fda,stereo,5,clintox_fda_000930,False,False
clintox_fda,stereo,5,clintox_fda_000973,False,False
clintox_fda,stereo,5,clintox_fda_000994,False,False
clintox_fda,stereo,5,clintox_fda_001027,True,True
clintox_fda,stereo,5,clintox_fda_001039,True,True
clintox_fda,stereo,5,clintox_fda_001097,True,True
clintox_fda,stereo,5,clintox_fda_001098,True,True
clintox_fda,stereo,5,clintox_fda_001149,False,False
clintox_fda,stereo,5,clintox_fda_001151,True,True
clintox_fda,stereo,5,clintox_fda_001162,False,False
clintox_fda,stereo,5,clintox_fda_001174,True,True
clintox_fda,stereo,5,clintox_fda_001196,False,False
clintox_fda,stereo,5,clintox_fda_001222,True,True
clintox_fda,stereo,5,clintox_fda_001268,False,False
clintox_fda,stereo,5,clintox_fda_001302,False,False
clintox_fda,stereo,5,clintox_fda_001304,True,True
clintox_fda,stereo,5,clintox_fda_001328,False,False
clintox_fda,stereo,5,clintox_fda_001358,False,False
clintox_fda,stereo,5,clintox_fda_001382,True,True
clintox_fda,stereo,5,clintox_fda_001385,True,True
clintox_fda,stereo,5,clintox_fda_001405,False,False
clintox_fda,stereo,5,clintox_fda_001409,True,True
clintox_fda,stereo,5,clintox_fda_001414,False,False
clintox_fda,stereo,5,clintox_fda_001419,True,True
clintox_fda,stereo,5,clintox_fda_001425,True,True
clintox_fda,stereo,5,clintox_fda_001427,False,False
clintox_fda,stereo,5,clintox_fda_001456,True,True
clintox_fda,stereo,5,clintox_fda_001465,False,False
clintox_fda,stereo,5,clintox_fda_001466,False,False
tox21_ahr,stereo,5,tox21_ahr_000077,True,True
tox21_ahr,stereo,5,tox21_ahr_000090,True,True
tox21_ahr,stereo,5,tox21_ahr_000163,True,True
tox21_ahr,stereo,5,tox21_ahr_000263,False,False
tox21_ahr,stereo,5,tox21_ahr_000522,False,False
tox21_ahr,stereo,5,tox21_ahr_000539,False,False
tox21_ahr,stereo,5,tox21_ahr_000700,False,False
tox21_ahr,stereo,5,tox21_ahr_000941,False,False
tox21_ahr,stereo,5,tox21_ahr_001039,False,False
tox21_ahr,stereo,5,tox21_ahr_001100,True,True
tox21_ahr,stereo,5,tox21_ahr_001351,False,False
tox21_ahr,stereo,5,tox21_ahr_001435,True,True
tox21_ahr,stereo,5,tox21_ahr_001518,True,True
tox21_ahr,stereo,5,tox21_ahr_001533,False,False
tox21_ahr,stereo,5,tox21_ahr_001570,True,True
tox21_ahr,stereo,5,tox21_ahr_001713,False,False
tox21_ahr,stereo,5,tox21_ahr_001953,False,False
tox21_ahr,stereo,5,tox21_ahr_002112,False,False
tox21_ahr,stereo,5,tox21_ahr_002261,False,False
tox21_ahr,stereo,5,tox21_ahr_002325,False,False
tox21_ahr,stereo,5,tox21_ahr_002398,True,True
tox21_ahr,stereo,5,tox21_ahr_002466,False,False
tox21_ahr,stereo,5,tox21_ahr_002504,True,True
tox21_ahr,stereo,5,tox21_ahr_002528,False,False
tox21_ahr,stereo,5,tox21_ahr_002650,False,False
tox21_ahr,stereo,5,tox21_ahr_002854,False,False
tox21_ahr,stereo,5,tox21_ahr_002881,True,True
tox21_ahr,stereo,5,tox21_ahr_003052,False,False
tox21_ahr,stereo,5,tox21_ahr_003077,True,True
tox21_ahr,stereo,5,tox21_ahr_003216,True,True
tox21_ahr,stereo,5,tox21_ahr_003384,False,False
tox21_ahr,stereo,5,tox21_ahr_003399,False,False
tox21_ahr,stereo,5,tox21_ahr_003699,False,False
tox21_ahr,stereo,5,tox21_ahr_003702,False,False
tox21_ahr,stereo,5,tox21_ahr_003981,False,False
tox21_ahr,stereo,5,tox21_ahr_004033,True,True
tox21_ahr,stereo,5,tox21_ahr_004067,True,True
tox21_ahr,stereo,5,tox21_ahr_004181,False,False
tox21_ahr,stereo,5,tox21_ahr_004313,True,True
tox21_ahr,stereo,5,tox21_ahr_004350,False,False
tox21_ahr,stereo,5,tox21_ahr_004633,False,False
tox21_ahr,stereo,5,tox21_ahr_004870,False,False
tox21_ahr,stereo,5,tox21_ahr_004893,False,False
tox21_ahr,stereo,5,tox21_ahr_004981,False,False
tox21_ahr,stereo,5,tox21_ahr_005080,False,False
tox21_ahr,stereo,5,tox21_ahr_005165,False,False
tox21_ahr,stereo,5,tox21_ahr_005644,False,False
tox21_ahr,stereo,5,tox21_ahr_005694,True,True
tox21_ahr,stereo,5,tox21_ahr_005731,False,False
tox21_ahr,stereo,5,tox21_ahr_005755,True,True
tox21_ahr,stereo,5,tox21_ahr_005965,False,False
tox21_ahr,stereo,5,tox21_ahr_006010,True,True
tox21_ahr,stereo,5,tox21_ahr_006150,False,False
tox21_ahr,stereo,5,tox21_ahr_006434,False,False
tox21_ahr,stereo,5,tox21_ahr_006514,False,False
tox21_ahr,stereo,5,tox21_ahr_006516,False,False
tox21_ahr,stereo,5,tox21_ahr_006966,True,True
tox21_ahr,stereo,5,tox21_ahr_007283,False,False
tox21_ahr,stereo,5,tox21_ahr_007351,False,False
tox21_ahr,stereo,5,tox21_ahr_007355,False,False
tox21_ahr,stereo,5,tox21_ahr_007436,True,True
tox21_ahr,stereo,5,tox21_ahr_007562,False,False
tox21_ahr,stereo,5,tox21_ahr_007744,False,False
tox21_ahr,stereo,5,tox21_ahr_007763,False,False
tox21_are,stereo,5,tox21_are_000143,True,True
tox21_are,stereo,5,tox21_are_000163,True,True
tox21_are,stereo,5,tox21_are_000263,False,False
tox21_are,stereo,5,tox21_are_000522,False,False
tox21_are,stereo,5,tox21_are_000782,True,True
tox21_are,stereo,5,tox21_are_000941,False,False
tox21_are,stereo,5,tox21_are_001013,True,True
tox21_are,stereo,5,tox21_are_001039,False,False
tox21_are,stereo,5,tox21_are_001100,True,True
tox21_are,stereo,5,tox21_are_001278,True,True
tox21_are,stereo,5,tox21_are_001340,False,False
tox21_are,stereo,5,tox21_are_001351,False,False
tox21_are,stereo,5,tox21_are_001404,False,False
tox21_are,stereo,5,tox21_are_001460,False,False
tox21_are,stereo,5,tox21_are_001570,True,True
tox21_are,stereo,5,tox21_are_001732,False,False
tox21_are,stereo,5,tox21_are_001789,False,False
tox21_are,stereo,5,tox21_are_001826,False,False
tox21_are,stereo,5,tox21_are_001953,False,False
tox21_are,stereo,5,tox21_are_001968,False,False
tox21_are,stereo,5,tox21_are_002218,True,True
tox21_are,stereo,5,tox21_are_002398,True,True
tox21_are,stereo,5,tox21_are_002466,False,False
tox21_are,stereo,5,tox21_are_002488,False,False
tox21_are,stereo,5,tox21_are_002504,True,True
tox21_are,stereo,5,tox21_are_002528,False,False
tox21_are,stereo,5,tox21_are_002641,False,False
tox21_are,stereo,5,tox21_are_002650,False,False
tox21_are,stereo,5,tox21_are_002854,False,False
tox21_are,stereo,5,tox21_are_002910,True,True
tox21_are,stereo,5,tox21_are_003052,False,False
tox21_are,stereo,5,tox21_are_003384,False,False
tox21_are,stereo,5,tox21_are_003398,False,False
tox21_are,stereo,5,tox21_are_004033,True,True
tox21_are,stereo,5,tox21_are_004067,True,True
tox21_are,stereo,5,tox21_are_004162,False,False
tox21_are,stereo,5,tox21_are_004181,False,False
tox21_are,stereo,5,tox21_are_004350,False,False
tox21_are,stereo,5,tox21_are_004435,False,False
tox21_are,stereo,5,tox21_are_004690,False,False
tox21_are,stereo,5,tox21_are_004851,True,True
tox21_are,stereo,5,tox21_are_004928,False,False
tox21_are,stereo,5,tox21_are_005080,False,False
tox21_are,stereo,5,tox21_are_005285,True,True
tox21_are,stereo,5,tox21_are_005415,False,False
tox21_are,stereo,5,tox21_are_005560,False,False
tox21_are,stereo,5,tox21_are_005644,False,False
tox21_are,stereo,5,tox21_are_005740,True,True
tox21_are,stereo,5,tox21_are_005755,True,True
tox21_are,stereo,5,tox21_are_006150,False,False
tox21_are,stereo,5,tox21_are_006192,False,False
tox21_are,stereo,5,tox21_are_006514,False,False
tox21_are,stereo,5,tox21_are_006536,False,False
tox21_are,stereo,5,tox21_are_006630,False,False
tox21_are,stereo,5,tox21_are_006649,False,False
tox21_are,stereo,5,tox21_are_006850,False,False
tox21_are,stereo,5,tox21_are_006924,False,False
tox21_are,stereo,5,tox21_are_007279,False,False
tox21_are,stereo,5,tox21_are_007283,False,False
tox21_are,stereo,5,tox21_are_007346,False,False
tox21_are,stereo,5,tox21_are_007355,False,False
tox21_are,stereo,5,tox21_are_007436,True,True
tox21_are,stereo,5,tox21_are_007744,False,False
tox21_are,stereo,5,tox21_are_007763,False,False
tox21_mmp,stereo,5,tox21_mmp_000077,True,True
tox21_mmp,stereo,5,tox21_mmp_000090,True,True
tox21_mmp,stereo,5,tox21_mmp_000143,True,True
tox21_mmp,stereo,5,tox21_mmp_000213,False,False
tox21_mmp,stereo,5,tox21_mmp_000263,False,False
tox21_mmp,stereo,5,tox21_mmp_000420,False,False
tox21_mmp,stereo,5,tox21_mmp_000522,False,False
tox21_mmp,stereo,5,tox21_mmp_000782,True,True
tox21_mmp,stereo,5,tox21_mmp_001351,False,False
tox21_mmp,stereo,5,tox21_mmp_001404,False,False
tox21_mmp,stereo,5,tox21_mmp_001533,False,False
tox21_mmp,stereo,5,tox21_mmp_001570,True,True
tox21_mmp,stereo,5,tox21_mmp_001713,False,False
tox21_mmp,stereo,5,tox21_mmp_001732,False,False
tox21_mmp,stereo,5,tox21_mmp_001953,False,False
tox21_mmp,stereo,5,tox21_mmp_001957,False,False
tox21_mmp,stereo,5,tox21_mmp_001968,False,False
tox21_mmp,stereo,5,tox21_mmp_002030,False,False
tox21_mmp,stereo,5,tox21_mmp_002080,False,False
tox21_mmp,stereo,5,tox21_mmp_002112,False,False
tox21_mmp,stereo,5,tox21_mmp_002145,False,False
tox21_mmp,stereo,5,tox21_mmp_002312,True,True
tox21_mmp,stereo,5,tox21_mmp_002398,True,True
tox21_mmp,stereo,5,tox21_mmp_002466,False,False
tox21_mmp,stereo,5,tox21_mmp_002488,False,False
tox21_mmp,stereo,5,tox21_mmp_002504,True,True
tox21_mmp,stereo,5,tox21_mmp_002528,False,False
tox21_mmp,stereo,5,tox21_mmp_002562,False,False
tox21_mmp,stereo,5,tox21_mmp_002650,False,False
tox21_mmp,stereo,5,tox21_mmp_002881,True,True
tox21_mmp,stereo,5,tox21_mmp_002986,False,False
tox21_mmp,stereo,5,tox21_mmp_003077,True,True
tox21_mmp,stereo,5,tox21_mmp_003376,False,False
tox21_mmp,stereo,5,tox21_mmp_003398,False,False
tox21_mmp,stereo,5,tox21_mmp_003927,True,True
tox21_mmp,stereo,5,tox21_mmp_004033,True,True
tox21_mmp,stereo,5,tox21_mmp_004067,True,True
tox21_mmp,stereo,5,tox21_mmp_004135,False,False
tox21_mmp,stereo,5,tox21_mmp_004162,False,False
tox21_mmp,stereo,5,tox21_mmp_004181,False,False
tox21_mmp,stereo,5,tox21_mmp_004350,False,False
tox21_mmp,stereo,5,tox21_mmp_004435,False,False
tox21_mmp,stereo,5,tox21_mmp_004633,False,False
tox21_mmp,stereo,5,tox21_mmp_004690,False,False
tox21_mmp,stereo,5,tox21_mmp_004752,True,True
tox21_mmp,stereo,5,tox21_mmp_004851,True,True
tox21_mmp,stereo,5,tox21_mmp_004870,False,False
tox21_mmp,stereo,5,tox21_mmp_005080,False,False
tox21_mmp,stereo,5,tox21_mmp_005165,False,False
tox21_mmp,stereo,5,tox21_mmp_005228,True,True
tox21_mmp,stereo,5,tox21_mmp_005288,True,True
tox21_mmp,stereo,5,tox21_mmp_005644,False,False
tox21_mmp,stereo,5,tox21_mmp_005755,True,True
tox21_mmp,stereo,5,tox21_mmp_005965,False,False
tox21_mmp,stereo,5,tox21_mmp_006150,False,False
tox21_mmp,stereo,5,tox21_mmp_006434,False,False
tox21_mmp,stereo,5,tox21_mmp_006649,False,False
tox21_mmp,stereo,5,tox21_mmp_007287,False,False
tox21_mmp,stereo,5,tox21_mmp_007355,False,False
tox21_mmp,stereo,5,tox21_mmp_007436,True,True
tox21_mmp,stereo,5,tox21_mmp_007562,False,False
tox21_mmp,stereo,5,tox21_mmp_007744,False,False
tox21_mmp,stereo,5,tox21_mmp_007763,False,False
tox21_mmp,stereo,5,tox21_mmp_007793,False,False
sider_gastro,stereo,5,sider_gastro_000021,False,False
sider_gastro,stereo,5,sider_gastro_000030,False,False
sider_gastro,stereo,5,sider_gastro_000040,False,False
sider_gastro,stereo,5,sider_gastro_000055,False,False
sider_gastro,stereo,5,sider_gastro_000067,False,False
sider_gastro,stereo,5,sider_gastro_000105,False,False
sider_gastro,stereo,5,sider_gastro_000112,False,False
sider_gastro,stereo,5,sider_gastro_000137,False,False
sider_gastro,stereo,5,sider_gastro_000169,False,False
sider_gastro,stereo,5,sider_gastro_000170,False,False
sider_gastro,stereo,5,sider_gastro_000194,True,True
sider_gastro,stereo,5,sider_gastro_000235,False,False
sider_gastro,stereo,5,sider_gastro_000244,True,True
sider_gastro,stereo,5,sider_gastro_000297,False,False
sider_gastro,stereo,5,sider_gastro_000298,False,False
sider_gastro,stereo,5,sider_gastro_000370,False,False
sider_gastro,stereo,5,sider_gastro_000386,False,False
sider_gastro,stereo,5,sider_gastro_000387,False,False
sider_gastro,stereo,5,sider_gastro_000392,False,False
sider_gastro,stereo,5,sider_gastro_000394,False,False
sider_gastro,stereo,5,sider_gastro_000429,False,False
sider_gastro,stereo,5,sider_gastro_000430,False,False
sider_gastro,stereo,5,sider_gastro_000438,False,False
sider_gastro,stereo,5,sider_gastro_000472,False,False
sider_gastro,stereo,5,sider_gastro_000515,False,False
sider_gastro,stereo,5,sider_gastro_000550,False,False
sider_gastro,stereo,5,sider_gastro_000564,False,False
sider_gastro,stereo,5,sider_gastro_000578,False,False
sider_gastro,stereo,5,sider_gastro_000591,False,False
sider_gastro,stereo,5,sider_gastro_000616,True,True
sider_gastro,stereo,5,sider_gastro_000624,True,True
sider_gastro,stereo,5,sider_gastro_000645,False,False
sider_gastro,stereo,5,sider_gastro_000650,False,False
sider_gastro,stereo,5,sider_gastro_000651,False,False
sider_gastro,stereo,5,sider_gastro_000659,False,False
sider_gastro,stereo,5,sider_gastro_000728,False,False
sider_gastro,stereo,5,sider_gastro_000834,True,True
sider_gastro,stereo,5,sider_gastro_000864,False,False
sider_gastro,stereo,5,sider_gastro_000869,False,False
sider_gastro,stereo,5,sider_gastro_000890,True,True
sider_gastro,stereo,5,sider_gastro_000918,False,False
sider_gastro,stereo,5,sider_gastro_000963,False,False
sider_gastro,stereo,5,sider_gastro_000968,False,False
sider_gastro,stereo,5,sider_gastro_000970,False,False
sider_gastro,stereo,5,sider_gastro_000985,False,False
sider_gastro,stereo,5,sider_gastro_001008,False,False
sider_gastro,stereo,5,sider_gastro_001011,False,False
sider_gastro,stereo,5,sider_gastro_001041,True,True
sider_gastro,stereo,5,sider_gastro_001083,False,False
sider_gastro,stereo,5,sider_gastro_001088,False,False
sider_gastro,stereo,5,sider_gastro_001116,False,False
sider_gastro,stereo,5,sider_gastro_001117,False,False
sider_gastro,stereo,5,sider_gastro_001166,False,False
sider_gastro,stereo,5,sider_gastro_001199,False,False
sider_gastro,stereo,5,sider_gastro_001200,False,False
sider_gastro,stereo,5,sider_gastro_001204,False,False
sider_gastro,stereo,5,sider_gastro_001216,True,True
sider_gastro,stereo,5,sider_gastro_001224,True,True
sider_gastro,stereo,5,sider_gastro_001225,False,False
sider_gastro,stereo,5,sider_gastro_001242,True,True
sider_gastro,stereo,5,sider_gastro_001270,False,False
sider_gastro,stereo,5,sider_gastro_001278,False,False
sider_gastro,stereo,5,sider_gastro_001339,False,False
sider_gastro,stereo,5,sider_gastro_001422,True,True
bace,stereo,20,bace_000049,True,True
bace,stereo,20,bace_000050,True,True
bace,stereo,20,bace_000066,True,True
bace,stereo,20,bace_000072,True,True
bace,stereo,20,bace_000133,False,False
bace,stereo,20,bace_000188,True,True
bace,stereo,20,bace_000192,False,False
bace,stereo,20,bace_000198,False,False
bace,stereo,20,bace_000203,False,False
bace,stereo,20,bace_000271,False,False
bace,stereo,20,bace_000277,False,False
bace,stereo,20,bace_000401,False,False
bace,stereo,20,bace_000446,False,False
bace,stereo,20,bace_000450,False,False
bace,stereo,20,bace_000453,False,False
bace,stereo,20,bace_000461,False,False
bace,stereo,20,bace_000464,False,False
bace,stereo,20,bace_000511,False,False
bace,stereo,20,bace_000526,False,False
bace,stereo,20,bace_000534,False,False
bace,stereo,20,bace_000547,False,False
bace,stereo,20,bace_000548,False,False
bace,stereo,20,bace_000599,False,False
bace,stereo,20,bace_000602,False,False
bace,stereo,20,bace_000605,False,False
bace,stereo,20,bace_000642,False,False
bace,stereo,20,bace_000646,False,False
bace,stereo,20,bace_000653,False,False
bace,stereo,20,bace_000735,False,False
bace,stereo,20,bace_000778,False,False
bace,stereo,20,bace_000789,False,False
bace,stereo,20,bace_000796,False,False
bace,stereo,20,bace_000820,False,False
bace,stereo,20,bace_000827,False,False
bace,stereo,20,bace_000833,False,False
bace,stereo,20,bace_000838,False,False
bace,stereo,20,bace_000886,False,False
bace,stereo,20,bace_000887,False,False
bace,stereo,20,bace_000896,False,False
bace,stereo,20,bace_000901,False,False
bace,stereo,20,bace_000907,False,False
bace,stereo,20,bace_000915,False,False
bace,stereo,20,bace_000941,False,False
bace,stereo,20,bace_000950,False,False
bace,stereo,20,bace_000973,False,False
bace,stereo,20,bace_000977,False,False
bace,stereo,20,bace_000988,False,False
bace,stereo,20,bace_000994,False,False
bace,stereo,20,bace_001029,False,False
bace,stereo,20,bace_001075,False,False
bace,stereo,20,bace_001085,False,False
bace,stereo,20,bace_001126,False,False
bace,stereo,20,bace_001289,False,False
bace,stereo,20,bace_001332,False,False
bace,stereo,20,bace_001334,False,False
bace,stereo,20,bace_001338,False,False
bace,stereo,20,bace_001339,False,False
bace,stereo,20,bace_001341,True,True
bace,stereo,20,bace_001348,False,False
bace,stereo,20,bace_001375,False,False
bace,stereo,20,bace_001382,False,False
bace,stereo,20,bace_001388,False,False
bace,stereo,20,bace_001432,False,False
bace,stereo,20,bace_001433,False,False
bbbp,stereo,20,bbbp_000019,False,False
bbbp,stereo,20,bbbp_000023,True,True
bbbp,stereo,20,bbbp_000035,False,False
bbbp,stereo,20,bbbp_000102,True,True
bbbp,stereo,20,bbbp_000108,False,False
bbbp,stereo,20,bbbp_000132,True,True
bbbp,stereo,20,bbbp_000215,False,False
bbbp,stereo,20,bbbp_000234,False,False
bbbp,stereo,20,bbbp_000254,False,False
bbbp,stereo,20,bbbp_000382,False,False
bbbp,stereo,20,bbbp_000416,True,True
bbbp,stereo,20,bbbp_000418,True,True
bbbp,stereo,20,bbbp_000428,False,False
bbbp,stereo,20,bbbp_000440,False,False
bbbp,stereo,20,bbbp_000445,True,True
bbbp,stereo,20,bbbp_000456,False,False
bbbp,stereo,20,bbbp_000540,False,False
bbbp,stereo,20,bbbp_000558,False,False
bbbp,stereo,20,bbbp_000565,False,False
bbbp,stereo,20,bbbp_000609,False,False
bbbp,stereo,20,bbbp_000631,True,True
bbbp,stereo,20,bbbp_000710,True,True
bbbp,stereo,20,bbbp_000727,True,True
bbbp,stereo,20,bbbp_000754,True,True
bbbp,stereo,20,bbbp_000757,True,True
bbbp,stereo,20,bbbp_000764,True,True
bbbp,stereo,20,bbbp_000765,True,True
bbbp,stereo,20,bbbp_000766,True,True
bbbp,stereo,20,bbbp_000769,True,True
bbbp,stereo,20,bbbp_000778,True,True
bbbp,stereo,20,bbbp_000785,True,True
bbbp,stereo,20,bbbp_000789,True,True
bbbp,stereo,20,bbbp_000790,True,True
bbbp,stereo,20,bbbp_000793,True,True
bbbp,stereo,20,bbbp_000834,True,True
bbbp,stereo,20,bbbp_000884,True,True
bbbp,stereo,20,bbbp_000939,False,False
bbbp,stereo,20,bbbp_000948,True,True
bbbp,stereo,20,bbbp_000949,False,False
bbbp,stereo,20,bbbp_000960,True,True
bbbp,stereo,20,bbbp_000980,False,False
bbbp,stereo,20,bbbp_000991,False,False
bbbp,stereo,20,bbbp_001011,True,True
bbbp,stereo,20,bbbp_001031,True,True
bbbp,stereo,20,bbbp_001099,True,True
bbbp,stereo,20,bbbp_001195,False,False
bbbp,stereo,20,bbbp_001210,True,True
bbbp,stereo,20,bbbp_001214,False,False
bbbp,stereo,20,bbbp_001215,False,False
bbbp,stereo,20,bbbp_001261,False,False
bbbp,stereo,20,bbbp_001304,False,False
bbbp,stereo,20,bbbp_001410,True,True
bbbp,stereo,20,bbbp_001510,False,False
bbbp,stereo,20,bbbp_001534,False,False
bbbp,stereo,20,bbbp_001614,False,False
bbbp,stereo,20,bbbp_001653,False,False
bbbp,stereo,20,bbbp_001666,False,False
bbbp,stereo,20,bbbp_001669,False,False
bbbp,stereo,20,bbbp_001746,True,True
bbbp,stereo,20,bbbp_001824,False,False
bbbp,stereo,20,bbbp_001940,False,False
bbbp,stereo,20,bbbp_001972,False,False
bbbp,stereo,20,bbbp_001976,False,False
bbbp,stereo,20,bbbp_001987,True,True
hiv,stereo,20,hiv_000869,False,False
hiv,stereo,20,hiv_001867,False,False
hiv,stereo,20,hiv_003725,False,False
hiv,stereo,20,hiv_004967,False,False
hiv,stereo,20,hiv_006031,False,False
hiv,stereo,20,hiv_006397,False,False
hiv,stereo,20,hiv_006980,False,False
hiv,stereo,20,hiv_008689,False,False
hiv,stereo,20,hiv_008823,False,False
hiv,stereo,20,hiv_009973,False,False
hiv,stereo,20,hiv_010574,False,False
hiv,stereo,20,hiv_010628,False,False
hiv,stereo,20,hiv_011881,False,False
hiv,stereo,20,hiv_014912,False,False
hiv,stereo,20,hiv_015133,False,False
hiv,stereo,20,hiv_015217,False,False
hiv,stereo,20,hiv_017279,False,False
hiv,stereo,20,hiv_018157,False,False
hiv,stereo,20,hiv_018424,False,False
hiv,stereo,20,hiv_021400,False,False
hiv,stereo,20,hiv_021411,False,False
hiv,stereo,20,hiv_021799,False,False
hiv,stereo,20,hiv_023845,False,False
hiv,stereo,20,hiv_023853,False,False
hiv,stereo,20,hiv_024392,False,False
hiv,stereo,20,hiv_024570,False,False
hiv,stereo,20,hiv_024965,False,False
hiv,stereo,20,hiv_025008,False,False
hiv,stereo,20,hiv_025261,False,False
hiv,stereo,20,hiv_025430,False,False
hiv,stereo,20,hiv_026188,False,False
hiv,stereo,20,hiv_026189,False,False
hiv,stereo,20,hiv_026376,False,False
hiv,stereo,20,hiv_026480,False,False
hiv,stereo,20,hiv_026749,False,False
hiv,stereo,20,hiv_026976,False,False
hiv,stereo,20,hiv_026977,False,False
hiv,stereo,20,hiv_027026,False,False
hiv,stereo,20,hiv_027027,False,False
hiv,stereo,20,hiv_027339,False,False
hiv,stereo,20,hiv_027768,False,False
hiv,stereo,20,hiv_027811,False,False
hiv,stereo,20,hiv_030283,False,False
hiv,stereo,20,hiv_030370,False,False
hiv,stereo,20,hiv_031319,False,False
hiv,stereo,20,hiv_031649,False,False
hiv,stereo,20,hiv_032398,False,False
hiv,stereo,20,hiv_033191,False,False
hiv,stereo,20,hiv_034246,False,False
hiv,stereo,20,hiv_035211,False,False
hiv,stereo,20,hiv_035521,False,False
hiv,stereo,20,hiv_037153,False,False
hiv,stereo,20,hiv_037566,False,False
hiv,stereo,20,hiv_038351,False,False
hiv,stereo,20,hiv_038804,False,False
hiv,stereo,20,hiv_039179,False,False
hiv,stereo,20,hiv_039675,False,False
hiv,stereo,20,hiv_040229,False,False
hiv,stereo,20,hiv_040254,False,False
hiv,stereo,20,hiv_040790,False,False
hiv,stereo,20,hiv_040800,False,False
hiv,stereo,20,hiv_040803,False,False
hiv,stereo,20,hiv_040861,False,False
hiv,stereo,20,hiv_041093,False,False
clintox_tox,stereo,20,clintox_tox_000012,True,True
clintox_tox,stereo,20,clintox_tox_000013,True,True
clintox_tox,stereo,20,clintox_tox_000075,True,True
clintox_tox,stereo,20,clintox_tox_000105,False,False
clintox_tox,stereo,20,clintox_tox_000111,True,True
clintox_tox,stereo,20,clintox_tox_000140,False,False
clintox_tox,stereo,20,clintox_tox_000142,False,False
clintox_tox,stereo,20,clintox_tox_000243,True,True
clintox_tox,stereo,20,clintox_tox_000272,False,False
clintox_tox,stereo,20,clintox_tox_000472,True,True
clintox_tox,stereo,20,clintox_tox_000504,True,True
clintox_tox,stereo,20,clintox_tox_000509,True,True
clintox_tox,stereo,20,clintox_tox_000510,True,True
clintox_tox,stereo,20,clintox_tox_000514,True,True
clintox_tox,stereo,20,clintox_tox_000515,True,True
clintox_tox,stereo,20,clintox_tox_000539,True,True
clintox_tox,stereo,20,clintox_tox_000601,False,False
clintox_tox,stereo,20,clintox_tox_000616,True,True
clintox_tox,stereo,20,clintox_tox_000629,False,False
clintox_tox,stereo,20,clintox_tox_000667,False,False
clintox_tox,stereo,20,clintox_tox_000682,False,False
clintox_tox,stereo,20,clintox_tox_000689,True,True
clintox_tox,stereo,20,clintox_tox_000720,False,False
clintox_tox,stereo,20,clintox_tox_000730,True,True
clintox_tox,stereo,20,clintox_tox_000737,True,True
clintox_tox,stereo,20,clintox_tox_000768,False,False
clintox_tox,stereo,20,clintox_tox_000772,False,False
clintox_tox,stereo,20,clintox_tox_000780,False,False
clintox_tox,stereo,20,clintox_tox_000781,False,False
clintox_tox,stereo,20,clintox_tox_000801,False,False
clintox_tox,stereo,20,clintox_tox_000846,False,False
clintox_tox,stereo,20,clintox_tox_000853,True,True
clintox_tox,stereo,20,clintox_tox_000855,True,True
clintox_tox,stereo,20,clintox_tox_000856,True,True
clintox_tox,stereo,20,clintox_tox_000921,True,True
clintox_tox,stereo,20,clintox_tox_000930,False,False
clintox_tox,stereo,20,clintox_tox_000973,False,False
clintox_tox,stereo,20,clintox_tox_000994,False,False
clintox_tox,stereo,20,clintox_tox_001027,True,True
clintox_tox,stereo,20,clintox_tox_001039,True,True
clintox_tox,stereo,20,clintox_tox_001097,True,True
clintox_tox,stereo,20,clintox_tox_001098,True,True
clintox_tox,stereo,20,clintox_tox_001149,False,False
clintox_tox,stereo,20,clintox_tox_001151,True,True
clintox_tox,stereo,20,clintox_tox_001162,False,False
clintox_tox,stereo,20,clintox_tox_001174,True,True
clintox_tox,stereo,20,clintox_tox_001196,False,False
clintox_tox,stereo,20,clintox_tox_001222,True,True
clintox_tox,stereo,20,clintox_tox_001268,False,False
clintox_tox,stereo,20,clintox_tox_001302,False,False
clintox_tox,stereo,20,clintox_tox_001304,True,True
clintox_tox,stereo,20,clintox_tox_001328,False,False
clintox_tox,stereo,20,clintox_tox_001358,False,False
clintox_tox,stereo,20,clintox_tox_001382,True,True
clintox_tox,stereo,20,clintox_tox_001385,True,True
clintox_tox,stereo,20,clintox_tox_001405,False,False
clintox_tox,stereo,20,clintox_tox_001409,True,True
clintox_tox,stereo,20,clintox_tox_001414,False,False
clintox_tox,stereo,20,clintox_tox_001419,True,True
clintox_tox,stereo,20,clintox_tox_001425,True,True
clintox_tox,stereo,20,clintox_tox_001427,False,False
clintox_tox,stereo,20,clintox_tox_001456,True,True
clintox_tox,stereo,20,clintox_tox_001465,False,False
clintox_tox,stereo,20,clintox_tox_001466,False,False
clintox_fda,stereo,20,clintox_fda_000012,True,True
clintox_fda,stereo,20,clintox_fda_000013,True,True
clintox_fda,stereo,20,clintox_fda_000075,True,True
clintox_fda,stereo,20,clintox_fda_000105,False,False
clintox_fda,stereo,20,clintox_fda_000111,True,True
clintox_fda,stereo,20,clintox_fda_000140,False,False
clintox_fda,stereo,20,clintox_fda_000142,False,False
clintox_fda,stereo,20,clintox_fda_000243,True,True
clintox_fda,stereo,20,clintox_fda_000272,False,False
clintox_fda,stereo,20,clintox_fda_000472,True,True
clintox_fda,stereo,20,clintox_fda_000504,True,True
clintox_fda,stereo,20,clintox_fda_000509,True,True
clintox_fda,stereo,20,clintox_fda_000510,True,True
clintox_fda,stereo,20,clintox_fda_000514,True,True
clintox_fda,stereo,20,clintox_fda_000515,True,True
clintox_fda,stereo,20,clintox_fda_000539,True,True
clintox_fda,stereo,20,clintox_fda_000601,False,False
clintox_fda,stereo,20,clintox_fda_000616,True,True
clintox_fda,stereo,20,clintox_fda_000629,False,False
clintox_fda,stereo,20,clintox_fda_000667,False,False
clintox_fda,stereo,20,clintox_fda_000682,False,False
clintox_fda,stereo,20,clintox_fda_000689,True,True
clintox_fda,stereo,20,clintox_fda_000720,False,False
clintox_fda,stereo,20,clintox_fda_000730,True,True
clintox_fda,stereo,20,clintox_fda_000737,True,True
clintox_fda,stereo,20,clintox_fda_000768,False,False
clintox_fda,stereo,20,clintox_fda_000772,False,False
clintox_fda,stereo,20,clintox_fda_000780,False,False
clintox_fda,stereo,20,clintox_fda_000781,False,False
clintox_fda,stereo,20,clintox_fda_000801,False,False
clintox_fda,stereo,20,clintox_fda_000846,False,False
clintox_fda,stereo,20,clintox_fda_000853,True,True
clintox_fda,stereo,20,clintox_fda_000855,True,True
clintox_fda,stereo,20,clintox_fda_000856,True,True
clintox_fda,stereo,20,clintox_fda_000921,True,True
clintox_fda,stereo,20,clintox_fda_000930,False,False
clintox_fda,stereo,20,clintox_fda_000973,False,False
clintox_fda,stereo,20,clintox_fda_000994,False,False
clintox_fda,stereo,20,clintox_fda_001027,True,True
clintox_fda,stereo,20,clintox_fda_001039,True,True
clintox_fda,stereo,20,clintox_fda_001097,True,True
clintox_fda,stereo,20,clintox_fda_001098,True,True
clintox_fda,stereo,20,clintox_fda_001149,False,False
clintox_fda,stereo,20,clintox_fda_001151,True,True
clintox_fda,stereo,20,clintox_fda_001162,False,False
clintox_fda,stereo,20,clintox_fda_001174,True,True
clintox_fda,stereo,20,clintox_fda_001196,False,False
clintox_fda,stereo,20,clintox_fda_001222,True,True
clintox_fda,stereo,20,clintox_fda_001268,False,False
clintox_fda,stereo,20,clintox_fda_001302,False,False
clintox_fda,stereo,20,clintox_fda_001304,True,True
clintox_fda,stereo,20,clintox_fda_001328,False,False
clintox_fda,stereo,20,clintox_fda_001358,False,False
clintox_fda,stereo,20,clintox_fda_001382,True,True
clintox_fda,stereo,20,clintox_fda_001385,True,True
clintox_fda,stereo,20,clintox_fda_001405,False,False
clintox_fda,stereo,20,clintox_fda_001409,True,True
clintox_fda,stereo,20,clintox_fda_001414,False,False
clintox_fda,stereo,20,clintox_fda_001419,True,True
clintox_fda,stereo,20,clintox_fda_001425,True,True
clintox_fda,stereo,20,clintox_fda_001427,False,False
clintox_fda,stereo,20,clintox_fda_001456,True,True
clintox_fda,stereo,20,clintox_fda_001465,False,False
clintox_fda,stereo,20,clintox_fda_001466,False,False
tox21_ahr,stereo,20,tox21_ahr_000077,True,True
tox21_ahr,stereo,20,tox21_ahr_000090,True,True
tox21_ahr,stereo,20,tox21_ahr_000163,True,True
tox21_ahr,stereo,20,tox21_ahr_000263,False,False
tox21_ahr,stereo,20,tox21_ahr_000522,False,False
tox21_ahr,stereo,20,tox21_ahr_000539,False,False
tox21_ahr,stereo,20,tox21_ahr_000700,False,False
tox21_ahr,stereo,20,tox21_ahr_000941,False,False
tox21_ahr,stereo,20,tox21_ahr_001039,False,False
tox21_ahr,stereo,20,tox21_ahr_001100,True,True
tox21_ahr,stereo,20,tox21_ahr_001351,False,False
tox21_ahr,stereo,20,tox21_ahr_001435,True,True
tox21_ahr,stereo,20,tox21_ahr_001518,True,True
tox21_ahr,stereo,20,tox21_ahr_001533,False,False
tox21_ahr,stereo,20,tox21_ahr_001570,True,True
tox21_ahr,stereo,20,tox21_ahr_001713,False,False
tox21_ahr,stereo,20,tox21_ahr_001953,False,False
tox21_ahr,stereo,20,tox21_ahr_002112,False,False
tox21_ahr,stereo,20,tox21_ahr_002261,False,False
tox21_ahr,stereo,20,tox21_ahr_002325,False,False
tox21_ahr,stereo,20,tox21_ahr_002398,True,True
tox21_ahr,stereo,20,tox21_ahr_002466,False,False
tox21_ahr,stereo,20,tox21_ahr_002504,True,True
tox21_ahr,stereo,20,tox21_ahr_002528,False,False
tox21_ahr,stereo,20,tox21_ahr_002650,False,False
tox21_ahr,stereo,20,tox21_ahr_002854,False,False
tox21_ahr,stereo,20,tox21_ahr_002881,True,True
tox21_ahr,stereo,20,tox21_ahr_003052,False,False
tox21_ahr,stereo,20,tox21_ahr_003077,True,True
tox21_ahr,stereo,20,tox21_ahr_003216,True,True
tox21_ahr,stereo,20,tox21_ahr_003384,False,False
tox21_ahr,stereo,20,tox21_ahr_003399,False,False
tox21_ahr,stereo,20,tox21_ahr_003699,False,False
tox21_ahr,stereo,20,tox21_ahr_003702,False,False
tox21_ahr,stereo,20,tox21_ahr_003981,False,False
tox21_ahr,stereo,20,tox21_ahr_004033,True,True
tox21_ahr,stereo,20,tox21_ahr_004067,True,True
tox21_ahr,stereo,20,tox21_ahr_004181,False,False
tox21_ahr,stereo,20,tox21_ahr_004313,True,True
tox21_ahr,stereo,20,tox21_ahr_004350,False,False
tox21_ahr,stereo,20,tox21_ahr_004633,False,False
tox21_ahr,stereo,20,tox21_ahr_004870,False,False
tox21_ahr,stereo,20,tox21_ahr_004893,False,False
tox21_ahr,stereo,20,tox21_ahr_004981,False,False
tox21_ahr,stereo,20,tox21_ahr_005080,False,False
tox21_ahr,stereo,20,tox21_ahr_005165,False,False
tox21_ahr,stereo,20,tox21_ahr_005644,False,False
tox21_ahr,stereo,20,tox21_ahr_005694,True,True
tox21_ahr,stereo,20,tox21_ahr_005731,False,False
tox21_ahr,stereo,20,tox21_ahr_005755,True,True
tox21_ahr,stereo,20,tox21_ahr_005965,False,False
tox21_ahr,stereo,20,tox21_ahr_006010,True,True
tox21_ahr,stereo,20,tox21_ahr_006150,False,False
tox21_ahr,stereo,20,tox21_ahr_006434,False,False
tox21_ahr,stereo,20,tox21_ahr_006514,False,False
tox21_ahr,stereo,20,tox21_ahr_006516,False,False
tox21_ahr,stereo,20,tox21_ahr_006966,True,True
tox21_ahr,stereo,20,tox21_ahr_007283,False,False
tox21_ahr,stereo,20,tox21_ahr_007351,False,False
tox21_ahr,stereo,20,tox21_ahr_007355,False,False
tox21_ahr,stereo,20,tox21_ahr_007436,True,True
tox21_ahr,stereo,20,tox21_ahr_007562,False,False
tox21_ahr,stereo,20,tox21_ahr_007744,False,False
tox21_ahr,stereo,20,tox21_ahr_007763,False,False
tox21_are,stereo,20,tox21_are_000143,True,True
tox21_are,stereo,20,tox21_are_000163,True,True
tox21_are,stereo,20,tox21_are_000263,False,False
tox21_are,stereo,20,tox21_are_000522,False,False
tox21_are,stereo,20,tox21_are_000782,True,True
tox21_are,stereo,20,tox21_are_000941,False,False
tox21_are,stereo,20,tox21_are_001013,True,True
tox21_are,stereo,20,tox21_are_001039,False,False
tox21_are,stereo,20,tox21_are_001100,True,True
tox21_are,stereo,20,tox21_are_001278,True,True
tox21_are,stereo,20,tox21_are_001340,False,False
tox21_are,stereo,20,tox21_are_001351,False,False
tox21_are,stereo,20,tox21_are_001404,False,False
tox21_are,stereo,20,tox21_are_001460,False,False
tox21_are,stereo,20,tox21_are_001570,True,True
tox21_are,stereo,20,tox21_are_001732,False,False
tox21_are,stereo,20,tox21_are_001789,False,False
tox21_are,stereo,20,tox21_are_001826,False,False
tox21_are,stereo,20,tox21_are_001953,False,False
tox21_are,stereo,20,tox21_are_001968,False,False
tox21_are,stereo,20,tox21_are_002218,True,True
tox21_are,stereo,20,tox21_are_002398,True,True
tox21_are,stereo,20,tox21_are_002466,False,False
tox21_are,stereo,20,tox21_are_002488,False,False
tox21_are,stereo,20,tox21_are_002504,True,True
tox21_are,stereo,20,tox21_are_002528,False,False
tox21_are,stereo,20,tox21_are_002641,False,False
tox21_are,stereo,20,tox21_are_002650,False,False
tox21_are,stereo,20,tox21_are_002854,False,False
tox21_are,stereo,20,tox21_are_002910,True,True
tox21_are,stereo,20,tox21_are_003052,False,False
tox21_are,stereo,20,tox21_are_003384,False,False
tox21_are,stereo,20,tox21_are_003398,False,False
tox21_are,stereo,20,tox21_are_004033,True,True
tox21_are,stereo,20,tox21_are_004067,True,True
tox21_are,stereo,20,tox21_are_004162,False,False
tox21_are,stereo,20,tox21_are_004181,False,False
tox21_are,stereo,20,tox21_are_004350,False,False
tox21_are,stereo,20,tox21_are_004435,False,False
tox21_are,stereo,20,tox21_are_004690,False,False
tox21_are,stereo,20,tox21_are_004851,True,True
tox21_are,stereo,20,tox21_are_004928,False,False
tox21_are,stereo,20,tox21_are_005080,False,False
tox21_are,stereo,20,tox21_are_005285,True,True
tox21_are,stereo,20,tox21_are_005415,False,False
tox21_are,stereo,20,tox21_are_005560,False,False
tox21_are,stereo,20,tox21_are_005644,False,False
tox21_are,stereo,20,tox21_are_005740,True,True
tox21_are,stereo,20,tox21_are_005755,True,True
tox21_are,stereo,20,tox21_are_006150,False,False
tox21_are,stereo,20,tox21_are_006192,False,False
tox21_are,stereo,20,tox21_are_006514,False,False
tox21_are,stereo,20,tox21_are_006536,False,False
tox21_are,stereo,20,tox21_are_006630,False,False
tox21_are,stereo,20,tox21_are_006649,False,False
tox21_are,stereo,20,tox21_are_006850,False,False
tox21_are,stereo,20,tox21_are_006924,False,False
tox21_are,stereo,20,tox21_are_007279,False,False
tox21_are,stereo,20,tox21_are_007283,False,False
tox21_are,stereo,20,tox21_are_007346,False,False
tox21_are,stereo,20,tox21_are_007355,False,False
tox21_are,stereo,20,tox21_are_007436,True,True
tox21_are,stereo,20,tox21_are_007744,False,False
tox21_are,stereo,20,tox21_are_007763,False,False
tox21_mmp,stereo,20,tox21_mmp_000077,True,True
tox21_mmp,stereo,20,tox21_mmp_000090,True,True
tox21_mmp,stereo,20,tox21_mmp_000143,True,True
tox21_mmp,stereo,20,tox21_mmp_000213,False,False
tox21_mmp,stereo,20,tox21_mmp_000263,False,False
tox21_mmp,stereo,20,tox21_mmp_000420,False,False
tox21_mmp,stereo,20,tox21_mmp_000522,False,False
tox21_mmp,stereo,20,tox21_mmp_000782,True,True
tox21_mmp,stereo,20,tox21_mmp_001351,False,False
tox21_mmp,stereo,20,tox21_mmp_001404,False,False
tox21_mmp,stereo,20,tox21_mmp_001533,False,False
tox21_mmp,stereo,20,tox21_mmp_001570,True,True
tox21_mmp,stereo,20,tox21_mmp_001713,False,False
tox21_mmp,stereo,20,tox21_mmp_001732,False,False
tox21_mmp,stereo,20,tox21_mmp_001953,False,False
tox21_mmp,stereo,20,tox21_mmp_001957,False,False
tox21_mmp,stereo,20,tox21_mmp_001968,False,False
tox21_mmp,stereo,20,tox21_mmp_002030,False,False
tox21_mmp,stereo,20,tox21_mmp_002080,False,False
tox21_mmp,stereo,20,tox21_mmp_002112,False,False
tox21_mmp,stereo,20,tox21_mmp_002145,False,False
tox21_mmp,stereo,20,tox21_mmp_002312,True,True
tox21_mmp,stereo,20,tox21_mmp_002398,True,True
tox21_mmp,stereo,20,tox21_mmp_002466,False,False
tox21_mmp,stereo,20,tox21_mmp_002488,False,False
tox21_mmp,stereo,20,tox21_mmp_002504,True,True
tox21_mmp,stereo,20,tox21_mmp_002528,False,False
tox21_mmp,stereo,20,tox21_mmp_002562,False,False
tox21_mmp,stereo,20,tox21_mmp_002650,False,False
tox21_mmp,stereo,20,tox21_mmp_002881,True,True
tox21_mmp,stereo,20,tox21_mmp_002986,False,False
tox21_mmp,stereo,20,tox21_mmp_003077,True,True
tox21_mmp,stereo,20,tox21_mmp_003376,False,False
tox21_mmp,stereo,20,tox21_mmp_003398,False,False
tox21_mmp,stereo,20,tox21_mmp_003927,True,True
tox21_mmp,stereo,20,tox21_mmp_004033,True,True
tox21_mmp,stereo,20,tox21_mmp_004067,True,True
tox21_mmp,stereo,20,tox21_mmp_004135,False,False
tox21_mmp,stereo,20,tox21_mmp_004162,False,False
tox21_mmp,stereo,20,tox21_mmp_004181,False,False
tox21_mmp,stereo,20,tox21_mmp_004350,False,False
tox21_mmp,stereo,20,tox21_mmp_004435,False,False
tox21_mmp,stereo,20,tox21_mmp_004633,False,False
tox21_mmp,stereo,20,tox21_mmp_004690,False,False
tox21_mmp,stereo,20,tox21_mmp_004752,True,True
tox21_mmp,stereo,20,tox21_mmp_004851,True,True
tox21_mmp,stereo,20,tox21_mmp_004870,False,False
tox21_mmp,stereo,20,tox21_mmp_005080,False,False
tox21_mmp,stereo,20,tox21_mmp_005165,False,False
tox21_mmp,stereo,20,tox21_mmp_005228,True,True
tox21_mmp,stereo,20,tox21_mmp_005288,True,True
tox21_mmp,stereo,20,tox21_mmp_005644,False,False
tox21_mmp,stereo,20,tox21_mmp_005755,True,True
tox21_mmp,stereo,20,tox21_mmp_005965,False,False
tox21_mmp,stereo,20,tox21_mmp_006150,False,False
tox21_mmp,stereo,20,tox21_mmp_006434,False,False
tox21_mmp,stereo,20,tox21_mmp_006649,False,False
tox21_mmp,stereo,20,tox21_mmp_007287,False,False
tox21_mmp,stereo,20,tox21_mmp_007355,False,False
tox21_mmp,stereo,20,tox21_mmp_007436,True,True
tox21_mmp,stereo,20,tox21_mmp_007562,False,False
tox21_mmp,stereo,20,tox21_mmp_007744,False,False
tox21_mmp,stereo,20,tox21_mmp_007763,False,False
tox21_mmp,stereo,20,tox21_mmp_007793,False,False
sider_gastro,stereo,20,sider_gastro_000021,False,False
sider_gastro,stereo,20,sider_gastro_000030,False,False
sider_gastro,stereo,20,sider_gastro_000040,False,False
sider_gastro,stereo,20,sider_gastro_000055,False,False
sider_gastro,stereo,20,sider_gastro_000067,False,False
sider_gastro,stereo,20,sider_gastro_000105,False,False
sider_gastro,stereo,20,sider_gastro_000112,False,False
sider_gastro,stereo,20,sider_gastro_000137,False,False
sider_gastro,stereo,20,sider_gastro_000169,False,False
sider_gastro,stereo,20,sider_gastro_000170,False,False
sider_gastro,stereo,20,sider_gastro_000194,True,True
sider_gastro,stereo,20,sider_gastro_000235,False,False
sider_gastro,stereo,20,sider_gastro_000244,True,True
sider_gastro,stereo,20,sider_gastro_000297,False,False
sider_gastro,stereo,20,sider_gastro_000298,False,False
sider_gastro,stereo,20,sider_gastro_000370,False,False
sider_gastro,stereo,20,sider_gastro_000386,False,False
sider_gastro,stereo,20,sider_gastro_000387,False,False
sider_gastro,stereo,20,sider_gastro_000392,False,False
sider_gastro,stereo,20,sider_gastro_000394,False,False
sider_gastro,stereo,20,sider_gastro_000429,False,False
sider_gastro,stereo,20,sider_gastro_000430,False,False
sider_gastro,stereo,20,sider_gastro_000438,False,False
sider_gastro,stereo,20,sider_gastro_000472,False,False
sider_gastro,stereo,20,sider_gastro_000515,False,False
sider_gastro,stereo,20,sider_gastro_000550,False,False
sider_gastro,stereo,20,sider_gastro_000564,False,False
sider_gastro,stereo,20,sider_gastro_000578,False,False
sider_gastro,stereo,20,sider_gastro_000591,False,False
sider_gastro,stereo,20,sider_gastro_000616,True,True
sider_gastro,stereo,20,sider_gastro_000624,True,True
sider_gastro,stereo,20,sider_gastro_000645,False,False
sider_gastro,stereo,20,sider_gastro_000650,False,False
sider_gastro,stereo,20,sider_gastro_000651,False,False
sider_gastro,stereo,20,sider_gastro_000659,False,False
sider_gastro,stereo,20,sider_gastro_000728,False,False
sider_gastro,stereo,20,sider_gastro_000834,True,True
sider_gastro,stereo,20,sider_gastro_000864,False,False
sider_gastro,stereo,20,sider_gastro_000869,False,False
sider_gastro,stereo,20,sider_gastro_000890,True,True
sider_gastro,stereo,20,sider_gastro_000918,False,False
sider_gastro,stereo,20,sider_gastro_000963,False,False
sider_gastro,stereo,20,sider_gastro_000968,False,False
sider_gastro,stereo,20,sider_gastro_000970,False,False
sider_gastro,stereo,20,sider_gastro_000985,False,False
sider_gastro,stereo,20,sider_gastro_001008,False,False
sider_gastro,stereo,20,sider_gastro_001011,False,False
sider_gastro,stereo,20,sider_gastro_001041,True,True
sider_gastro,stereo,20,sider_gastro_001083,False,False
sider_gastro,stereo,20,sider_gastro_001088,False,False
sider_gastro,stereo,20,sider_gastro_001116,False,False
sider_gastro,stereo,20,sider_gastro_001117,False,False
sider_gastro,stereo,20,sider_gastro_001166,False,False
sider_gastro,stereo,20,sider_gastro_001199,False,False
sider_gastro,stereo,20,sider_gastro_001200,False,False
sider_gastro,stereo,20,sider_gastro_001204,False,False
sider_gastro,stereo,20,sider_gastro_001216,True,True
sider_gastro,stereo,20,sider_gastro_001224,True,True
sider_gastro,stereo,20,sider_gastro_001225,False,False
sider_gastro,stereo,20,sider_gastro_001242,True,True
sider_gastro,stereo,20,sider_gastro_001270,False,False
sider_gastro,stereo,20,sider_gastro_001278,False,False
sider_gastro,stereo,20,sider_gastro_001339,False,False
sider_gastro,stereo,20,sider_gastro_001422,True,True
bace,tautomer,1,bace_000049,False,False
bace,tautomer,1,bace_000050,False,False
bace,tautomer,1,bace_000066,False,False
bace,tautomer,1,bace_000072,False,False
bace,tautomer,1,bace_000133,False,False
bace,tautomer,1,bace_000188,True,True
bace,tautomer,1,bace_000192,False,False
bace,tautomer,1,bace_000198,False,False
bace,tautomer,1,bace_000203,False,False
bace,tautomer,1,bace_000271,False,False
bace,tautomer,1,bace_000277,False,False
bace,tautomer,1,bace_000401,False,False
bace,tautomer,1,bace_000446,False,False
bace,tautomer,1,bace_000450,False,False
bace,tautomer,1,bace_000453,False,False
bace,tautomer,1,bace_000461,False,False
bace,tautomer,1,bace_000464,False,False
bace,tautomer,1,bace_000511,False,False
bace,tautomer,1,bace_000526,True,True
bace,tautomer,1,bace_000534,False,False
bace,tautomer,1,bace_000547,False,False
bace,tautomer,1,bace_000548,False,False
bace,tautomer,1,bace_000599,False,False
bace,tautomer,1,bace_000602,True,True
bace,tautomer,1,bace_000605,False,False
bace,tautomer,1,bace_000642,False,False
bace,tautomer,1,bace_000646,False,False
bace,tautomer,1,bace_000653,False,False
bace,tautomer,1,bace_000735,False,False
bace,tautomer,1,bace_000778,False,False
bace,tautomer,1,bace_000789,False,False
bace,tautomer,1,bace_000796,True,True
bace,tautomer,1,bace_000820,True,True
bace,tautomer,1,bace_000827,False,False
bace,tautomer,1,bace_000833,True,True
bace,tautomer,1,bace_000838,False,False
bace,tautomer,1,bace_000886,False,False
bace,tautomer,1,bace_000887,False,False
bace,tautomer,1,bace_000896,False,False
bace,tautomer,1,bace_000901,False,False
bace,tautomer,1,bace_000907,True,True
bace,tautomer,1,bace_000915,False,False
bace,tautomer,1,bace_000941,False,False
bace,tautomer,1,bace_000950,False,False
bace,tautomer,1,bace_000973,False,False
bace,tautomer,1,bace_000977,False,False
bace,tautomer,1,bace_000988,False,False
bace,tautomer,1,bace_000994,False,False
bace,tautomer,1,bace_001029,False,False
bace,tautomer,1,bace_001075,False,False
bace,tautomer,1,bace_001085,False,False
bace,tautomer,1,bace_001126,False,False
bace,tautomer,1,bace_001289,False,False
bace,tautomer,1,bace_001332,False,False
bace,tautomer,1,bace_001334,False,False
bace,tautomer,1,bace_001338,False,False
bace,tautomer,1,bace_001339,False,False
bace,tautomer,1,bace_001341,True,True
bace,tautomer,1,bace_001348,True,True
bace,tautomer,1,bace_001375,False,False
bace,tautomer,1,bace_001382,False,False
bace,tautomer,1,bace_001388,False,False
bace,tautomer,1,bace_001432,False,False
bace,tautomer,1,bace_001433,True,True
bbbp,tautomer,1,bbbp_000019,False,False
bbbp,tautomer,1,bbbp_000023,False,False
bbbp,tautomer,1,bbbp_000035,False,False
bbbp,tautomer,1,bbbp_000102,True,True
bbbp,tautomer,1,bbbp_000108,False,False
bbbp,tautomer,1,bbbp_000132,True,True
bbbp,tautomer,1,bbbp_000215,False,False
bbbp,tautomer,1,bbbp_000234,False,False
bbbp,tautomer,1,bbbp_000254,False,False
bbbp,tautomer,1,bbbp_000382,True,True
bbbp,tautomer,1,bbbp_000416,False,False
bbbp,tautomer,1,bbbp_000418,False,False
bbbp,tautomer,1,bbbp_000428,False,False
bbbp,tautomer,1,bbbp_000440,False,False
bbbp,tautomer,1,bbbp_000445,False,False
bbbp,tautomer,1,bbbp_000456,False,False
bbbp,tautomer,1,bbbp_000540,False,False
bbbp,tautomer,1,bbbp_000558,False,False
bbbp,tautomer,1,bbbp_000565,False,False
bbbp,tautomer,1,bbbp_000609,False,False
bbbp,tautomer,1,bbbp_000631,False,False
bbbp,tautomer,1,bbbp_000710,False,False
bbbp,tautomer,1,bbbp_000727,True,True
bbbp,tautomer,1,bbbp_000754,True,True
bbbp,tautomer,1,bbbp_000757,True,True
bbbp,tautomer,1,bbbp_000764,True,True
bbbp,tautomer,1,bbbp_000765,True,True
bbbp,tautomer,1,bbbp_000766,True,True
bbbp,tautomer,1,bbbp_000769,True,True
bbbp,tautomer,1,bbbp_000778,True,True
bbbp,tautomer,1,bbbp_000785,True,True
bbbp,tautomer,1,bbbp_000789,True,True
bbbp,tautomer,1,bbbp_000790,True,True
bbbp,tautomer,1,bbbp_000793,True,True
bbbp,tautomer,1,bbbp_000834,True,True
bbbp,tautomer,1,bbbp_000884,False,False
bbbp,tautomer,1,bbbp_000939,False,False
bbbp,tautomer,1,bbbp_000948,False,False
bbbp,tautomer,1,bbbp_000949,False,False
bbbp,tautomer,1,bbbp_000960,False,False
bbbp,tautomer,1,bbbp_000980,False,False
bbbp,tautomer,1,bbbp_000991,False,False
bbbp,tautomer,1,bbbp_001011,True,True
bbbp,tautomer,1,bbbp_001031,False,False
bbbp,tautomer,1,bbbp_001099,True,True
bbbp,tautomer,1,bbbp_001195,False,False
bbbp,tautomer,1,bbbp_001210,False,False
bbbp,tautomer,1,bbbp_001214,False,False
bbbp,tautomer,1,bbbp_001215,False,False
bbbp,tautomer,1,bbbp_001261,False,False
bbbp,tautomer,1,bbbp_001304,False,False
bbbp,tautomer,1,bbbp_001410,False,False
bbbp,tautomer,1,bbbp_001510,False,False
bbbp,tautomer,1,bbbp_001534,False,False
bbbp,tautomer,1,bbbp_001614,False,False
bbbp,tautomer,1,bbbp_001653,False,False
bbbp,tautomer,1,bbbp_001666,False,False
bbbp,tautomer,1,bbbp_001669,False,False
bbbp,tautomer,1,bbbp_001746,False,False
bbbp,tautomer,1,bbbp_001824,False,False
bbbp,tautomer,1,bbbp_001940,False,False
bbbp,tautomer,1,bbbp_001972,False,False
bbbp,tautomer,1,bbbp_001976,False,False
bbbp,tautomer,1,bbbp_001987,False,False
hiv,tautomer,1,hiv_000869,True,True
hiv,tautomer,1,hiv_001867,True,True
hiv,tautomer,1,hiv_003725,False,False
hiv,tautomer,1,hiv_004967,False,False
hiv,tautomer,1,hiv_006031,False,False
hiv,tautomer,1,hiv_006397,False,False
hiv,tautomer,1,hiv_006980,False,False
hiv,tautomer,1,hiv_008689,False,False
hiv,tautomer,1,hiv_008823,False,False
hiv,tautomer,1,hiv_009973,False,False
hiv,tautomer,1,hiv_010574,True,True
hiv,tautomer,1,hiv_010628,False,False
hiv,tautomer,1,hiv_011881,False,False
hiv,tautomer,1,hiv_014912,False,False
hiv,tautomer,1,hiv_015133,False,False
hiv,tautomer,1,hiv_015217,False,False
hiv,tautomer,1,hiv_017279,False,False
hiv,tautomer,1,hiv_018157,False,False
hiv,tautomer,1,hiv_018424,False,False
hiv,tautomer,1,hiv_021400,False,False
hiv,tautomer,1,hiv_021411,False,False
hiv,tautomer,1,hiv_021799,False,False
hiv,tautomer,1,hiv_023845,False,False
hiv,tautomer,1,hiv_023853,False,False
hiv,tautomer,1,hiv_024392,False,False
hiv,tautomer,1,hiv_024570,False,False
hiv,tautomer,1,hiv_024965,False,False
hiv,tautomer,1,hiv_025008,False,False
hiv,tautomer,1,hiv_025261,False,False
hiv,tautomer,1,hiv_025430,True,True
hiv,tautomer,1,hiv_026188,False,False
hiv,tautomer,1,hiv_026189,False,False
hiv,tautomer,1,hiv_026376,False,False
hiv,tautomer,1,hiv_026480,False,False
hiv,tautomer,1,hiv_026749,False,False
hiv,tautomer,1,hiv_026976,False,False
hiv,tautomer,1,hiv_026977,False,False
hiv,tautomer,1,hiv_027026,False,False
hiv,tautomer,1,hiv_027027,False,False
hiv,tautomer,1,hiv_027339,False,False
hiv,tautomer,1,hiv_027768,False,False
hiv,tautomer,1,hiv_027811,False,False
hiv,tautomer,1,hiv_030283,True,True
hiv,tautomer,1,hiv_030370,False,False
hiv,tautomer,1,hiv_031319,False,False
hiv,tautomer,1,hiv_031649,False,False
hiv,tautomer,1,hiv_032398,False,False
hiv,tautomer,1,hiv_033191,False,False
hiv,tautomer,1,hiv_034246,False,False
hiv,tautomer,1,hiv_035211,False,False
hiv,tautomer,1,hiv_035521,False,False
hiv,tautomer,1,hiv_037153,False,False
hiv,tautomer,1,hiv_037566,False,False
hiv,tautomer,1,hiv_038351,False,False
hiv,tautomer,1,hiv_038804,False,False
hiv,tautomer,1,hiv_039179,False,False
hiv,tautomer,1,hiv_039675,False,False
hiv,tautomer,1,hiv_040229,False,False
hiv,tautomer,1,hiv_040254,False,False
hiv,tautomer,1,hiv_040790,False,False
hiv,tautomer,1,hiv_040800,False,False
hiv,tautomer,1,hiv_040803,False,False
hiv,tautomer,1,hiv_040861,False,False
hiv,tautomer,1,hiv_041093,False,False
clintox_tox,tautomer,1,clintox_tox_000012,True,True
clintox_tox,tautomer,1,clintox_tox_000013,True,True
clintox_tox,tautomer,1,clintox_tox_000075,True,True
clintox_tox,tautomer,1,clintox_tox_000105,False,False
clintox_tox,tautomer,1,clintox_tox_000111,False,False
clintox_tox,tautomer,1,clintox_tox_000140,False,False
clintox_tox,tautomer,1,clintox_tox_000142,False,False
clintox_tox,tautomer,1,clintox_tox_000243,True,True
clintox_tox,tautomer,1,clintox_tox_000272,False,False
clintox_tox,tautomer,1,clintox_tox_000472,False,False
clintox_tox,tautomer,1,clintox_tox_000504,False,False
clintox_tox,tautomer,1,clintox_tox_000509,False,False
clintox_tox,tautomer,1,clintox_tox_000510,False,False
clintox_tox,tautomer,1,clintox_tox_000514,False,False
clintox_tox,tautomer,1,clintox_tox_000515,False,False
clintox_tox,tautomer,1,clintox_tox_000539,True,True
clintox_tox,tautomer,1,clintox_tox_000601,False,False
clintox_tox,tautomer,1,clintox_tox_000616,False,False
clintox_tox,tautomer,1,clintox_tox_000629,False,False
clintox_tox,tautomer,1,clintox_tox_000667,False,False
clintox_tox,tautomer,1,clintox_tox_000682,False,False
clintox_tox,tautomer,1,clintox_tox_000689,True,True
clintox_tox,tautomer,1,clintox_tox_000720,False,False
clintox_tox,tautomer,1,clintox_tox_000730,False,False
clintox_tox,tautomer,1,clintox_tox_000737,True,True
clintox_tox,tautomer,1,clintox_tox_000768,False,False
clintox_tox,tautomer,1,clintox_tox_000772,False,False
clintox_tox,tautomer,1,clintox_tox_000780,False,False
clintox_tox,tautomer,1,clintox_tox_000781,False,False
clintox_tox,tautomer,1,clintox_tox_000801,False,False
clintox_tox,tautomer,1,clintox_tox_000846,False,False
clintox_tox,tautomer,1,clintox_tox_000853,True,True
clintox_tox,tautomer,1,clintox_tox_000855,True,True
clintox_tox,tautomer,1,clintox_tox_000856,True,True
clintox_tox,tautomer,1,clintox_tox_000921,False,False
clintox_tox,tautomer,1,clintox_tox_000930,False,False
clintox_tox,tautomer,1,clintox_tox_000973,False,False
clintox_tox,tautomer,1,clintox_tox_000994,False,False
clintox_tox,tautomer,1,clintox_tox_001027,False,False
clintox_tox,tautomer,1,clintox_tox_001039,True,True
clintox_tox,tautomer,1,clintox_tox_001097,False,False
clintox_tox,tautomer,1,clintox_tox_001098,True,True
clintox_tox,tautomer,1,clintox_tox_001149,False,False
clintox_tox,tautomer,1,clintox_tox_001151,True,True
clintox_tox,tautomer,1,clintox_tox_001162,False,False
clintox_tox,tautomer,1,clintox_tox_001174,False,False
clintox_tox,tautomer,1,clintox_tox_001196,False,False
clintox_tox,tautomer,1,clintox_tox_001222,True,True
clintox_tox,tautomer,1,clintox_tox_001268,False,False
clintox_tox,tautomer,1,clintox_tox_001302,False,False
clintox_tox,tautomer,1,clintox_tox_001304,True,True
clintox_tox,tautomer,1,clintox_tox_001328,False,False
clintox_tox,tautomer,1,clintox_tox_001358,False,False
clintox_tox,tautomer,1,clintox_tox_001382,True,True
clintox_tox,tautomer,1,clintox_tox_001385,True,True
clintox_tox,tautomer,1,clintox_tox_001405,True,True
clintox_tox,tautomer,1,clintox_tox_001409,False,False
clintox_tox,tautomer,1,clintox_tox_001414,False,False
clintox_tox,tautomer,1,clintox_tox_001419,False,False
clintox_tox,tautomer,1,clintox_tox_001425,True,True
clintox_tox,tautomer,1,clintox_tox_001427,False,False
clintox_tox,tautomer,1,clintox_tox_001456,False,False
clintox_tox,tautomer,1,clintox_tox_001465,False,False
clintox_tox,tautomer,1,clintox_tox_001466,False,False
clintox_fda,tautomer,1,clintox_fda_000012,True,True
clintox_fda,tautomer,1,clintox_fda_000013,True,True
clintox_fda,tautomer,1,clintox_fda_000075,True,True
clintox_fda,tautomer,1,clintox_fda_000105,False,False
clintox_fda,tautomer,1,clintox_fda_000111,False,False
clintox_fda,tautomer,1,clintox_fda_000140,False,False
clintox_fda,tautomer,1,clintox_fda_000142,False,False
clintox_fda,tautomer,1,clintox_fda_000243,True,True
clintox_fda,tautomer,1,clintox_fda_000272,False,False
clintox_fda,tautomer,1,clintox_fda_000472,False,False
clintox_fda,tautomer,1,clintox_fda_000504,False,False
clintox_fda,tautomer,1,clintox_fda_000509,False,False
clintox_fda,tautomer,1,clintox_fda_000510,False,False
clintox_fda,tautomer,1,clintox_fda_000514,False,False
clintox_fda,tautomer,1,clintox_fda_000515,False,False
clintox_fda,tautomer,1,clintox_fda_000539,True,True
clintox_fda,tautomer,1,clintox_fda_000601,False,False
clintox_fda,tautomer,1,clintox_fda_000616,False,False
clintox_fda,tautomer,1,clintox_fda_000629,False,False
clintox_fda,tautomer,1,clintox_fda_000667,False,False
clintox_fda,tautomer,1,clintox_fda_000682,False,False
clintox_fda,tautomer,1,clintox_fda_000689,True,True
clintox_fda,tautomer,1,clintox_fda_000720,False,False
clintox_fda,tautomer,1,clintox_fda_000730,False,False
clintox_fda,tautomer,1,clintox_fda_000737,True,True
clintox_fda,tautomer,1,clintox_fda_000768,False,False
clintox_fda,tautomer,1,clintox_fda_000772,False,False
clintox_fda,tautomer,1,clintox_fda_000780,False,False
clintox_fda,tautomer,1,clintox_fda_000781,False,False
clintox_fda,tautomer,1,clintox_fda_000801,False,False
clintox_fda,tautomer,1,clintox_fda_000846,False,False
clintox_fda,tautomer,1,clintox_fda_000853,True,True
clintox_fda,tautomer,1,clintox_fda_000855,True,True
clintox_fda,tautomer,1,clintox_fda_000856,True,True
clintox_fda,tautomer,1,clintox_fda_000921,False,False
clintox_fda,tautomer,1,clintox_fda_000930,False,False
clintox_fda,tautomer,1,clintox_fda_000973,False,False
clintox_fda,tautomer,1,clintox_fda_000994,False,False
clintox_fda,tautomer,1,clintox_fda_001027,False,False
clintox_fda,tautomer,1,clintox_fda_001039,True,True
clintox_fda,tautomer,1,clintox_fda_001097,False,False
clintox_fda,tautomer,1,clintox_fda_001098,True,True
clintox_fda,tautomer,1,clintox_fda_001149,False,False
clintox_fda,tautomer,1,clintox_fda_001151,True,True
clintox_fda,tautomer,1,clintox_fda_001162,False,False
clintox_fda,tautomer,1,clintox_fda_001174,False,False
clintox_fda,tautomer,1,clintox_fda_001196,False,False
clintox_fda,tautomer,1,clintox_fda_001222,True,True
clintox_fda,tautomer,1,clintox_fda_001268,False,False
clintox_fda,tautomer,1,clintox_fda_001302,False,False
clintox_fda,tautomer,1,clintox_fda_001304,True,True
clintox_fda,tautomer,1,clintox_fda_001328,False,False
clintox_fda,tautomer,1,clintox_fda_001358,False,False
clintox_fda,tautomer,1,clintox_fda_001382,True,True
clintox_fda,tautomer,1,clintox_fda_001385,True,True
clintox_fda,tautomer,1,clintox_fda_001405,True,True
clintox_fda,tautomer,1,clintox_fda_001409,False,False
clintox_fda,tautomer,1,clintox_fda_001414,False,False
clintox_fda,tautomer,1,clintox_fda_001419,False,False
clintox_fda,tautomer,1,clintox_fda_001425,True,True
clintox_fda,tautomer,1,clintox_fda_001427,False,False
clintox_fda,tautomer,1,clintox_fda_001456,False,False
clintox_fda,tautomer,1,clintox_fda_001465,False,False
clintox_fda,tautomer,1,clintox_fda_001466,False,False
tox21_ahr,tautomer,1,tox21_ahr_000077,False,False
tox21_ahr,tautomer,1,tox21_ahr_000090,False,False
tox21_ahr,tautomer,1,tox21_ahr_000163,True,True
tox21_ahr,tautomer,1,tox21_ahr_000263,False,False
tox21_ahr,tautomer,1,tox21_ahr_000522,False,False
tox21_ahr,tautomer,1,tox21_ahr_000539,False,False
tox21_ahr,tautomer,1,tox21_ahr_000700,False,False
tox21_ahr,tautomer,1,tox21_ahr_000941,True,True
tox21_ahr,tautomer,1,tox21_ahr_001039,False,False
tox21_ahr,tautomer,1,tox21_ahr_001100,False,False
tox21_ahr,tautomer,1,tox21_ahr_001351,False,False
tox21_ahr,tautomer,1,tox21_ahr_001435,True,True
tox21_ahr,tautomer,1,tox21_ahr_001518,False,False
tox21_ahr,tautomer,1,tox21_ahr_001533,False,False
tox21_ahr,tautomer,1,tox21_ahr_001570,False,False
tox21_ahr,tautomer,1,tox21_ahr_001713,False,False
tox21_ahr,tautomer,1,tox21_ahr_001953,False,False
tox21_ahr,tautomer,1,tox21_ahr_002112,False,False
tox21_ahr,tautomer,1,tox21_ahr_002261,False,False
tox21_ahr,tautomer,1,tox21_ahr_002325,False,False
tox21_ahr,tautomer,1,tox21_ahr_002398,True,True
tox21_ahr,tautomer,1,tox21_ahr_002466,False,False
tox21_ahr,tautomer,1,tox21_ahr_002504,False,False
tox21_ahr,tautomer,1,tox21_ahr_002528,False,False
tox21_ahr,tautomer,1,tox21_ahr_002650,False,False
tox21_ahr,tautomer,1,tox21_ahr_002854,False,False
tox21_ahr,tautomer,1,tox21_ahr_002881,True,True
tox21_ahr,tautomer,1,tox21_ahr_003052,False,False
tox21_ahr,tautomer,1,tox21_ahr_003077,False,False
tox21_ahr,tautomer,1,tox21_ahr_003216,True,True
tox21_ahr,tautomer,1,tox21_ahr_003384,False,False
tox21_ahr,tautomer,1,tox21_ahr_003399,False,False
tox21_ahr,tautomer,1,tox21_ahr_003699,False,False
tox21_ahr,tautomer,1,tox21_ahr_003702,False,False
tox21_ahr,tautomer,1,tox21_ahr_003981,False,False
tox21_ahr,tautomer,1,tox21_ahr_004033,False,False
tox21_ahr,tautomer,1,tox21_ahr_004067,True,True
tox21_ahr,tautomer,1,tox21_ahr_004181,False,False
tox21_ahr,tautomer,1,tox21_ahr_004313,True,True
tox21_ahr,tautomer,1,tox21_ahr_004350,False,False
tox21_ahr,tautomer,1,tox21_ahr_004633,False,False
tox21_ahr,tautomer,1,tox21_ahr_004870,False,False
tox21_ahr,tautomer,1,tox21_ahr_004893,False,False
tox21_ahr,tautomer,1,tox21_ahr_004981,False,False
tox21_ahr,tautomer,1,tox21_ahr_005080,False,False
tox21_ahr,tautomer,1,tox21_ahr_005165,False,False
tox21_ahr,tautomer,1,tox21_ahr_005644,False,False
tox21_ahr,tautomer,1,tox21_ahr_005694,True,True
tox21_ahr,tautomer,1,tox21_ahr_005731,False,False
tox21_ahr,tautomer,1,tox21_ahr_005755,False,False
tox21_ahr,tautomer,1,tox21_ahr_005965,False,False
tox21_ahr,tautomer,1,tox21_ahr_006010,True,True
tox21_ahr,tautomer,1,tox21_ahr_006150,False,False
tox21_ahr,tautomer,1,tox21_ahr_006434,False,False
tox21_ahr,tautomer,1,tox21_ahr_006514,True,True
tox21_ahr,tautomer,1,tox21_ahr_006516,False,False
tox21_ahr,tautomer,1,tox21_ahr_006966,False,False
tox21_ahr,tautomer,1,tox21_ahr_007283,False,False
tox21_ahr,tautomer,1,tox21_ahr_007351,False,False
tox21_ahr,tautomer,1,tox21_ahr_007355,False,False
tox21_ahr,tautomer,1,tox21_ahr_007436,False,False
tox21_ahr,tautomer,1,tox21_ahr_007562,False,False
tox21_ahr,tautomer,1,tox21_ahr_007744,False,False
tox21_ahr,tautomer,1,tox21_ahr_007763,False,False
tox21_are,tautomer,1,tox21_are_000143,False,False
tox21_are,tautomer,1,tox21_are_000163,True,True
tox21_are,tautomer,1,tox21_are_000263,False,False
tox21_are,tautomer,1,tox21_are_000522,False,False
tox21_are,tautomer,1,tox21_are_000782,True,True
tox21_are,tautomer,1,tox21_are_000941,True,True
tox21_are,tautomer,1,tox21_are_001013,False,False
tox21_are,tautomer,1,tox21_are_001039,False,False
tox21_are,tautomer,1,tox21_are_001100,False,False
tox21_are,tautomer,1,tox21_are_001278,False,False
tox21_are,tautomer,1,tox21_are_001340,False,False
tox21_are,tautomer,1,tox21_are_001351,False,False
tox21_are,tautomer,1,tox21_are_001404,False,False
tox21_are,tautomer,1,tox21_are_001460,False,False
tox21_are,tautomer,1,tox21_are_001570,False,False
tox21_are,tautomer,1,tox21_are_001732,False,False
tox21_are,tautomer,1,tox21_are_001789,False,False
tox21_are,tautomer,1,tox21_are_001826,False,False
tox21_are,tautomer,1,tox21_are_001953,False,False
tox21_are,tautomer,1,tox21_are_001968,False,False
tox21_are,tautomer,1,tox21_are_002218,False,False
tox21_are,tautomer,1,tox21_are_002398,True,True
tox21_are,tautomer,1,tox21_are_002466,False,False
tox21_are,tautomer,1,tox21_are_002488,False,False
tox21_are,tautomer,1,tox21_are_002504,False,False
tox21_are,tautomer,1,tox21_are_002528,False,False
tox21_are,tautomer,1,tox21_are_002641,False,False
tox21_are,tautomer,1,tox21_are_002650,False,False
tox21_are,tautomer,1,tox21_are_002854,False,False
tox21_are,tautomer,1,tox21_are_002910,True,True
tox21_are,tautomer,1,tox21_are_003052,False,False
tox21_are,tautomer,1,tox21_are_003384,False,False
tox21_are,tautomer,1,tox21_are_003398,False,False
tox21_are,tautomer,1,tox21_are_004033,False,False
tox21_are,tautomer,1,tox21_are_004067,True,True
tox21_are,tautomer,1,tox21_are_004162,False,False
tox21_are,tautomer,1,tox21_are_004181,False,False
tox21_are,tautomer,1,tox21_are_004350,False,False
tox21_are,tautomer,1,tox21_are_004435,False,False
tox21_are,tautomer,1,tox21_are_004690,False,False
tox21_are,tautomer,1,tox21_are_004851,False,False
tox21_are,tautomer,1,tox21_are_004928,False,False
tox21_are,tautomer,1,tox21_are_005080,False,False
tox21_are,tautomer,1,tox21_are_005285,True,True
tox21_are,tautomer,1,tox21_are_005415,False,False
tox21_are,tautomer,1,tox21_are_005560,False,False
tox21_are,tautomer,1,tox21_are_005644,False,False
tox21_are,tautomer,1,tox21_are_005740,False,False
tox21_are,tautomer,1,tox21_are_005755,False,False
tox21_are,tautomer,1,tox21_are_006150,False,False
tox21_are,tautomer,1,tox21_are_006192,False,False
tox21_are,tautomer,1,tox21_are_006514,True,True
tox21_are,tautomer,1,tox21_are_006536,False,False
tox21_are,tautomer,1,tox21_are_006630,False,False
tox21_are,tautomer,1,tox21_are_006649,False,False
tox21_are,tautomer,1,tox21_are_006850,False,False
tox21_are,tautomer,1,tox21_are_006924,False,False
tox21_are,tautomer,1,tox21_are_007279,False,False
tox21_are,tautomer,1,tox21_are_007283,False,False
tox21_are,tautomer,1,tox21_are_007346,False,False
tox21_are,tautomer,1,tox21_are_007355,False,False
tox21_are,tautomer,1,tox21_are_007436,False,False
tox21_are,tautomer,1,tox21_are_007744,False,False
tox21_are,tautomer,1,tox21_are_007763,False,False
tox21_mmp,tautomer,1,tox21_mmp_000077,False,False
tox21_mmp,tautomer,1,tox21_mmp_000090,False,False
tox21_mmp,tautomer,1,tox21_mmp_000143,False,False
tox21_mmp,tautomer,1,tox21_mmp_000213,False,False
tox21_mmp,tautomer,1,tox21_mmp_000263,False,False
tox21_mmp,tautomer,1,tox21_mmp_000420,False,False
tox21_mmp,tautomer,1,tox21_mmp_000522,False,False
tox21_mmp,tautomer,1,tox21_mmp_000782,True,True
tox21_mmp,tautomer,1,tox21_mmp_001351,False,False
tox21_mmp,tautomer,1,tox21_mmp_001404,False,False
tox21_mmp,tautomer,1,tox21_mmp_001533,False,False
tox21_mmp,tautomer,1,tox21_mmp_001570,False,False
tox21_mmp,tautomer,1,tox21_mmp_001713,False,False
tox21_mmp,tautomer,1,tox21_mmp_001732,False,False
tox21_mmp,tautomer,1,tox21_mmp_001953,False,False
tox21_mmp,tautomer,1,tox21_mmp_001957,False,False
tox21_mmp,tautomer,1,tox21_mmp_001968,False,False
tox21_mmp,tautomer,1,tox21_mmp_002030,False,False
tox21_mmp,tautomer,1,tox21_mmp_002080,False,False
tox21_mmp,tautomer,1,tox21_mmp_002112,False,False
tox21_mmp,tautomer,1,tox21_mmp_002145,False,False
tox21_mmp,tautomer,1,tox21_mmp_002312,True,True
tox21_mmp,tautomer,1,tox21_mmp_002398,True,True
tox21_mmp,tautomer,1,tox21_mmp_002466,False,False
tox21_mmp,tautomer,1,tox21_mmp_002488,False,False
tox21_mmp,tautomer,1,tox21_mmp_002504,False,False
tox21_mmp,tautomer,1,tox21_mmp_002528,False,False
tox21_mmp,tautomer,1,tox21_mmp_002562,False,False
tox21_mmp,tautomer,1,tox21_mmp_002650,False,False
tox21_mmp,tautomer,1,tox21_mmp_002881,True,True
tox21_mmp,tautomer,1,tox21_mmp_002986,False,False
tox21_mmp,tautomer,1,tox21_mmp_003077,False,False
tox21_mmp,tautomer,1,tox21_mmp_003376,False,False
tox21_mmp,tautomer,1,tox21_mmp_003398,False,False
tox21_mmp,tautomer,1,tox21_mmp_003927,False,False
tox21_mmp,tautomer,1,tox21_mmp_004033,False,False
tox21_mmp,tautomer,1,tox21_mmp_004067,True,True
tox21_mmp,tautomer,1,tox21_mmp_004135,False,False
tox21_mmp,tautomer,1,tox21_mmp_004162,False,False
tox21_mmp,tautomer,1,tox21_mmp_004181,False,False
tox21_mmp,tautomer,1,tox21_mmp_004350,False,False
tox21_mmp,tautomer,1,tox21_mmp_004435,False,False
tox21_mmp,tautomer,1,tox21_mmp_004633,False,False
tox21_mmp,tautomer,1,tox21_mmp_004690,False,False
tox21_mmp,tautomer,1,tox21_mmp_004752,True,True
tox21_mmp,tautomer,1,tox21_mmp_004851,False,False
tox21_mmp,tautomer,1,tox21_mmp_004870,False,False
tox21_mmp,tautomer,1,tox21_mmp_005080,False,False
tox21_mmp,tautomer,1,tox21_mmp_005165,False,False
tox21_mmp,tautomer,1,tox21_mmp_005228,False,False
tox21_mmp,tautomer,1,tox21_mmp_005288,True,True
tox21_mmp,tautomer,1,tox21_mmp_005644,False,False
tox21_mmp,tautomer,1,tox21_mmp_005755,False,False
tox21_mmp,tautomer,1,tox21_mmp_005965,False,False
tox21_mmp,tautomer,1,tox21_mmp_006150,False,False
tox21_mmp,tautomer,1,tox21_mmp_006434,False,False
tox21_mmp,tautomer,1,tox21_mmp_006649,False,False
tox21_mmp,tautomer,1,tox21_mmp_007287,False,False
tox21_mmp,tautomer,1,tox21_mmp_007355,False,False
tox21_mmp,tautomer,1,tox21_mmp_007436,False,False
tox21_mmp,tautomer,1,tox21_mmp_007562,False,False
tox21_mmp,tautomer,1,tox21_mmp_007744,False,False
tox21_mmp,tautomer,1,tox21_mmp_007763,False,False
tox21_mmp,tautomer,1,tox21_mmp_007793,False,False
sider_gastro,tautomer,1,sider_gastro_000021,False,False
sider_gastro,tautomer,1,sider_gastro_000030,False,False
sider_gastro,tautomer,1,sider_gastro_000040,False,False
sider_gastro,tautomer,1,sider_gastro_000055,False,False
sider_gastro,tautomer,1,sider_gastro_000067,False,False
sider_gastro,tautomer,1,sider_gastro_000105,False,False
sider_gastro,tautomer,1,sider_gastro_000112,False,False
sider_gastro,tautomer,1,sider_gastro_000137,False,False
sider_gastro,tautomer,1,sider_gastro_000169,False,False
sider_gastro,tautomer,1,sider_gastro_000170,False,False
sider_gastro,tautomer,1,sider_gastro_000194,True,True
sider_gastro,tautomer,1,sider_gastro_000235,False,False
sider_gastro,tautomer,1,sider_gastro_000244,True,True
sider_gastro,tautomer,1,sider_gastro_000297,False,False
sider_gastro,tautomer,1,sider_gastro_000298,True,True
sider_gastro,tautomer,1,sider_gastro_000370,False,False
sider_gastro,tautomer,1,sider_gastro_000386,False,False
sider_gastro,tautomer,1,sider_gastro_000387,False,False
sider_gastro,tautomer,1,sider_gastro_000392,False,False
sider_gastro,tautomer,1,sider_gastro_000394,False,False
sider_gastro,tautomer,1,sider_gastro_000429,False,False
sider_gastro,tautomer,1,sider_gastro_000430,False,False
sider_gastro,tautomer,1,sider_gastro_000438,True,True
sider_gastro,tautomer,1,sider_gastro_000472,False,False
sider_gastro,tautomer,1,sider_gastro_000515,False,False
sider_gastro,tautomer,1,sider_gastro_000550,False,False
sider_gastro,tautomer,1,sider_gastro_000564,True,True
sider_gastro,tautomer,1,sider_gastro_000578,False,False
sider_gastro,tautomer,1,sider_gastro_000591,False,False
sider_gastro,tautomer,1,sider_gastro_000616,True,True
sider_gastro,tautomer,1,sider_gastro_000624,False,False
sider_gastro,tautomer,1,sider_gastro_000645,False,False
sider_gastro,tautomer,1,sider_gastro_000650,False,False
sider_gastro,tautomer,1,sider_gastro_000651,False,False
sider_gastro,tautomer,1,sider_gastro_000659,False,False
sider_gastro,tautomer,1,sider_gastro_000728,False,False
sider_gastro,tautomer,1,sider_gastro_000834,False,False
sider_gastro,tautomer,1,sider_gastro_000864,False,False
sider_gastro,tautomer,1,sider_gastro_000869,False,False
sider_gastro,tautomer,1,sider_gastro_000890,True,True
sider_gastro,tautomer,1,sider_gastro_000918,False,False
sider_gastro,tautomer,1,sider_gastro_000963,False,False
sider_gastro,tautomer,1,sider_gastro_000968,False,False
sider_gastro,tautomer,1,sider_gastro_000970,False,False
sider_gastro,tautomer,1,sider_gastro_000985,False,False
sider_gastro,tautomer,1,sider_gastro_001008,False,False
sider_gastro,tautomer,1,sider_gastro_001011,False,False
sider_gastro,tautomer,1,sider_gastro_001041,False,False
sider_gastro,tautomer,1,sider_gastro_001083,False,False
sider_gastro,tautomer,1,sider_gastro_001088,True,True
sider_gastro,tautomer,1,sider_gastro_001116,False,False
sider_gastro,tautomer,1,sider_gastro_001117,False,False
sider_gastro,tautomer,1,sider_gastro_001166,False,False
sider_gastro,tautomer,1,sider_gastro_001199,False,False
sider_gastro,tautomer,1,sider_gastro_001200,False,False
sider_gastro,tautomer,1,sider_gastro_001204,False,False
sider_gastro,tautomer,1,sider_gastro_001216,True,True
sider_gastro,tautomer,1,sider_gastro_001224,False,False
sider_gastro,tautomer,1,sider_gastro_001225,False,False
sider_gastro,tautomer,1,sider_gastro_001242,False,False
sider_gastro,tautomer,1,sider_gastro_001270,True,True
sider_gastro,tautomer,1,sider_gastro_001278,False,False
sider_gastro,tautomer,1,sider_gastro_001339,False,False
sider_gastro,tautomer,1,sider_gastro_001422,True,True
bace,tautomer,5,bace_000049,False,False
bace,tautomer,5,bace_000050,False,False
bace,tautomer,5,bace_000066,False,False
bace,tautomer,5,bace_000072,False,False
bace,tautomer,5,bace_000133,False,False
bace,tautomer,5,bace_000188,True,True
bace,tautomer,5,bace_000192,False,False
bace,tautomer,5,bace_000198,False,False
bace,tautomer,5,bace_000203,False,False
bace,tautomer,5,bace_000271,False,False
bace,tautomer,5,bace_000277,False,False
bace,tautomer,5,bace_000401,False,False
bace,tautomer,5,bace_000446,False,False
bace,tautomer,5,bace_000450,False,False
bace,tautomer,5,bace_000453,False,False
bace,tautomer,5,bace_000461,False,False
bace,tautomer,5,bace_000464,False,False
bace,tautomer,5,bace_000511,False,False
bace,tautomer,5,bace_000526,True,True
bace,tautomer,5,bace_000534,False,False
bace,tautomer,5,bace_000547,False,False
bace,tautomer,5,bace_000548,False,False
bace,tautomer,5,bace_000599,False,False
bace,tautomer,5,bace_000602,True,True
bace,tautomer,5,bace_000605,False,False
bace,tautomer,5,bace_000642,False,False
bace,tautomer,5,bace_000646,False,False
bace,tautomer,5,bace_000653,False,False
bace,tautomer,5,bace_000735,False,False
bace,tautomer,5,bace_000778,False,False
bace,tautomer,5,bace_000789,False,False
bace,tautomer,5,bace_000796,True,True
bace,tautomer,5,bace_000820,True,True
bace,tautomer,5,bace_000827,False,False
bace,tautomer,5,bace_000833,True,True
bace,tautomer,5,bace_000838,False,False
bace,tautomer,5,bace_000886,False,False
bace,tautomer,5,bace_000887,False,False
bace,tautomer,5,bace_000896,False,False
bace,tautomer,5,bace_000901,False,False
bace,tautomer,5,bace_000907,True,True
bace,tautomer,5,bace_000915,False,False
bace,tautomer,5,bace_000941,False,False
bace,tautomer,5,bace_000950,False,False
bace,tautomer,5,bace_000973,False,False
bace,tautomer,5,bace_000977,False,False
bace,tautomer,5,bace_000988,False,False
bace,tautomer,5,bace_000994,False,False
bace,tautomer,5,bace_001029,False,False
bace,tautomer,5,bace_001075,False,False
bace,tautomer,5,bace_001085,False,False
bace,tautomer,5,bace_001126,False,False
bace,tautomer,5,bace_001289,False,False
bace,tautomer,5,bace_001332,False,False
bace,tautomer,5,bace_001334,False,False
bace,tautomer,5,bace_001338,False,False
bace,tautomer,5,bace_001339,False,False
bace,tautomer,5,bace_001341,True,True
bace,tautomer,5,bace_001348,True,True
bace,tautomer,5,bace_001375,False,False
bace,tautomer,5,bace_001382,False,False
bace,tautomer,5,bace_001388,False,False
bace,tautomer,5,bace_001432,False,False
bace,tautomer,5,bace_001433,True,True
bbbp,tautomer,5,bbbp_000019,False,False
bbbp,tautomer,5,bbbp_000023,False,False
bbbp,tautomer,5,bbbp_000035,False,False
bbbp,tautomer,5,bbbp_000102,True,True
bbbp,tautomer,5,bbbp_000108,False,False
bbbp,tautomer,5,bbbp_000132,True,True
bbbp,tautomer,5,bbbp_000215,False,False
bbbp,tautomer,5,bbbp_000234,False,False
bbbp,tautomer,5,bbbp_000254,False,False
bbbp,tautomer,5,bbbp_000382,True,True
bbbp,tautomer,5,bbbp_000416,False,False
bbbp,tautomer,5,bbbp_000418,False,False
bbbp,tautomer,5,bbbp_000428,False,False
bbbp,tautomer,5,bbbp_000440,False,False
bbbp,tautomer,5,bbbp_000445,False,False
bbbp,tautomer,5,bbbp_000456,False,False
bbbp,tautomer,5,bbbp_000540,False,False
bbbp,tautomer,5,bbbp_000558,False,False
bbbp,tautomer,5,bbbp_000565,False,False
bbbp,tautomer,5,bbbp_000609,False,False
bbbp,tautomer,5,bbbp_000631,False,False
bbbp,tautomer,5,bbbp_000710,False,False
bbbp,tautomer,5,bbbp_000727,True,True
bbbp,tautomer,5,bbbp_000754,True,True
bbbp,tautomer,5,bbbp_000757,True,True
bbbp,tautomer,5,bbbp_000764,True,True
bbbp,tautomer,5,bbbp_000765,True,True
bbbp,tautomer,5,bbbp_000766,True,True
bbbp,tautomer,5,bbbp_000769,True,True
bbbp,tautomer,5,bbbp_000778,True,True
bbbp,tautomer,5,bbbp_000785,True,True
bbbp,tautomer,5,bbbp_000789,True,True
bbbp,tautomer,5,bbbp_000790,True,True
bbbp,tautomer,5,bbbp_000793,True,True
bbbp,tautomer,5,bbbp_000834,True,True
bbbp,tautomer,5,bbbp_000884,False,False
bbbp,tautomer,5,bbbp_000939,False,False
bbbp,tautomer,5,bbbp_000948,False,False
bbbp,tautomer,5,bbbp_000949,False,False
bbbp,tautomer,5,bbbp_000960,False,False
bbbp,tautomer,5,bbbp_000980,False,False
bbbp,tautomer,5,bbbp_000991,False,False
bbbp,tautomer,5,bbbp_001011,True,True
bbbp,tautomer,5,bbbp_001031,False,False
bbbp,tautomer,5,bbbp_001099,True,True
bbbp,tautomer,5,bbbp_001195,False,False
bbbp,tautomer,5,bbbp_001210,False,False
bbbp,tautomer,5,bbbp_001214,False,False
bbbp,tautomer,5,bbbp_001215,False,False
bbbp,tautomer,5,bbbp_001261,False,False
bbbp,tautomer,5,bbbp_001304,False,False
bbbp,tautomer,5,bbbp_001410,False,False
bbbp,tautomer,5,bbbp_001510,False,False
bbbp,tautomer,5,bbbp_001534,False,False
bbbp,tautomer,5,bbbp_001614,False,False
bbbp,tautomer,5,bbbp_001653,False,False
bbbp,tautomer,5,bbbp_001666,False,False
bbbp,tautomer,5,bbbp_001669,False,False
bbbp,tautomer,5,bbbp_001746,False,False
bbbp,tautomer,5,bbbp_001824,False,False
bbbp,tautomer,5,bbbp_001940,False,False
bbbp,tautomer,5,bbbp_001972,False,False
bbbp,tautomer,5,bbbp_001976,False,False
bbbp,tautomer,5,bbbp_001987,False,False
hiv,tautomer,5,hiv_000869,True,True
hiv,tautomer,5,hiv_001867,True,True
hiv,tautomer,5,hiv_003725,False,False
hiv,tautomer,5,hiv_004967,False,False
hiv,tautomer,5,hiv_006031,False,False
hiv,tautomer,5,hiv_006397,False,False
hiv,tautomer,5,hiv_006980,False,False
hiv,tautomer,5,hiv_008689,False,False
hiv,tautomer,5,hiv_008823,False,False
hiv,tautomer,5,hiv_009973,False,False
hiv,tautomer,5,hiv_010574,True,True
hiv,tautomer,5,hiv_010628,False,False
hiv,tautomer,5,hiv_011881,False,False
hiv,tautomer,5,hiv_014912,False,False
hiv,tautomer,5,hiv_015133,False,False
hiv,tautomer,5,hiv_015217,False,False
hiv,tautomer,5,hiv_017279,False,False
hiv,tautomer,5,hiv_018157,False,False
hiv,tautomer,5,hiv_018424,False,False
hiv,tautomer,5,hiv_021400,False,False
hiv,tautomer,5,hiv_021411,False,False
hiv,tautomer,5,hiv_021799,False,False
hiv,tautomer,5,hiv_023845,False,False
hiv,tautomer,5,hiv_023853,False,False
hiv,tautomer,5,hiv_024392,False,False
hiv,tautomer,5,hiv_024570,False,False
hiv,tautomer,5,hiv_024965,False,False
hiv,tautomer,5,hiv_025008,False,False
hiv,tautomer,5,hiv_025261,False,False
hiv,tautomer,5,hiv_025430,True,True
hiv,tautomer,5,hiv_026188,False,False
hiv,tautomer,5,hiv_026189,False,False
hiv,tautomer,5,hiv_026376,False,False
hiv,tautomer,5,hiv_026480,False,False
hiv,tautomer,5,hiv_026749,False,False
hiv,tautomer,5,hiv_026976,False,False
hiv,tautomer,5,hiv_026977,False,False
hiv,tautomer,5,hiv_027026,False,False
hiv,tautomer,5,hiv_027027,False,False
hiv,tautomer,5,hiv_027339,False,False
hiv,tautomer,5,hiv_027768,False,False
hiv,tautomer,5,hiv_027811,False,False
hiv,tautomer,5,hiv_030283,True,True
hiv,tautomer,5,hiv_030370,False,False
hiv,tautomer,5,hiv_031319,False,False
hiv,tautomer,5,hiv_031649,False,False
hiv,tautomer,5,hiv_032398,False,False
hiv,tautomer,5,hiv_033191,False,False
hiv,tautomer,5,hiv_034246,False,False
hiv,tautomer,5,hiv_035211,False,False
hiv,tautomer,5,hiv_035521,False,False
hiv,tautomer,5,hiv_037153,False,False
hiv,tautomer,5,hiv_037566,False,False
hiv,tautomer,5,hiv_038351,False,False
hiv,tautomer,5,hiv_038804,False,False
hiv,tautomer,5,hiv_039179,False,False
hiv,tautomer,5,hiv_039675,False,False
hiv,tautomer,5,hiv_040229,False,False
hiv,tautomer,5,hiv_040254,False,False
hiv,tautomer,5,hiv_040790,False,False
hiv,tautomer,5,hiv_040800,False,False
hiv,tautomer,5,hiv_040803,False,False
hiv,tautomer,5,hiv_040861,False,False
hiv,tautomer,5,hiv_041093,False,False
clintox_tox,tautomer,5,clintox_tox_000012,True,True
clintox_tox,tautomer,5,clintox_tox_000013,True,True
clintox_tox,tautomer,5,clintox_tox_000075,True,True
clintox_tox,tautomer,5,clintox_tox_000105,False,False
clintox_tox,tautomer,5,clintox_tox_000111,False,False
clintox_tox,tautomer,5,clintox_tox_000140,False,False
clintox_tox,tautomer,5,clintox_tox_000142,False,False
clintox_tox,tautomer,5,clintox_tox_000243,True,True
clintox_tox,tautomer,5,clintox_tox_000272,False,False
clintox_tox,tautomer,5,clintox_tox_000472,False,False
clintox_tox,tautomer,5,clintox_tox_000504,False,False
clintox_tox,tautomer,5,clintox_tox_000509,False,False
clintox_tox,tautomer,5,clintox_tox_000510,False,False
clintox_tox,tautomer,5,clintox_tox_000514,False,False
clintox_tox,tautomer,5,clintox_tox_000515,False,False
clintox_tox,tautomer,5,clintox_tox_000539,True,True
clintox_tox,tautomer,5,clintox_tox_000601,False,False
clintox_tox,tautomer,5,clintox_tox_000616,False,False
clintox_tox,tautomer,5,clintox_tox_000629,False,False
clintox_tox,tautomer,5,clintox_tox_000667,False,False
clintox_tox,tautomer,5,clintox_tox_000682,False,False
clintox_tox,tautomer,5,clintox_tox_000689,True,True
clintox_tox,tautomer,5,clintox_tox_000720,False,False
clintox_tox,tautomer,5,clintox_tox_000730,False,False
clintox_tox,tautomer,5,clintox_tox_000737,True,True
clintox_tox,tautomer,5,clintox_tox_000768,False,False
clintox_tox,tautomer,5,clintox_tox_000772,False,False
clintox_tox,tautomer,5,clintox_tox_000780,False,False
clintox_tox,tautomer,5,clintox_tox_000781,False,False
clintox_tox,tautomer,5,clintox_tox_000801,False,False
clintox_tox,tautomer,5,clintox_tox_000846,False,False
clintox_tox,tautomer,5,clintox_tox_000853,True,True
clintox_tox,tautomer,5,clintox_tox_000855,True,True
clintox_tox,tautomer,5,clintox_tox_000856,True,True
clintox_tox,tautomer,5,clintox_tox_000921,False,False
clintox_tox,tautomer,5,clintox_tox_000930,False,False
clintox_tox,tautomer,5,clintox_tox_000973,False,False
clintox_tox,tautomer,5,clintox_tox_000994,False,False
clintox_tox,tautomer,5,clintox_tox_001027,False,False
clintox_tox,tautomer,5,clintox_tox_001039,True,True
clintox_tox,tautomer,5,clintox_tox_001097,False,False
clintox_tox,tautomer,5,clintox_tox_001098,True,True
clintox_tox,tautomer,5,clintox_tox_001149,False,False
clintox_tox,tautomer,5,clintox_tox_001151,True,True
clintox_tox,tautomer,5,clintox_tox_001162,False,False
clintox_tox,tautomer,5,clintox_tox_001174,False,False
clintox_tox,tautomer,5,clintox_tox_001196,False,False
clintox_tox,tautomer,5,clintox_tox_001222,True,True
clintox_tox,tautomer,5,clintox_tox_001268,False,False
clintox_tox,tautomer,5,clintox_tox_001302,False,False
clintox_tox,tautomer,5,clintox_tox_001304,True,True
clintox_tox,tautomer,5,clintox_tox_001328,False,False
clintox_tox,tautomer,5,clintox_tox_001358,False,False
clintox_tox,tautomer,5,clintox_tox_001382,True,True
clintox_tox,tautomer,5,clintox_tox_001385,True,True
clintox_tox,tautomer,5,clintox_tox_001405,True,True
clintox_tox,tautomer,5,clintox_tox_001409,False,False
clintox_tox,tautomer,5,clintox_tox_001414,False,False
clintox_tox,tautomer,5,clintox_tox_001419,False,False
clintox_tox,tautomer,5,clintox_tox_001425,True,True
clintox_tox,tautomer,5,clintox_tox_001427,False,False
clintox_tox,tautomer,5,clintox_tox_001456,False,False
clintox_tox,tautomer,5,clintox_tox_001465,False,False
clintox_tox,tautomer,5,clintox_tox_001466,False,False
clintox_fda,tautomer,5,clintox_fda_000012,True,True
clintox_fda,tautomer,5,clintox_fda_000013,True,True
clintox_fda,tautomer,5,clintox_fda_000075,True,True
clintox_fda,tautomer,5,clintox_fda_000105,False,False
clintox_fda,tautomer,5,clintox_fda_000111,False,False
clintox_fda,tautomer,5,clintox_fda_000140,False,False
clintox_fda,tautomer,5,clintox_fda_000142,False,False
clintox_fda,tautomer,5,clintox_fda_000243,True,True
clintox_fda,tautomer,5,clintox_fda_000272,False,False
clintox_fda,tautomer,5,clintox_fda_000472,False,False
clintox_fda,tautomer,5,clintox_fda_000504,False,False
clintox_fda,tautomer,5,clintox_fda_000509,False,False
clintox_fda,tautomer,5,clintox_fda_000510,False,False
clintox_fda,tautomer,5,clintox_fda_000514,False,False
clintox_fda,tautomer,5,clintox_fda_000515,False,False
clintox_fda,tautomer,5,clintox_fda_000539,True,True
clintox_fda,tautomer,5,clintox_fda_000601,False,False
clintox_fda,tautomer,5,clintox_fda_000616,False,False
clintox_fda,tautomer,5,clintox_fda_000629,False,False
clintox_fda,tautomer,5,clintox_fda_000667,False,False
clintox_fda,tautomer,5,clintox_fda_000682,False,False
clintox_fda,tautomer,5,clintox_fda_000689,True,True
clintox_fda,tautomer,5,clintox_fda_000720,False,False
clintox_fda,tautomer,5,clintox_fda_000730,False,False
clintox_fda,tautomer,5,clintox_fda_000737,True,True
clintox_fda,tautomer,5,clintox_fda_000768,False,False
clintox_fda,tautomer,5,clintox_fda_000772,False,False
clintox_fda,tautomer,5,clintox_fda_000780,False,False
clintox_fda,tautomer,5,clintox_fda_000781,False,False
clintox_fda,tautomer,5,clintox_fda_000801,False,False
clintox_fda,tautomer,5,clintox_fda_000846,False,False
clintox_fda,tautomer,5,clintox_fda_000853,True,True
clintox_fda,tautomer,5,clintox_fda_000855,True,True
clintox_fda,tautomer,5,clintox_fda_000856,True,True
clintox_fda,tautomer,5,clintox_fda_000921,False,False
clintox_fda,tautomer,5,clintox_fda_000930,False,False
clintox_fda,tautomer,5,clintox_fda_000973,False,False
clintox_fda,tautomer,5,clintox_fda_000994,False,False
clintox_fda,tautomer,5,clintox_fda_001027,False,False
clintox_fda,tautomer,5,clintox_fda_001039,True,True
clintox_fda,tautomer,5,clintox_fda_001097,False,False
clintox_fda,tautomer,5,clintox_fda_001098,True,True
clintox_fda,tautomer,5,clintox_fda_001149,False,False
clintox_fda,tautomer,5,clintox_fda_001151,True,True
clintox_fda,tautomer,5,clintox_fda_001162,False,False
clintox_fda,tautomer,5,clintox_fda_001174,False,False
clintox_fda,tautomer,5,clintox_fda_001196,False,False
clintox_fda,tautomer,5,clintox_fda_001222,True,True
clintox_fda,tautomer,5,clintox_fda_001268,False,False
clintox_fda,tautomer,5,clintox_fda_001302,False,False
clintox_fda,tautomer,5,clintox_fda_001304,True,True
clintox_fda,tautomer,5,clintox_fda_001328,False,False
clintox_fda,tautomer,5,clintox_fda_001358,False,False
clintox_fda,tautomer,5,clintox_fda_001382,True,True
clintox_fda,tautomer,5,clintox_fda_001385,True,True
clintox_fda,tautomer,5,clintox_fda_001405,True,True
clintox_fda,tautomer,5,clintox_fda_001409,False,False
clintox_fda,tautomer,5,clintox_fda_001414,False,False
clintox_fda,tautomer,5,clintox_fda_001419,False,False
clintox_fda,tautomer,5,clintox_fda_001425,True,True
clintox_fda,tautomer,5,clintox_fda_001427,False,False
clintox_fda,tautomer,5,clintox_fda_001456,False,False
clintox_fda,tautomer,5,clintox_fda_001465,False,False
clintox_fda,tautomer,5,clintox_fda_001466,False,False
tox21_ahr,tautomer,5,tox21_ahr_000077,False,False
tox21_ahr,tautomer,5,tox21_ahr_000090,False,False
tox21_ahr,tautomer,5,tox21_ahr_000163,True,True
tox21_ahr,tautomer,5,tox21_ahr_000263,False,False
tox21_ahr,tautomer,5,tox21_ahr_000522,False,False
tox21_ahr,tautomer,5,tox21_ahr_000539,False,False
tox21_ahr,tautomer,5,tox21_ahr_000700,False,False
tox21_ahr,tautomer,5,tox21_ahr_000941,True,True
tox21_ahr,tautomer,5,tox21_ahr_001039,False,False
tox21_ahr,tautomer,5,tox21_ahr_001100,False,False
tox21_ahr,tautomer,5,tox21_ahr_001351,False,False
tox21_ahr,tautomer,5,tox21_ahr_001435,True,True
tox21_ahr,tautomer,5,tox21_ahr_001518,False,False
tox21_ahr,tautomer,5,tox21_ahr_001533,False,False
tox21_ahr,tautomer,5,tox21_ahr_001570,False,False
tox21_ahr,tautomer,5,tox21_ahr_001713,False,False
tox21_ahr,tautomer,5,tox21_ahr_001953,False,False
tox21_ahr,tautomer,5,tox21_ahr_002112,False,False
tox21_ahr,tautomer,5,tox21_ahr_002261,False,False
tox21_ahr,tautomer,5,tox21_ahr_002325,False,False
tox21_ahr,tautomer,5,tox21_ahr_002398,True,True
tox21_ahr,tautomer,5,tox21_ahr_002466,False,False
tox21_ahr,tautomer,5,tox21_ahr_002504,False,False
tox21_ahr,tautomer,5,tox21_ahr_002528,False,False
tox21_ahr,tautomer,5,tox21_ahr_002650,False,False
tox21_ahr,tautomer,5,tox21_ahr_002854,False,False
tox21_ahr,tautomer,5,tox21_ahr_002881,True,True
tox21_ahr,tautomer,5,tox21_ahr_003052,False,False
tox21_ahr,tautomer,5,tox21_ahr_003077,False,False
tox21_ahr,tautomer,5,tox21_ahr_003216,True,True
tox21_ahr,tautomer,5,tox21_ahr_003384,False,False
tox21_ahr,tautomer,5,tox21_ahr_003399,False,False
tox21_ahr,tautomer,5,tox21_ahr_003699,False,False
tox21_ahr,tautomer,5,tox21_ahr_003702,False,False
tox21_ahr,tautomer,5,tox21_ahr_003981,False,False
tox21_ahr,tautomer,5,tox21_ahr_004033,False,False
tox21_ahr,tautomer,5,tox21_ahr_004067,True,True
tox21_ahr,tautomer,5,tox21_ahr_004181,False,False
tox21_ahr,tautomer,5,tox21_ahr_004313,True,True
tox21_ahr,tautomer,5,tox21_ahr_004350,False,False
tox21_ahr,tautomer,5,tox21_ahr_004633,False,False
tox21_ahr,tautomer,5,tox21_ahr_004870,False,False
tox21_ahr,tautomer,5,tox21_ahr_004893,False,False
tox21_ahr,tautomer,5,tox21_ahr_004981,False,False
tox21_ahr,tautomer,5,tox21_ahr_005080,False,False
tox21_ahr,tautomer,5,tox21_ahr_005165,False,False
tox21_ahr,tautomer,5,tox21_ahr_005644,False,False
tox21_ahr,tautomer,5,tox21_ahr_005694,True,True
tox21_ahr,tautomer,5,tox21_ahr_005731,False,False
tox21_ahr,tautomer,5,tox21_ahr_005755,False,False
tox21_ahr,tautomer,5,tox21_ahr_005965,False,False
tox21_ahr,tautomer,5,tox21_ahr_006010,True,True
tox21_ahr,tautomer,5,tox21_ahr_006150,False,False
tox21_ahr,tautomer,5,tox21_ahr_006434,False,False
tox21_ahr,tautomer,5,tox21_ahr_006514,True,True
tox21_ahr,tautomer,5,tox21_ahr_006516,False,False
tox21_ahr,tautomer,5,tox21_ahr_006966,False,False
tox21_ahr,tautomer,5,tox21_ahr_007283,False,False
tox21_ahr,tautomer,5,tox21_ahr_007351,False,False
tox21_ahr,tautomer,5,tox21_ahr_007355,False,False
tox21_ahr,tautomer,5,tox21_ahr_007436,False,False
tox21_ahr,tautomer,5,tox21_ahr_007562,False,False
tox21_ahr,tautomer,5,tox21_ahr_007744,False,False
tox21_ahr,tautomer,5,tox21_ahr_007763,False,False
tox21_are,tautomer,5,tox21_are_000143,False,False
tox21_are,tautomer,5,tox21_are_000163,True,True
tox21_are,tautomer,5,tox21_are_000263,False,False
tox21_are,tautomer,5,tox21_are_000522,False,False
tox21_are,tautomer,5,tox21_are_000782,True,True
tox21_are,tautomer,5,tox21_are_000941,True,True
tox21_are,tautomer,5,tox21_are_001013,False,False
tox21_are,tautomer,5,tox21_are_001039,False,False
tox21_are,tautomer,5,tox21_are_001100,False,False
tox21_are,tautomer,5,tox21_are_001278,False,False
tox21_are,tautomer,5,tox21_are_001340,False,False
tox21_are,tautomer,5,tox21_are_001351,False,False
tox21_are,tautomer,5,tox21_are_001404,False,False
tox21_are,tautomer,5,tox21_are_001460,False,False
tox21_are,tautomer,5,tox21_are_001570,False,False
tox21_are,tautomer,5,tox21_are_001732,False,False
tox21_are,tautomer,5,tox21_are_001789,False,False
tox21_are,tautomer,5,tox21_are_001826,False,False
tox21_are,tautomer,5,tox21_are_001953,False,False
tox21_are,tautomer,5,tox21_are_001968,False,False
tox21_are,tautomer,5,tox21_are_002218,False,False
tox21_are,tautomer,5,tox21_are_002398,True,True
tox21_are,tautomer,5,tox21_are_002466,False,False
tox21_are,tautomer,5,tox21_are_002488,False,False
tox21_are,tautomer,5,tox21_are_002504,False,False
tox21_are,tautomer,5,tox21_are_002528,False,False
tox21_are,tautomer,5,tox21_are_002641,False,False
tox21_are,tautomer,5,tox21_are_002650,False,False
tox21_are,tautomer,5,tox21_are_002854,False,False
tox21_are,tautomer,5,tox21_are_002910,True,True
tox21_are,tautomer,5,tox21_are_003052,False,False
tox21_are,tautomer,5,tox21_are_003384,False,False
tox21_are,tautomer,5,tox21_are_003398,False,False
tox21_are,tautomer,5,tox21_are_004033,False,False
tox21_are,tautomer,5,tox21_are_004067,True,True
tox21_are,tautomer,5,tox21_are_004162,False,False
tox21_are,tautomer,5,tox21_are_004181,False,False
tox21_are,tautomer,5,tox21_are_004350,False,False
tox21_are,tautomer,5,tox21_are_004435,False,False
tox21_are,tautomer,5,tox21_are_004690,False,False
tox21_are,tautomer,5,tox21_are_004851,False,False
tox21_are,tautomer,5,tox21_are_004928,False,False
tox21_are,tautomer,5,tox21_are_005080,False,False
tox21_are,tautomer,5,tox21_are_005285,True,True
tox21_are,tautomer,5,tox21_are_005415,False,False
tox21_are,tautomer,5,tox21_are_005560,False,False
tox21_are,tautomer,5,tox21_are_005644,False,False
tox21_are,tautomer,5,tox21_are_005740,False,False
tox21_are,tautomer,5,tox21_are_005755,False,False
tox21_are,tautomer,5,tox21_are_006150,False,False
tox21_are,tautomer,5,tox21_are_006192,False,False
tox21_are,tautomer,5,tox21_are_006514,True,True
tox21_are,tautomer,5,tox21_are_006536,False,False
tox21_are,tautomer,5,tox21_are_006630,False,False
tox21_are,tautomer,5,tox21_are_006649,False,False
tox21_are,tautomer,5,tox21_are_006850,False,False
tox21_are,tautomer,5,tox21_are_006924,False,False
tox21_are,tautomer,5,tox21_are_007279,False,False
tox21_are,tautomer,5,tox21_are_007283,False,False
tox21_are,tautomer,5,tox21_are_007346,False,False
tox21_are,tautomer,5,tox21_are_007355,False,False
tox21_are,tautomer,5,tox21_are_007436,False,False
tox21_are,tautomer,5,tox21_are_007744,False,False
tox21_are,tautomer,5,tox21_are_007763,False,False
tox21_mmp,tautomer,5,tox21_mmp_000077,False,False
tox21_mmp,tautomer,5,tox21_mmp_000090,False,False
tox21_mmp,tautomer,5,tox21_mmp_000143,False,False
tox21_mmp,tautomer,5,tox21_mmp_000213,False,False
tox21_mmp,tautomer,5,tox21_mmp_000263,False,False
tox21_mmp,tautomer,5,tox21_mmp_000420,False,False
tox21_mmp,tautomer,5,tox21_mmp_000522,False,False
tox21_mmp,tautomer,5,tox21_mmp_000782,True,True
tox21_mmp,tautomer,5,tox21_mmp_001351,False,False
tox21_mmp,tautomer,5,tox21_mmp_001404,False,False
tox21_mmp,tautomer,5,tox21_mmp_001533,False,False
tox21_mmp,tautomer,5,tox21_mmp_001570,False,False
tox21_mmp,tautomer,5,tox21_mmp_001713,False,False
tox21_mmp,tautomer,5,tox21_mmp_001732,False,False
tox21_mmp,tautomer,5,tox21_mmp_001953,False,False
tox21_mmp,tautomer,5,tox21_mmp_001957,False,False
tox21_mmp,tautomer,5,tox21_mmp_001968,False,False
tox21_mmp,tautomer,5,tox21_mmp_002030,False,False
tox21_mmp,tautomer,5,tox21_mmp_002080,False,False
tox21_mmp,tautomer,5,tox21_mmp_002112,False,False
tox21_mmp,tautomer,5,tox21_mmp_002145,False,False
tox21_mmp,tautomer,5,tox21_mmp_002312,True,True
tox21_mmp,tautomer,5,tox21_mmp_002398,True,True
tox21_mmp,tautomer,5,tox21_mmp_002466,False,False
tox21_mmp,tautomer,5,tox21_mmp_002488,False,False
tox21_mmp,tautomer,5,tox21_mmp_002504,False,False
tox21_mmp,tautomer,5,tox21_mmp_002528,False,False
tox21_mmp,tautomer,5,tox21_mmp_002562,False,False
tox21_mmp,tautomer,5,tox21_mmp_002650,False,False
tox21_mmp,tautomer,5,tox21_mmp_002881,True,True
tox21_mmp,tautomer,5,tox21_mmp_002986,False,False
tox21_mmp,tautomer,5,tox21_mmp_003077,False,False
tox21_mmp,tautomer,5,tox21_mmp_003376,False,False
tox21_mmp,tautomer,5,tox21_mmp_003398,False,False
tox21_mmp,tautomer,5,tox21_mmp_003927,False,False
tox21_mmp,tautomer,5,tox21_mmp_004033,False,False
tox21_mmp,tautomer,5,tox21_mmp_004067,True,True
tox21_mmp,tautomer,5,tox21_mmp_004135,False,False
tox21_mmp,tautomer,5,tox21_mmp_004162,False,False
tox21_mmp,tautomer,5,tox21_mmp_004181,False,False
tox21_mmp,tautomer,5,tox21_mmp_004350,False,False
tox21_mmp,tautomer,5,tox21_mmp_004435,False,False
tox21_mmp,tautomer,5,tox21_mmp_004633,False,False
tox21_mmp,tautomer,5,tox21_mmp_004690,False,False
tox21_mmp,tautomer,5,tox21_mmp_004752,True,True
tox21_mmp,tautomer,5,tox21_mmp_004851,False,False
tox21_mmp,tautomer,5,tox21_mmp_004870,False,False
tox21_mmp,tautomer,5,tox21_mmp_005080,False,False
tox21_mmp,tautomer,5,tox21_mmp_005165,False,False
tox21_mmp,tautomer,5,tox21_mmp_005228,False,False
tox21_mmp,tautomer,5,tox21_mmp_005288,True,True
tox21_mmp,tautomer,5,tox21_mmp_005644,False,False
tox21_mmp,tautomer,5,tox21_mmp_005755,False,False
tox21_mmp,tautomer,5,tox21_mmp_005965,False,False
tox21_mmp,tautomer,5,tox21_mmp_006150,False,False
tox21_mmp,tautomer,5,tox21_mmp_006434,False,False
tox21_mmp,tautomer,5,tox21_mmp_006649,False,False
tox21_mmp,tautomer,5,tox21_mmp_007287,False,False
tox21_mmp,tautomer,5,tox21_mmp_007355,False,False
tox21_mmp,tautomer,5,tox21_mmp_007436,False,False
tox21_mmp,tautomer,5,tox21_mmp_007562,False,False
tox21_mmp,tautomer,5,tox21_mmp_007744,False,False
tox21_mmp,tautomer,5,tox21_mmp_007763,False,False
tox21_mmp,tautomer,5,tox21_mmp_007793,False,False
sider_gastro,tautomer,5,sider_gastro_000021,False,False
sider_gastro,tautomer,5,sider_gastro_000030,False,False
sider_gastro,tautomer,5,sider_gastro_000040,False,False
sider_gastro,tautomer,5,sider_gastro_000055,False,False
sider_gastro,tautomer,5,sider_gastro_000067,False,False
sider_gastro,tautomer,5,sider_gastro_000105,False,False
sider_gastro,tautomer,5,sider_gastro_000112,False,False
sider_gastro,tautomer,5,sider_gastro_000137,False,False
sider_gastro,tautomer,5,sider_gastro_000169,False,False
sider_gastro,tautomer,5,sider_gastro_000170,False,False
sider_gastro,tautomer,5,sider_gastro_000194,True,True
sider_gastro,tautomer,5,sider_gastro_000235,False,False
sider_gastro,tautomer,5,sider_gastro_000244,True,True
sider_gastro,tautomer,5,sider_gastro_000297,False,False
sider_gastro,tautomer,5,sider_gastro_000298,True,True
sider_gastro,tautomer,5,sider_gastro_000370,False,False
sider_gastro,tautomer,5,sider_gastro_000386,False,False
sider_gastro,tautomer,5,sider_gastro_000387,False,False
sider_gastro,tautomer,5,sider_gastro_000392,False,False
sider_gastro,tautomer,5,sider_gastro_000394,False,False
sider_gastro,tautomer,5,sider_gastro_000429,False,False
sider_gastro,tautomer,5,sider_gastro_000430,False,False
sider_gastro,tautomer,5,sider_gastro_000438,True,True
sider_gastro,tautomer,5,sider_gastro_000472,False,False
sider_gastro,tautomer,5,sider_gastro_000515,False,False
sider_gastro,tautomer,5,sider_gastro_000550,False,False
sider_gastro,tautomer,5,sider_gastro_000564,True,True
sider_gastro,tautomer,5,sider_gastro_000578,False,False
sider_gastro,tautomer,5,sider_gastro_000591,False,False
sider_gastro,tautomer,5,sider_gastro_000616,True,True
sider_gastro,tautomer,5,sider_gastro_000624,False,False
sider_gastro,tautomer,5,sider_gastro_000645,False,False
sider_gastro,tautomer,5,sider_gastro_000650,False,False
sider_gastro,tautomer,5,sider_gastro_000651,False,False
sider_gastro,tautomer,5,sider_gastro_000659,False,False
sider_gastro,tautomer,5,sider_gastro_000728,False,False
sider_gastro,tautomer,5,sider_gastro_000834,False,False
sider_gastro,tautomer,5,sider_gastro_000864,False,False
sider_gastro,tautomer,5,sider_gastro_000869,False,False
sider_gastro,tautomer,5,sider_gastro_000890,True,True
sider_gastro,tautomer,5,sider_gastro_000918,False,False
sider_gastro,tautomer,5,sider_gastro_000963,False,False
sider_gastro,tautomer,5,sider_gastro_000968,False,False
sider_gastro,tautomer,5,sider_gastro_000970,False,False
sider_gastro,tautomer,5,sider_gastro_000985,False,False
sider_gastro,tautomer,5,sider_gastro_001008,False,False
sider_gastro,tautomer,5,sider_gastro_001011,False,False
sider_gastro,tautomer,5,sider_gastro_001041,False,False
sider_gastro,tautomer,5,sider_gastro_001083,False,False
sider_gastro,tautomer,5,sider_gastro_001088,True,True
sider_gastro,tautomer,5,sider_gastro_001116,False,False
sider_gastro,tautomer,5,sider_gastro_001117,False,False
sider_gastro,tautomer,5,sider_gastro_001166,False,False
sider_gastro,tautomer,5,sider_gastro_001199,False,False
sider_gastro,tautomer,5,sider_gastro_001200,False,False
sider_gastro,tautomer,5,sider_gastro_001204,False,False
sider_gastro,tautomer,5,sider_gastro_001216,True,True
sider_gastro,tautomer,5,sider_gastro_001224,False,False
sider_gastro,tautomer,5,sider_gastro_001225,False,False
sider_gastro,tautomer,5,sider_gastro_001242,False,False
sider_gastro,tautomer,5,sider_gastro_001270,True,True
sider_gastro,tautomer,5,sider_gastro_001278,False,False
sider_gastro,tautomer,5,sider_gastro_001339,False,False
sider_gastro,tautomer,5,sider_gastro_001422,True,True
bace,tautomer,20,bace_000049,False,False
bace,tautomer,20,bace_000050,False,False
bace,tautomer,20,bace_000066,False,False
bace,tautomer,20,bace_000072,False,False
bace,tautomer,20,bace_000133,False,False
bace,tautomer,20,bace_000188,True,True
bace,tautomer,20,bace_000192,False,False
bace,tautomer,20,bace_000198,False,False
bace,tautomer,20,bace_000203,False,False
bace,tautomer,20,bace_000271,False,False
bace,tautomer,20,bace_000277,False,False
bace,tautomer,20,bace_000401,False,False
bace,tautomer,20,bace_000446,False,False
bace,tautomer,20,bace_000450,False,False
bace,tautomer,20,bace_000453,False,False
bace,tautomer,20,bace_000461,False,False
bace,tautomer,20,bace_000464,False,False
bace,tautomer,20,bace_000511,False,False
bace,tautomer,20,bace_000526,True,True
bace,tautomer,20,bace_000534,False,False
bace,tautomer,20,bace_000547,False,False
bace,tautomer,20,bace_000548,False,False
bace,tautomer,20,bace_000599,False,False
bace,tautomer,20,bace_000602,True,True
bace,tautomer,20,bace_000605,False,False
bace,tautomer,20,bace_000642,False,False
bace,tautomer,20,bace_000646,False,False
bace,tautomer,20,bace_000653,False,False
bace,tautomer,20,bace_000735,False,False
bace,tautomer,20,bace_000778,False,False
bace,tautomer,20,bace_000789,False,False
bace,tautomer,20,bace_000796,True,True
bace,tautomer,20,bace_000820,True,True
bace,tautomer,20,bace_000827,False,False
bace,tautomer,20,bace_000833,True,True
bace,tautomer,20,bace_000838,False,False
bace,tautomer,20,bace_000886,False,False
bace,tautomer,20,bace_000887,False,False
bace,tautomer,20,bace_000896,False,False
bace,tautomer,20,bace_000901,False,False
bace,tautomer,20,bace_000907,True,True
bace,tautomer,20,bace_000915,False,False
bace,tautomer,20,bace_000941,False,False
bace,tautomer,20,bace_000950,False,False
bace,tautomer,20,bace_000973,False,False
bace,tautomer,20,bace_000977,False,False
bace,tautomer,20,bace_000988,False,False
bace,tautomer,20,bace_000994,False,False
bace,tautomer,20,bace_001029,False,False
bace,tautomer,20,bace_001075,False,False
bace,tautomer,20,bace_001085,False,False
bace,tautomer,20,bace_001126,False,False
bace,tautomer,20,bace_001289,False,False
bace,tautomer,20,bace_001332,False,False
bace,tautomer,20,bace_001334,False,False
bace,tautomer,20,bace_001338,False,False
bace,tautomer,20,bace_001339,False,False
bace,tautomer,20,bace_001341,True,True
bace,tautomer,20,bace_001348,True,True
bace,tautomer,20,bace_001375,False,False
bace,tautomer,20,bace_001382,False,False
bace,tautomer,20,bace_001388,False,False
bace,tautomer,20,bace_001432,False,False
bace,tautomer,20,bace_001433,True,True
bbbp,tautomer,20,bbbp_000019,False,False
bbbp,tautomer,20,bbbp_000023,False,False
bbbp,tautomer,20,bbbp_000035,False,False
bbbp,tautomer,20,bbbp_000102,True,True
bbbp,tautomer,20,bbbp_000108,False,False
bbbp,tautomer,20,bbbp_000132,True,True
bbbp,tautomer,20,bbbp_000215,False,False
bbbp,tautomer,20,bbbp_000234,False,False
bbbp,tautomer,20,bbbp_000254,False,False
bbbp,tautomer,20,bbbp_000382,True,True
bbbp,tautomer,20,bbbp_000416,False,False
bbbp,tautomer,20,bbbp_000418,False,False
bbbp,tautomer,20,bbbp_000428,False,False
bbbp,tautomer,20,bbbp_000440,False,False
bbbp,tautomer,20,bbbp_000445,False,False
bbbp,tautomer,20,bbbp_000456,False,False
bbbp,tautomer,20,bbbp_000540,False,False
bbbp,tautomer,20,bbbp_000558,False,False
bbbp,tautomer,20,bbbp_000565,False,False
bbbp,tautomer,20,bbbp_000609,False,False
bbbp,tautomer,20,bbbp_000631,False,False
bbbp,tautomer,20,bbbp_000710,False,False
bbbp,tautomer,20,bbbp_000727,True,True
bbbp,tautomer,20,bbbp_000754,True,True
bbbp,tautomer,20,bbbp_000757,True,True
bbbp,tautomer,20,bbbp_000764,True,True
bbbp,tautomer,20,bbbp_000765,True,True
bbbp,tautomer,20,bbbp_000766,True,True
bbbp,tautomer,20,bbbp_000769,True,True
bbbp,tautomer,20,bbbp_000778,True,True
bbbp,tautomer,20,bbbp_000785,True,True
bbbp,tautomer,20,bbbp_000789,True,True
bbbp,tautomer,20,bbbp_000790,True,True
bbbp,tautomer,20,bbbp_000793,True,True
bbbp,tautomer,20,bbbp_000834,True,True
bbbp,tautomer,20,bbbp_000884,False,False
bbbp,tautomer,20,bbbp_000939,False,False
bbbp,tautomer,20,bbbp_000948,False,False
bbbp,tautomer,20,bbbp_000949,False,False
bbbp,tautomer,20,bbbp_000960,False,False
bbbp,tautomer,20,bbbp_000980,False,False
bbbp,tautomer,20,bbbp_000991,False,False
bbbp,tautomer,20,bbbp_001011,True,True
bbbp,tautomer,20,bbbp_001031,False,False
bbbp,tautomer,20,bbbp_001099,True,True
bbbp,tautomer,20,bbbp_001195,False,False
bbbp,tautomer,20,bbbp_001210,False,False
bbbp,tautomer,20,bbbp_001214,False,False
bbbp,tautomer,20,bbbp_001215,False,False
bbbp,tautomer,20,bbbp_001261,False,False
bbbp,tautomer,20,bbbp_001304,False,False
bbbp,tautomer,20,bbbp_001410,False,False
bbbp,tautomer,20,bbbp_001510,False,False
bbbp,tautomer,20,bbbp_001534,False,False
bbbp,tautomer,20,bbbp_001614,False,False
bbbp,tautomer,20,bbbp_001653,False,False
bbbp,tautomer,20,bbbp_001666,False,False
bbbp,tautomer,20,bbbp_001669,False,False
bbbp,tautomer,20,bbbp_001746,False,False
bbbp,tautomer,20,bbbp_001824,False,False
bbbp,tautomer,20,bbbp_001940,False,False
bbbp,tautomer,20,bbbp_001972,False,False
bbbp,tautomer,20,bbbp_001976,False,False
bbbp,tautomer,20,bbbp_001987,False,False
hiv,tautomer,20,hiv_000869,True,True
hiv,tautomer,20,hiv_001867,True,True
hiv,tautomer,20,hiv_003725,False,False
hiv,tautomer,20,hiv_004967,False,False
hiv,tautomer,20,hiv_006031,False,False
hiv,tautomer,20,hiv_006397,False,False
hiv,tautomer,20,hiv_006980,False,False
hiv,tautomer,20,hiv_008689,False,False
hiv,tautomer,20,hiv_008823,False,False
hiv,tautomer,20,hiv_009973,False,False
hiv,tautomer,20,hiv_010574,True,True
hiv,tautomer,20,hiv_010628,False,False
hiv,tautomer,20,hiv_011881,False,False
hiv,tautomer,20,hiv_014912,False,False
hiv,tautomer,20,hiv_015133,False,False
hiv,tautomer,20,hiv_015217,False,False
hiv,tautomer,20,hiv_017279,False,False
hiv,tautomer,20,hiv_018157,False,False
hiv,tautomer,20,hiv_018424,False,False
hiv,tautomer,20,hiv_021400,False,False
hiv,tautomer,20,hiv_021411,False,False
hiv,tautomer,20,hiv_021799,False,False
hiv,tautomer,20,hiv_023845,False,False
hiv,tautomer,20,hiv_023853,False,False
hiv,tautomer,20,hiv_024392,False,False
hiv,tautomer,20,hiv_024570,False,False
hiv,tautomer,20,hiv_024965,False,False
hiv,tautomer,20,hiv_025008,False,False
hiv,tautomer,20,hiv_025261,False,False
hiv,tautomer,20,hiv_025430,True,True
hiv,tautomer,20,hiv_026188,False,False
hiv,tautomer,20,hiv_026189,False,False
hiv,tautomer,20,hiv_026376,False,False
hiv,tautomer,20,hiv_026480,False,False
hiv,tautomer,20,hiv_026749,False,False
hiv,tautomer,20,hiv_026976,False,False
hiv,tautomer,20,hiv_026977,False,False
hiv,tautomer,20,hiv_027026,False,False
hiv,tautomer,20,hiv_027027,False,False
hiv,tautomer,20,hiv_027339,False,False
hiv,tautomer,20,hiv_027768,False,False
hiv,tautomer,20,hiv_027811,False,False
hiv,tautomer,20,hiv_030283,True,True
hiv,tautomer,20,hiv_030370,False,False
hiv,tautomer,20,hiv_031319,False,False
hiv,tautomer,20,hiv_031649,False,False
hiv,tautomer,20,hiv_032398,False,False
hiv,tautomer,20,hiv_033191,False,False
hiv,tautomer,20,hiv_034246,False,False
hiv,tautomer,20,hiv_035211,False,False
hiv,tautomer,20,hiv_035521,False,False
hiv,tautomer,20,hiv_037153,False,False
hiv,tautomer,20,hiv_037566,False,False
hiv,tautomer,20,hiv_038351,False,False
hiv,tautomer,20,hiv_038804,False,False
hiv,tautomer,20,hiv_039179,False,False
hiv,tautomer,20,hiv_039675,False,False
hiv,tautomer,20,hiv_040229,False,False
hiv,tautomer,20,hiv_040254,False,False
hiv,tautomer,20,hiv_040790,False,False
hiv,tautomer,20,hiv_040800,False,False
hiv,tautomer,20,hiv_040803,False,False
hiv,tautomer,20,hiv_040861,False,False
hiv,tautomer,20,hiv_041093,False,False
clintox_tox,tautomer,20,clintox_tox_000012,True,True
clintox_tox,tautomer,20,clintox_tox_000013,True,True
clintox_tox,tautomer,20,clintox_tox_000075,True,True
clintox_tox,tautomer,20,clintox_tox_000105,False,False
clintox_tox,tautomer,20,clintox_tox_000111,False,False
clintox_tox,tautomer,20,clintox_tox_000140,False,False
clintox_tox,tautomer,20,clintox_tox_000142,False,False
clintox_tox,tautomer,20,clintox_tox_000243,True,True
clintox_tox,tautomer,20,clintox_tox_000272,False,False
clintox_tox,tautomer,20,clintox_tox_000472,False,False
clintox_tox,tautomer,20,clintox_tox_000504,False,False
clintox_tox,tautomer,20,clintox_tox_000509,False,False
clintox_tox,tautomer,20,clintox_tox_000510,False,False
clintox_tox,tautomer,20,clintox_tox_000514,False,False
clintox_tox,tautomer,20,clintox_tox_000515,False,False
clintox_tox,tautomer,20,clintox_tox_000539,True,True
clintox_tox,tautomer,20,clintox_tox_000601,False,False
clintox_tox,tautomer,20,clintox_tox_000616,False,False
clintox_tox,tautomer,20,clintox_tox_000629,False,False
clintox_tox,tautomer,20,clintox_tox_000667,False,False
clintox_tox,tautomer,20,clintox_tox_000682,False,False
clintox_tox,tautomer,20,clintox_tox_000689,True,True
clintox_tox,tautomer,20,clintox_tox_000720,False,False
clintox_tox,tautomer,20,clintox_tox_000730,False,False
clintox_tox,tautomer,20,clintox_tox_000737,True,True
clintox_tox,tautomer,20,clintox_tox_000768,False,False
clintox_tox,tautomer,20,clintox_tox_000772,False,False
clintox_tox,tautomer,20,clintox_tox_000780,False,False
clintox_tox,tautomer,20,clintox_tox_000781,False,False
clintox_tox,tautomer,20,clintox_tox_000801,False,False
clintox_tox,tautomer,20,clintox_tox_000846,False,False
clintox_tox,tautomer,20,clintox_tox_000853,True,True
clintox_tox,tautomer,20,clintox_tox_000855,True,True
clintox_tox,tautomer,20,clintox_tox_000856,True,True
clintox_tox,tautomer,20,clintox_tox_000921,False,False
clintox_tox,tautomer,20,clintox_tox_000930,False,False
clintox_tox,tautomer,20,clintox_tox_000973,False,False
clintox_tox,tautomer,20,clintox_tox_000994,False,False
clintox_tox,tautomer,20,clintox_tox_001027,False,False
clintox_tox,tautomer,20,clintox_tox_001039,True,True
clintox_tox,tautomer,20,clintox_tox_001097,False,False
clintox_tox,tautomer,20,clintox_tox_001098,True,True
clintox_tox,tautomer,20,clintox_tox_001149,False,False
clintox_tox,tautomer,20,clintox_tox_001151,True,True
clintox_tox,tautomer,20,clintox_tox_001162,False,False
clintox_tox,tautomer,20,clintox_tox_001174,False,False
clintox_tox,tautomer,20,clintox_tox_001196,False,False
clintox_tox,tautomer,20,clintox_tox_001222,True,True
clintox_tox,tautomer,20,clintox_tox_001268,False,False
clintox_tox,tautomer,20,clintox_tox_001302,False,False
clintox_tox,tautomer,20,clintox_tox_001304,True,True
clintox_tox,tautomer,20,clintox_tox_001328,False,False
clintox_tox,tautomer,20,clintox_tox_001358,False,False
clintox_tox,tautomer,20,clintox_tox_001382,True,True
clintox_tox,tautomer,20,clintox_tox_001385,True,True
clintox_tox,tautomer,20,clintox_tox_001405,True,True
clintox_tox,tautomer,20,clintox_tox_001409,False,False
clintox_tox,tautomer,20,clintox_tox_001414,False,False
clintox_tox,tautomer,20,clintox_tox_001419,False,False
clintox_tox,tautomer,20,clintox_tox_001425,True,True
clintox_tox,tautomer,20,clintox_tox_001427,False,False
clintox_tox,tautomer,20,clintox_tox_001456,False,False
clintox_tox,tautomer,20,clintox_tox_001465,False,False
clintox_tox,tautomer,20,clintox_tox_001466,False,False
clintox_fda,tautomer,20,clintox_fda_000012,True,True
clintox_fda,tautomer,20,clintox_fda_000013,True,True
clintox_fda,tautomer,20,clintox_fda_000075,True,True
clintox_fda,tautomer,20,clintox_fda_000105,False,False
clintox_fda,tautomer,20,clintox_fda_000111,False,False
clintox_fda,tautomer,20,clintox_fda_000140,False,False
clintox_fda,tautomer,20,clintox_fda_000142,False,False
clintox_fda,tautomer,20,clintox_fda_000243,True,True
clintox_fda,tautomer,20,clintox_fda_000272,False,False
clintox_fda,tautomer,20,clintox_fda_000472,False,False
clintox_fda,tautomer,20,clintox_fda_000504,False,False
clintox_fda,tautomer,20,clintox_fda_000509,False,False
clintox_fda,tautomer,20,clintox_fda_000510,False,False
clintox_fda,tautomer,20,clintox_fda_000514,False,False
clintox_fda,tautomer,20,clintox_fda_000515,False,False
clintox_fda,tautomer,20,clintox_fda_000539,True,True
clintox_fda,tautomer,20,clintox_fda_000601,False,False
clintox_fda,tautomer,20,clintox_fda_000616,False,False
clintox_fda,tautomer,20,clintox_fda_000629,False,False
clintox_fda,tautomer,20,clintox_fda_000667,False,False
clintox_fda,tautomer,20,clintox_fda_000682,False,False
clintox_fda,tautomer,20,clintox_fda_000689,True,True
clintox_fda,tautomer,20,clintox_fda_000720,False,False
clintox_fda,tautomer,20,clintox_fda_000730,False,False
clintox_fda,tautomer,20,clintox_fda_000737,True,True
clintox_fda,tautomer,20,clintox_fda_000768,False,False
clintox_fda,tautomer,20,clintox_fda_000772,False,False
clintox_fda,tautomer,20,clintox_fda_000780,False,False
clintox_fda,tautomer,20,clintox_fda_000781,False,False
clintox_fda,tautomer,20,clintox_fda_000801,False,False
clintox_fda,tautomer,20,clintox_fda_000846,False,False
clintox_fda,tautomer,20,clintox_fda_000853,True,True
clintox_fda,tautomer,20,clintox_fda_000855,True,True
clintox_fda,tautomer,20,clintox_fda_000856,True,True
clintox_fda,tautomer,20,clintox_fda_000921,False,False
clintox_fda,tautomer,20,clintox_fda_000930,False,False
clintox_fda,tautomer,20,clintox_fda_000973,False,False
clintox_fda,tautomer,20,clintox_fda_000994,False,False
clintox_fda,tautomer,20,clintox_fda_001027,False,False
clintox_fda,tautomer,20,clintox_fda_001039,True,True
clintox_fda,tautomer,20,clintox_fda_001097,False,False
clintox_fda,tautomer,20,clintox_fda_001098,True,True
clintox_fda,tautomer,20,clintox_fda_001149,False,False
clintox_fda,tautomer,20,clintox_fda_001151,True,True
clintox_fda,tautomer,20,clintox_fda_001162,False,False
clintox_fda,tautomer,20,clintox_fda_001174,False,False
clintox_fda,tautomer,20,clintox_fda_001196,False,False
clintox_fda,tautomer,20,clintox_fda_001222,True,True
clintox_fda,tautomer,20,clintox_fda_001268,False,False
clintox_fda,tautomer,20,clintox_fda_001302,False,False
clintox_fda,tautomer,20,clintox_fda_001304,True,True
clintox_fda,tautomer,20,clintox_fda_001328,False,False
clintox_fda,tautomer,20,clintox_fda_001358,False,False
clintox_fda,tautomer,20,clintox_fda_001382,True,True
clintox_fda,tautomer,20,clintox_fda_001385,True,True
clintox_fda,tautomer,20,clintox_fda_001405,True,True
clintox_fda,tautomer,20,clintox_fda_001409,False,False
clintox_fda,tautomer,20,clintox_fda_001414,False,False
clintox_fda,tautomer,20,clintox_fda_001419,False,False
clintox_fda,tautomer,20,clintox_fda_001425,True,True
clintox_fda,tautomer,20,clintox_fda_001427,False,False
clintox_fda,tautomer,20,clintox_fda_001456,False,False
clintox_fda,tautomer,20,clintox_fda_001465,False,False
clintox_fda,tautomer,20,clintox_fda_001466,False,False
tox21_ahr,tautomer,20,tox21_ahr_000077,False,False
tox21_ahr,tautomer,20,tox21_ahr_000090,False,False
tox21_ahr,tautomer,20,tox21_ahr_000163,True,True
tox21_ahr,tautomer,20,tox21_ahr_000263,False,False
tox21_ahr,tautomer,20,tox21_ahr_000522,False,False
tox21_ahr,tautomer,20,tox21_ahr_000539,False,False
tox21_ahr,tautomer,20,tox21_ahr_000700,False,False
tox21_ahr,tautomer,20,tox21_ahr_000941,True,True
tox21_ahr,tautomer,20,tox21_ahr_001039,False,False
tox21_ahr,tautomer,20,tox21_ahr_001100,False,False
tox21_ahr,tautomer,20,tox21_ahr_001351,False,False
tox21_ahr,tautomer,20,tox21_ahr_001435,True,True
tox21_ahr,tautomer,20,tox21_ahr_001518,False,False
tox21_ahr,tautomer,20,tox21_ahr_001533,False,False
tox21_ahr,tautomer,20,tox21_ahr_001570,False,False
tox21_ahr,tautomer,20,tox21_ahr_001713,False,False
tox21_ahr,tautomer,20,tox21_ahr_001953,False,False
tox21_ahr,tautomer,20,tox21_ahr_002112,False,False
tox21_ahr,tautomer,20,tox21_ahr_002261,False,False
tox21_ahr,tautomer,20,tox21_ahr_002325,False,False
tox21_ahr,tautomer,20,tox21_ahr_002398,True,True
tox21_ahr,tautomer,20,tox21_ahr_002466,False,False
tox21_ahr,tautomer,20,tox21_ahr_002504,False,False
tox21_ahr,tautomer,20,tox21_ahr_002528,False,False
tox21_ahr,tautomer,20,tox21_ahr_002650,False,False
tox21_ahr,tautomer,20,tox21_ahr_002854,False,False
tox21_ahr,tautomer,20,tox21_ahr_002881,True,True
tox21_ahr,tautomer,20,tox21_ahr_003052,False,False
tox21_ahr,tautomer,20,tox21_ahr_003077,False,False
tox21_ahr,tautomer,20,tox21_ahr_003216,True,True
tox21_ahr,tautomer,20,tox21_ahr_003384,False,False
tox21_ahr,tautomer,20,tox21_ahr_003399,False,False
tox21_ahr,tautomer,20,tox21_ahr_003699,False,False
tox21_ahr,tautomer,20,tox21_ahr_003702,False,False
tox21_ahr,tautomer,20,tox21_ahr_003981,False,False
tox21_ahr,tautomer,20,tox21_ahr_004033,False,False
tox21_ahr,tautomer,20,tox21_ahr_004067,True,True
tox21_ahr,tautomer,20,tox21_ahr_004181,False,False
tox21_ahr,tautomer,20,tox21_ahr_004313,True,True
tox21_ahr,tautomer,20,tox21_ahr_004350,False,False
tox21_ahr,tautomer,20,tox21_ahr_004633,False,False
tox21_ahr,tautomer,20,tox21_ahr_004870,False,False
tox21_ahr,tautomer,20,tox21_ahr_004893,False,False
tox21_ahr,tautomer,20,tox21_ahr_004981,False,False
tox21_ahr,tautomer,20,tox21_ahr_005080,False,False
tox21_ahr,tautomer,20,tox21_ahr_005165,False,False
tox21_ahr,tautomer,20,tox21_ahr_005644,False,False
tox21_ahr,tautomer,20,tox21_ahr_005694,True,True
tox21_ahr,tautomer,20,tox21_ahr_005731,False,False
tox21_ahr,tautomer,20,tox21_ahr_005755,False,False
tox21_ahr,tautomer,20,tox21_ahr_005965,False,False
tox21_ahr,tautomer,20,tox21_ahr_006010,True,True
tox21_ahr,tautomer,20,tox21_ahr_006150,False,False
tox21_ahr,tautomer,20,tox21_ahr_006434,False,False
tox21_ahr,tautomer,20,tox21_ahr_006514,True,True
tox21_ahr,tautomer,20,tox21_ahr_006516,False,False
tox21_ahr,tautomer,20,tox21_ahr_006966,False,False
tox21_ahr,tautomer,20,tox21_ahr_007283,False,False
tox21_ahr,tautomer,20,tox21_ahr_007351,False,False
tox21_ahr,tautomer,20,tox21_ahr_007355,False,False
tox21_ahr,tautomer,20,tox21_ahr_007436,False,False
tox21_ahr,tautomer,20,tox21_ahr_007562,False,False
tox21_ahr,tautomer,20,tox21_ahr_007744,False,False
tox21_ahr,tautomer,20,tox21_ahr_007763,False,False
tox21_are,tautomer,20,tox21_are_000143,False,False
tox21_are,tautomer,20,tox21_are_000163,True,True
tox21_are,tautomer,20,tox21_are_000263,False,False
tox21_are,tautomer,20,tox21_are_000522,False,False
tox21_are,tautomer,20,tox21_are_000782,True,True
tox21_are,tautomer,20,tox21_are_000941,True,True
tox21_are,tautomer,20,tox21_are_001013,False,False
tox21_are,tautomer,20,tox21_are_001039,False,False
tox21_are,tautomer,20,tox21_are_001100,False,False
tox21_are,tautomer,20,tox21_are_001278,False,False
tox21_are,tautomer,20,tox21_are_001340,False,False
tox21_are,tautomer,20,tox21_are_001351,False,False
tox21_are,tautomer,20,tox21_are_001404,False,False
tox21_are,tautomer,20,tox21_are_001460,False,False
tox21_are,tautomer,20,tox21_are_001570,False,False
tox21_are,tautomer,20,tox21_are_001732,False,False
tox21_are,tautomer,20,tox21_are_001789,False,False
tox21_are,tautomer,20,tox21_are_001826,False,False
tox21_are,tautomer,20,tox21_are_001953,False,False
tox21_are,tautomer,20,tox21_are_001968,False,False
tox21_are,tautomer,20,tox21_are_002218,False,False
tox21_are,tautomer,20,tox21_are_002398,True,True
tox21_are,tautomer,20,tox21_are_002466,False,False
tox21_are,tautomer,20,tox21_are_002488,False,False
tox21_are,tautomer,20,tox21_are_002504,False,False
tox21_are,tautomer,20,tox21_are_002528,False,False
tox21_are,tautomer,20,tox21_are_002641,False,False
tox21_are,tautomer,20,tox21_are_002650,False,False
tox21_are,tautomer,20,tox21_are_002854,False,False
tox21_are,tautomer,20,tox21_are_002910,True,True
tox21_are,tautomer,20,tox21_are_003052,False,False
tox21_are,tautomer,20,tox21_are_003384,False,False
tox21_are,tautomer,20,tox21_are_003398,False,False
tox21_are,tautomer,20,tox21_are_004033,False,False
tox21_are,tautomer,20,tox21_are_004067,True,True
tox21_are,tautomer,20,tox21_are_004162,False,False
tox21_are,tautomer,20,tox21_are_004181,False,False
tox21_are,tautomer,20,tox21_are_004350,False,False
tox21_are,tautomer,20,tox21_are_004435,False,False
tox21_are,tautomer,20,tox21_are_004690,False,False
tox21_are,tautomer,20,tox21_are_004851,False,False
tox21_are,tautomer,20,tox21_are_004928,False,False
tox21_are,tautomer,20,tox21_are_005080,False,False
tox21_are,tautomer,20,tox21_are_005285,True,True
tox21_are,tautomer,20,tox21_are_005415,False,False
tox21_are,tautomer,20,tox21_are_005560,False,False
tox21_are,tautomer,20,tox21_are_005644,False,False
tox21_are,tautomer,20,tox21_are_005740,False,False
tox21_are,tautomer,20,tox21_are_005755,False,False
tox21_are,tautomer,20,tox21_are_006150,False,False
tox21_are,tautomer,20,tox21_are_006192,False,False
tox21_are,tautomer,20,tox21_are_006514,True,True
tox21_are,tautomer,20,tox21_are_006536,False,False
tox21_are,tautomer,20,tox21_are_006630,False,False
tox21_are,tautomer,20,tox21_are_006649,False,False
tox21_are,tautomer,20,tox21_are_006850,False,False
tox21_are,tautomer,20,tox21_are_006924,False,False
tox21_are,tautomer,20,tox21_are_007279,False,False
tox21_are,tautomer,20,tox21_are_007283,False,False
tox21_are,tautomer,20,tox21_are_007346,False,False
tox21_are,tautomer,20,tox21_are_007355,False,False
tox21_are,tautomer,20,tox21_are_007436,False,False
tox21_are,tautomer,20,tox21_are_007744,False,False
tox21_are,tautomer,20,tox21_are_007763,False,False
tox21_mmp,tautomer,20,tox21_mmp_000077,False,False
tox21_mmp,tautomer,20,tox21_mmp_000090,False,False
tox21_mmp,tautomer,20,tox21_mmp_000143,False,False
tox21_mmp,tautomer,20,tox21_mmp_000213,False,False
tox21_mmp,tautomer,20,tox21_mmp_000263,False,False
tox21_mmp,tautomer,20,tox21_mmp_000420,False,False
tox21_mmp,tautomer,20,tox21_mmp_000522,False,False
tox21_mmp,tautomer,20,tox21_mmp_000782,True,True
tox21_mmp,tautomer,20,tox21_mmp_001351,False,False
tox21_mmp,tautomer,20,tox21_mmp_001404,False,False
tox21_mmp,tautomer,20,tox21_mmp_001533,False,False
tox21_mmp,tautomer,20,tox21_mmp_001570,False,False
tox21_mmp,tautomer,20,tox21_mmp_001713,False,False
tox21_mmp,tautomer,20,tox21_mmp_001732,False,False
tox21_mmp,tautomer,20,tox21_mmp_001953,False,False
tox21_mmp,tautomer,20,tox21_mmp_001957,False,False
tox21_mmp,tautomer,20,tox21_mmp_001968,False,False
tox21_mmp,tautomer,20,tox21_mmp_002030,False,False
tox21_mmp,tautomer,20,tox21_mmp_002080,False,False
tox21_mmp,tautomer,20,tox21_mmp_002112,False,False
tox21_mmp,tautomer,20,tox21_mmp_002145,False,False
tox21_mmp,tautomer,20,tox21_mmp_002312,True,True
tox21_mmp,tautomer,20,tox21_mmp_002398,True,True
tox21_mmp,tautomer,20,tox21_mmp_002466,False,False
tox21_mmp,tautomer,20,tox21_mmp_002488,False,False
tox21_mmp,tautomer,20,tox21_mmp_002504,False,False
tox21_mmp,tautomer,20,tox21_mmp_002528,False,False
tox21_mmp,tautomer,20,tox21_mmp_002562,False,False
tox21_mmp,tautomer,20,tox21_mmp_002650,False,False
tox21_mmp,tautomer,20,tox21_mmp_002881,True,True
tox21_mmp,tautomer,20,tox21_mmp_002986,False,False
tox21_mmp,tautomer,20,tox21_mmp_003077,False,False
tox21_mmp,tautomer,20,tox21_mmp_003376,False,False
tox21_mmp,tautomer,20,tox21_mmp_003398,False,False
tox21_mmp,tautomer,20,tox21_mmp_003927,False,False
tox21_mmp,tautomer,20,tox21_mmp_004033,False,False
tox21_mmp,tautomer,20,tox21_mmp_004067,True,True
tox21_mmp,tautomer,20,tox21_mmp_004135,False,False
tox21_mmp,tautomer,20,tox21_mmp_004162,False,False
tox21_mmp,tautomer,20,tox21_mmp_004181,False,False
tox21_mmp,tautomer,20,tox21_mmp_004350,False,False
tox21_mmp,tautomer,20,tox21_mmp_004435,False,False
tox21_mmp,tautomer,20,tox21_mmp_004633,False,False
tox21_mmp,tautomer,20,tox21_mmp_004690,False,False
tox21_mmp,tautomer,20,tox21_mmp_004752,True,True
tox21_mmp,tautomer,20,tox21_mmp_004851,False,False
tox21_mmp,tautomer,20,tox21_mmp_004870,False,False
tox21_mmp,tautomer,20,tox21_mmp_005080,False,False
tox21_mmp,tautomer,20,tox21_mmp_005165,False,False
tox21_mmp,tautomer,20,tox21_mmp_005228,False,False
tox21_mmp,tautomer,20,tox21_mmp_005288,True,True
tox21_mmp,tautomer,20,tox21_mmp_005644,False,False
tox21_mmp,tautomer,20,tox21_mmp_005755,False,False
tox21_mmp,tautomer,20,tox21_mmp_005965,False,False
tox21_mmp,tautomer,20,tox21_mmp_006150,False,False
tox21_mmp,tautomer,20,tox21_mmp_006434,False,False
tox21_mmp,tautomer,20,tox21_mmp_006649,False,False
tox21_mmp,tautomer,20,tox21_mmp_007287,False,False
tox21_mmp,tautomer,20,tox21_mmp_007355,False,False
tox21_mmp,tautomer,20,tox21_mmp_007436,False,False
tox21_mmp,tautomer,20,tox21_mmp_007562,False,False
tox21_mmp,tautomer,20,tox21_mmp_007744,False,False
tox21_mmp,tautomer,20,tox21_mmp_007763,False,False
tox21_mmp,tautomer,20,tox21_mmp_007793,False,False
sider_gastro,tautomer,20,sider_gastro_000021,False,False
sider_gastro,tautomer,20,sider_gastro_000030,False,False
sider_gastro,tautomer,20,sider_gastro_000040,False,False
sider_gastro,tautomer,20,sider_gastro_000055,False,False
sider_gastro,tautomer,20,sider_gastro_000067,False,False
sider_gastro,tautomer,20,sider_gastro_000105,False,False
sider_gastro,tautomer,20,sider_gastro_000112,False,False
sider_gastro,tautomer,20,sider_gastro_000137,False,False
sider_gastro,tautomer,20,sider_gastro_000169,False,False
sider_gastro,tautomer,20,sider_gastro_000170,False,False
sider_gastro,tautomer,20,sider_gastro_000194,True,True
sider_gastro,tautomer,20,sider_gastro_000235,False,False
sider_gastro,tautomer,20,sider_gastro_000244,True,True
sider_gastro,tautomer,20,sider_gastro_000297,False,False
sider_gastro,tautomer,20,sider_gastro_000298,True,True
sider_gastro,tautomer,20,sider_gastro_000370,False,False
sider_gastro,tautomer,20,sider_gastro_000386,False,False
sider_gastro,tautomer,20,sider_gastro_000387,False,False
sider_gastro,tautomer,20,sider_gastro_000392,False,False
sider_gastro,tautomer,20,sider_gastro_000394,False,False
sider_gastro,tautomer,20,sider_gastro_000429,False,False
sider_gastro,tautomer,20,sider_gastro_000430,False,False
sider_gastro,tautomer,20,sider_gastro_000438,True,True
sider_gastro,tautomer,20,sider_gastro_000472,False,False
sider_gastro,tautomer,20,sider_gastro_000515,False,False
sider_gastro,tautomer,20,sider_gastro_000550,False,False
sider_gastro,tautomer,20,sider_gastro_000564,True,True
sider_gastro,tautomer,20,sider_gastro_000578,False,False
sider_gastro,tautomer,20,sider_gastro_000591,False,False
sider_gastro,tautomer,20,sider_gastro_000616,True,True
sider_gastro,tautomer,20,sider_gastro_000624,False,False
sider_gastro,tautomer,20,sider_gastro_000645,False,False
sider_gastro,tautomer,20,sider_gastro_000650,False,False
sider_gastro,tautomer,20,sider_gastro_000651,False,False
sider_gastro,tautomer,20,sider_gastro_000659,False,False
sider_gastro,tautomer,20,sider_gastro_000728,False,False
sider_gastro,tautomer,20,sider_gastro_000834,False,False
sider_gastro,tautomer,20,sider_gastro_000864,False,False
sider_gastro,tautomer,20,sider_gastro_000869,False,False
sider_gastro,tautomer,20,sider_gastro_000890,True,True
sider_gastro,tautomer,20,sider_gastro_000918,False,False
sider_gastro,tautomer,20,sider_gastro_000963,False,False
sider_gastro,tautomer,20,sider_gastro_000968,False,False
sider_gastro,tautomer,20,sider_gastro_000970,False,False
sider_gastro,tautomer,20,sider_gastro_000985,False,False
sider_gastro,tautomer,20,sider_gastro_001008,False,False
sider_gastro,tautomer,20,sider_gastro_001011,False,False
sider_gastro,tautomer,20,sider_gastro_001041,False,False
sider_gastro,tautomer,20,sider_gastro_001083,False,False
sider_gastro,tautomer,20,sider_gastro_001088,True,True
sider_gastro,tautomer,20,sider_gastro_001116,False,False
sider_gastro,tautomer,20,sider_gastro_001117,False,False
sider_gastro,tautomer,20,sider_gastro_001166,False,False
sider_gastro,tautomer,20,sider_gastro_001199,False,False
sider_gastro,tautomer,20,sider_gastro_001200,False,False
sider_gastro,tautomer,20,sider_gastro_001204,False,False
sider_gastro,tautomer,20,sider_gastro_001216,True,True
sider_gastro,tautomer,20,sider_gastro_001224,False,False
sider_gastro,tautomer,20,sider_gastro_001225,False,False
sider_gastro,tautomer,20,sider_gastro_001242,False,False
sider_gastro,tautomer,20,sider_gastro_001270,True,True
sider_gastro,tautomer,20,sider_gastro_001278,False,False
sider_gastro,tautomer,20,sider_gastro_001339,False,False
sider_gastro,tautomer,20,sider_gastro_001422,True,True
