artifact,task,condition,relation,dose,seed,n_test,n_affected,n_control,affected_delta_mean,control_delta_mean,did,affected_win_rate,control_win_rate,linear_affected_coef,did_label_adjusted,did_label_equal,n_labels_adjusted,did_minus_decoy,did_label_adjusted_minus_decoy,linear_affected_coef_minus_decoy
phase0_gin_bbbp_stereo_changed_aff82_d20_lowtrain05,bbbp,exact_20x,exact,20,307,204,82,122,0.0331206006883848,-0.03950223743488065,0.07262283812326545,0.43902439024390244,0.319672131147541,0.05667899776522022,-0.008020644161178375,-0.010171515334686361,2,0.10423966966679647,0.11860199224517709,0.051754399611395045
phase0_gin_bbbp_stereo_changed_aff82_d20_lowtrain05,bbbp,exact_20x,exact,20,331,204,82,122,0.0011980277372569603,0.026121248078883674,-0.024923220341626712,0.5487804878048781,0.6475409836065574,0.0038144105337775125,0.016308166388854524,0.019423499091220958,2,-0.06771513712374581,-0.126445168219727,-0.038569803879756275
phase0_gin_bbbp_stereo_changed_aff82_d20_lowtrain05,bbbp,exact_20x,exact,20,353,204,82,122,-0.1212550395781674,0.07308329049436772,-0.19433833007253512,0.24390243902439024,0.4098360655737705,-0.02858182512595342,-0.14541862606561723,-0.15866669042169676,2,0.01617244950405175,-0.02255158411188868,-0.01780931396239549
phase0_gin_bbbp_stereo_changed_aff82_d20_lowtrain05,bbbp,exact_20x,exact,20,379,204,82,122,-0.11391915599020516,-0.03276953885911917,-0.08114961713108598,0.18292682926829268,0.19672131147540983,-0.03602323294486573,-0.08548333941417126,-0.09584217334444324,2,-0.03995928700353469,-0.017042801784955833,-0.011819169903104942
phase0_gin_bbbp_stereo_changed_aff82_d20_lowtrain05,bbbp,exact_20x,exact,20,401,204,82,122,-0.061451345545853055,0.00397336318111811,-0.06542470872697116,0.24390243902439024,0.3114754098360656,-0.014669986659430034,-0.06412873084258347,-0.07021260765949919,2,-0.06478138033990283,0.09472720517039696,0.060348666093644754
phase0_gin_bbbp_stereo_changed_aff82_d20_lowtrain05,bbbp,exact_20x,exact,20,421,204,82,122,-0.09121015399876166,0.01264552285009231,-0.10385567684885397,0.21951219512195122,0.2459016393442623,-0.003693027437051355,-0.14358208728789,-0.1583918094995284,2,0.07557113732590001,0.06663921585131685,0.04250170505404427
phase0_gin_bbbp_stereo_changed_aff82_d20_lowtrain05,bbbp,exact_20x,exact,20,443,204,82,122,-0.0025873161034613004,0.049656703518550914,-0.052244019622012215,0.3780487804878049,0.6967213114754098,0.004771095037228709,-0.04361412530188108,-0.04297441545341986,2,-0.03459970272075042,-0.05009425055347134,0.008696881287713343
phase0_gin_bbbp_stereo_changed_aff82_d20_lowtrain05,bbbp,exact_20x,exact,20,467,204,82,122,-0.02392037912476354,0.0014263108128406957,-0.025346689937604232,0.3170731707317073,0.45081967213114754,0.001326745458573586,-0.013675942012031086,-0.016143202280700458,2,0.01644687317773515,0.027454052826682895,0.015926229746687885
phase0_gin_bbbp_stereo_changed_aff82_d20_lowtrain05,bbbp,exact_20x,exact,20,491,204,82,122,0.1362172034001205,0.013089133487617382,0.12312806991250312,0.7073170731707317,0.7868852459016393,0.09144685177559286,0.1067725350166184,0.11807278267985322,2,-0.12036765442311358,-0.07328037677659036,-0.053703247862076364
phase0_gin_bbbp_stereo_changed_aff82_d20_lowtrain05,bbbp,exact_20x,exact,20,509,204,82,122,-0.051579286162627906,0.04965071630526763,-0.10123000246789554,0.17073170731707318,0.26229508196721313,-0.020828211234753147,-0.18139728765758492,-0.1954668505428501,2,-0.09584269675164403,-0.22764965834637108,-0.04420128975601628
phase0_gin_bbbp_stereo_changed_aff82_d20_lowtrain05,bbbp,exact_20x,exact,20,541,204,82,122,-0.026994037646345975,7.255888376079372e-05,-0.02706659653010677,0.25609756097560976,0.5163934426229508,-0.0004587129948679103,-0.010500700644603587,-0.012261035928765573,2,-0.005035382978132559,-0.0013037902349158862,-0.006872781909197573
phase0_gin_bbbp_stereo_changed_aff82_d20_lowtrain05,bbbp,exact_20x,exact,20,563,204,82,122,-0.03901273793563609,-0.004361733977423343,-0.034651003958212745,0.25609756097560976,0.3114754098360656,-0.006937192081972632,-0.04514139516076728,-0.05009099863176702,2,0.03497242458054467,-0.021319229040137964,-0.015967337490643052
phase0_gin_bbbp_stereo_changed_aff82_d20_lowtrain05,bbbp,random_20x,random,20,307,204,82,122,0.05203659628040907,-0.03076979702674465,0.08280639330715373,0.5853658536585366,0.45901639344262296,0.012089886809408146,0.005791419716063221,0.009326423589524648,2,0.11442322485068475,0.1324140561224187,0.007165288655582969
phase0_gin_bbbp_stereo_changed_aff82_d20_lowtrain05,bbbp,random_20x,random,20,331,204,82,122,-0.04498753814799031,-0.01281768401138118,-0.032169854136609125,0.36585365853658536,0.5081967213114754,0.024120614806502044,0.034208867164756844,0.03689304536710403,2,-0.07496177091872822,-0.10854446744382468,-0.018263599607031743
phase0_gin_bbbp_stereo_changed_aff82_d20_lowtrain05,bbbp,random_20x,random,20,353,204,82,122,-0.12350246260260664,0.08297757798286735,-0.20648004058547398,0.2682926829268293,0.4098360655737705,-0.01678838467328625,-0.11557488738444238,-0.1261376243996923,2,0.004030738991112892,0.007292154569286169,-0.00601587350972832
phase0_gin_bbbp_stereo_changed_aff82_d20_lowtrain05,bbbp,random_20x,random,20,379,204,82,122,-0.04772690565484326,-0.03377813677929463,-0.013948768875548634,0.25609756097560976,0.21311475409836064,-0.011508516656225876,-0.036193259809983995,-0.041336228761698984,2,0.02724156125200266,0.03224727781923143,0.012695546385534912
phase0_gin_bbbp_stereo_changed_aff82_d20_lowtrain05,bbbp,random_20x,random,20,401,204,82,122,-0.05822998746411832,-0.022639816764314636,-0.03559017069980368,0.5853658536585366,0.5983606557377049,-0.02874290585078563,-0.06688095819231206,-0.07522585942500704,2,-0.03494684231273534,0.09197497782066837,0.04627574690228916
phase0_gin_bbbp_stereo_changed_aff82_d20_lowtrain05,bbbp,random_20x,random,20,421,204,82,122,-0.13877892035354927,0.014720255310540314,-0.15349917566408958,0.21951219512195122,0.22131147540983606,-0.024595726834340526,-0.18572831644070203,-0.2051686713321238,2,0.025927638510664403,0.024492986698504804,0.0215990056567551
phase0_gin_bbbp_stereo_changed_aff82_d20_lowtrain05,bbbp,random_20x,random,20,443,204,82,122,-0.1203024893908239,0.07715500509519069,-0.19745749448601457,0.21951219512195122,0.39344262295081966,0.01876640238641364,-0.15341958374332934,-0.16299598003607196,2,-0.1798131775847528,-0.1598997089949196,0.022692188636898272
phase0_gin_bbbp_stereo_changed_aff82_d20_lowtrain05,bbbp,random_20x,random,20,467,204,82,122,-0.001220162867045996,-0.010440962755533521,0.009220799888487525,0.34146341463414637,0.3524590163934426,0.004616242018129784,0.002367181002030923,0.0019929340947241413,2,0.051014363003826904,0.0434971758407449,0.01921572630624408
phase0_gin_bbbp_stereo_changed_aff82_d20_lowtrain05,bbbp,random_20x,random,20,491,204,82,122,0.16166554087000648,-0.0036535441386895086,0.165319085008696,0.7073170731707317,0.6639344262295082,0.06703400632529566,0.09742467406192755,0.109148024044038,2,-0.0781766393269207,-0.08262823773128121,-0.07811609331237357
phase0_gin_bbbp_stereo_changed_aff82_d20_lowtrain05,bbbp,random_20x,random,20,509,204,82,122,-0.057344440847816994,0.05890870317206031,-0.1162531440198773,0.14634146341463414,0.3114754098360656,-0.013349425317633196,-0.17669708546352933,-0.19019314810682475,2,-0.11086583830362579,-0.22294945615231548,-0.03672250383889633
phase0_gin_bbbp_stereo_changed_aff82_d20_lowtrain05,bbbp,random_20x,random,20,541,204,82,122,0.05676784439057839,-0.033174092011129266,0.08994193640170765,0.6463414634146342,0.38524590163934425,0.013384792575205529,0.04200046105931203,0.04706408266291336,2,0.11197314995368186,0.05119737146899973,0.006970723660875866
phase0_gin_bbbp_stereo_changed_aff82_d20_lowtrain05,bbbp,random_20x,random,20,563,204,82,122,0.011422076058097008,-0.028040224350378163,0.03946230040847517,0.5,0.14754098360655737,0.016147845086649112,0.01149175968778327,0.011746105270924508,2,0.10908572894723259,0.03531392580841259,0.007117699677978692
phase0_gin_bbbp_stereo_changed_aff82_d20_lowtrain05,bbbp,stereo_20x,stereo,20,307,204,82,122,-0.03858324926255681,-0.02487337190779996,-0.013709877354756851,0.24390243902439024,0.319672131147541,0.01901601153812091,-0.10664541686314426,-0.1170531627169342,2,0.017906954188774173,0.019977219543211203,0.014091413384295731
phase0_gin_bbbp_stereo_changed_aff82_d20_lowtrain05,bbbp,stereo_20x,stereo,20,331,204,82,122,0.04433572346844324,-0.0454030626865684,0.08973878615501164,0.7560975609756098,0.5819672131147541,0.04002538383515941,0.024195941188493136,0.020368333293698124,2,0.046946869372892545,-0.11855739342008839,-0.0023588305783743754
phase0_gin_bbbp_stereo_changed_aff82_d20_lowtrain05,bbbp,stereo_20x,stereo,20,353,204,82,122,-0.039307027101153275,0.05190168473808493,-0.0912087118392382,0.25609756097560976,0.47540983606557374,0.0033387795745607463,-0.04314227210852014,-0.04693327325531249,2,0.11930206773734867,0.0797247698452084,0.014111290738118676
phase0_gin_bbbp_stereo_changed_aff82_d20_lowtrain05,bbbp,stereo_20x,stereo,20,379,204,82,122,-0.043857944720401984,-0.029512866323844325,-0.014345078396557659,0.32926829268292684,0.22950819672131148,-0.008577506518572864,-0.044992158762802256,-0.05248093926481273,2,0.026845251730993634,0.02344837886641317,0.015626556523187923
phase0_gin_bbbp_stereo_changed_aff82_d20_lowtrain05,bbbp,stereo_20x,stereo,20,401,204,82,122,-0.12322373206659061,0.001555341097419376,-0.12477907316400999,0.24390243902439024,0.3442622950819672,-0.037851890390938725,-0.11501530027505721,-0.12593298285244606,2,-0.12413574477694166,0.04384063573792321,0.03716676236213606
phase0_gin_bbbp_stereo_changed_aff82_d20_lowtrain05,bbbp,stereo_20x,stereo,20,421,204,82,122,-0.07787213201929884,0.05016082841292268,-0.1280329604322215,0.25609756097560976,0.3114754098360656,-0.03764563857965275,-0.15463217836477725,-0.1705159576053683,2,0.05139385374253247,0.055589124774429594,0.008549093911442873
phase0_gin_bbbp_stereo_changed_aff82_d20_lowtrain05,bbbp,stereo_20x,stereo,20,443,204,82,122,-0.1378851603353169,0.06861272023715932,-0.2064978805724762,0.2073170731707317,0.319672131147541,0.021594789949789417,-0.17409472469190868,-0.18746013360465652,2,-0.18885356367121442,-0.18057484994349893,0.02552057620027405
phase0_gin_bbbp_stereo_changed_aff82_d20_lowtrain05,bbbp,stereo_20x,stereo,20,467,204,82,122,-0.015432524381250883,-0.03428606765314203,0.01885354327189115,0.32926829268292684,0.36065573770491804,0.011008042161267516,0.004439891291216425,0.0029358256712490576,2,0.06064710638723053,0.04556988612993041,0.025607526449381815
phase0_gin_bbbp_stereo_changed_aff82_d20_lowtrain05,bbbp,stereo_20x,stereo,20,491,204,82,122,0.08973040990531447,-0.035664907183314935,0.12539531708862942,0.7804878048780488,0.7540983606557377,0.12918469637728425,0.0904385234777873,0.09212333906381925,2,-0.11810040724698728,-0.08961438831542146,-0.01596540326038498
phase0_gin_bbbp_stereo_changed_aff82_d20_lowtrain05,bbbp,stereo_20x,stereo,20,509,204,82,122,0.030757687463447803,0.04377605404216248,-0.013018366578714673,0.45121951219512196,0.36885245901639346,-0.021791305749342828,-0.07981960507624639,-0.08272690104555573,2,-0.00763106086246316,-0.12607197576503254,-0.04516438427060596
phase0_gin_bbbp_stereo_changed_aff82_d20_lowtrain05,bbbp,stereo_20x,stereo,20,541,204,82,122,0.052285313265534435,0.05829528682544583,-0.006009973559911397,0.6829268292682927,0.8032786885245902,0.051223086934807094,0.1086310823589112,0.12028596219246934,2,0.016021239992062813,0.1178279927685989,0.04480901802047743
phase0_gin_bbbp_stereo_changed_aff82_d20_lowtrain05,bbbp,stereo_20x,stereo,20,563,204,82,122,0.09106577087829754,-0.04442191130069435,0.13548768217899188,0.7073170731707317,0.5,0.03659240613695891,0.1389011124827667,0.15196956443525864,2,0.2051111107177493,0.16272327860339603,0.02756226072828849
phase0_gru_bbbp_stereo_changed_aff82_d20_lowtrain05,bbbp,exact_20x,exact,20,307,204,82,122,0.004299712889805067,-0.00233816969223687,0.006637882582041937,0.7317073170731707,0.5327868852459017,0.007645827927826943,0.006517359321277532,0.006389729459618739,2,0.004216336634386931,0.0083588723407154,0.008905836548448308
phase0_gru_bbbp_stereo_changed_aff82_d20_lowtrain05,bbbp,exact_20x,exact,20,331,204,82,122,0.006210974985506476,0.0028496975170784348,0.0033612774684280413,0.6463414634146342,0.7377049180327869,0.0007491212024407275,0.009097121913379755,0.010792180943909692,2,0.1680972490695025,0.2176072461859592,0.09612649514832047
phase0_gru_bbbp_stereo_changed_aff82_d20_lowtrain05,bbbp,exact_20x,exact,20,353,204,82,122,0.0032319381106190545,-0.0037396786978743197,0.006971616808493375,0.45121951219512196,0.23770491803278687,-0.0006373249385402159,-0.0020178639080790962,-0.0021394609566192913,2,0.0023862876810553614,-0.008661439331525102,-0.0044300608465320385
phase0_gru_bbbp_stereo_changed_aff82_d20_lowtrain05,bbbp,exact_20x,exact,20,379,204,82,122,-0.004842548290403881,-0.002215989422602729,-0.002626558867801152,0.35365853658536583,0.29508196721311475,0.0026412977744079483,-0.00043409723851827543,-0.0012297486544159885,2,-0.006540427609283127,-0.0023988324567862907,0.0029519533818920182
phase0_gru_bbbp_stereo_changed_aff82_d20_lowtrain05,bbbp,exact_20x,exact,20,401,204,82,122,0.011309574744323408,0.007339137255168356,0.003970437489155052,0.7439024390243902,0.7540983606557377,0.00745760931732601,0.007551667445008157,0.008777087398632071,2,-0.0005467771896954694,-0.0017360743405042834,-0.0009057471529060265
phase0_gru_bbbp_stereo_changed_aff82_d20_lowtrain05,bbbp,exact_20x,exact,20,421,204,82,122,0.009131841168443606,-0.0013015819484459555,0.010433423116889561,0.4024390243902439,0.3442622950819672,0.0005626479088146779,0.010036257492634421,0.011569672930157343,2,0.006547475701941989,-0.0006720940883602339,-0.0064454668423353945
phase0_gru_bbbp_stereo_changed_aff82_d20_lowtrain05,bbbp,exact_20x,exact,20,443,204,82,122,0.001355287414498453,-0.0024499960365842676,0.0038052834510827207,0.5121951219512195,0.13934426229508196,0.002041347935610901,0.002817559117246226,0.0029569991209567313,2,0.001965386180824547,0.004930551604389159,0.0031289131953744958
phase0_gru_bbbp_stereo_changed_aff82_d20_lowtrain05,bbbp,exact_20x,exact,20,467,204,82,122,-0.0024039499552511515,0.007171798153917807,-0.009575748109168959,0.47560975609756095,0.6885245901639344,0.004197778038161092,0.009815407326136614,0.010913502793225695,2,-0.0034672760558066866,0.00217502388407265,-0.0036261563674638703
phase0_gru_bbbp_stereo_changed_aff82_d20_lowtrain05,bbbp,exact_20x,exact,20,491,204,82,122,0.004889192707018868,3.0840976072148524e-05,0.004858351730946719,0.6097560975609756,0.5655737704918032,0.004521235996250958,0.011729450199439124,0.013250371238072808,2,0.003093971952204623,-0.010944801982263708,-0.014395998655409577
phase0_gru_bbbp_stereo_changed_aff82_d20_lowtrain05,bbbp,exact_20x,exact,20,509,204,82,122,0.004142000771513796,0.00020601255361173422,0.003935988217902062,0.7439024390243902,0.7213114754098361,0.0029849740650198797,0.00212733520584488,0.0019698865601343917,2,0.003949835424314046,-0.004373712856487759,0.002032459231068203
phase0_gru_bbbp_stereo_changed_aff82_d20_lowtrain05,bbbp,exact_20x,exact,20,541,204,82,122,0.016224010325059657,0.011436916338127164,0.004787093986932493,0.8292682926829268,0.8934426229508197,0.013580467137572258,0.022557573227785923,0.02464817531301113,2,0.006319780063564807,0.022145132481892173,0.011300344795662892
phase0_gru_bbbp_stereo_changed_aff82_d20_lowtrain05,bbbp,exact_20x,exact,20,563,204,82,122,0.0012661162763834036,0.0005887135878571732,0.0006774026885262304,0.4878048780487805,0.319672131147541,-0.011942503780276538,-0.014401027552627921,-0.015123724830869524,2,-0.004768384620919671,-0.007478512261897121,-0.00678205123062138
phase0_gru_bbbp_stereo_changed_aff82_d20_lowtrain05,bbbp,random_20x,random,20,307,204,82,122,-0.0010901635012975593,-0.00031657016179601063,-0.0007735933395015488,0.4024390243902439,0.639344262295082,-0.002482745784458276,-0.0011905270125455395,-0.0008584172692970638,2,-0.0031951392871565547,0.0006509860068923284,-0.0012227371638369108
phase0_gru_bbbp_stereo_changed_aff82_d20_lowtrain05,bbbp,random_20x,random,20,331,204,82,122,-0.14147435614793766,0.02608003332966664,-0.1675543894776043,0.2804878048780488,0.3770491803278688,-0.09420636503224489,-0.21391001338082732,-0.23603313974181858,2,-0.0028184178765298384,-0.005399889108247874,0.0011710089136348634
phase0_gru_bbbp_stereo_changed_aff82_d20_lowtrain05,bbbp,random_20x,random,20,353,204,82,122,-0.009911508685568494,-0.004377462458415119,-0.005534046227153375,0.3048780487804878,0.4672131147540984,0.0036225554531570912,0.0027279057619158695,0.002467117650287444,2,-0.010119375354591387,-0.003915669661530136,-0.0001701804548347309
phase0_gru_bbbp_stereo_changed_aff82_d20_lowtrain05,bbbp,random_20x,random,20,379,204,82,122,-0.0030053303372569165,6.730830083127359e-05,-0.00307263863808819,0.36585365853658536,0.6065573770491803,-0.0009606400579665279,-0.0022989671514902867,-0.00259441962878038,2,-0.0069865073795701655,-0.0042637023697583015,-0.0006499844504824579
phase0_gru_bbbp_stereo_changed_aff82_d20_lowtrain05,bbbp,random_20x,random,20,401,204,82,122,-0.004781778992676153,0.0003154409713432417,-0.005097219964019394,0.36585365853658536,0.45901639344262296,-0.004568606171200336,-0.00931324342820526,-0.010472559201938675,2,-0.009614434642869915,-0.0186009852137177,-0.012931962641432372
phase0_gru_bbbp_stereo_changed_aff82_d20_lowtrain05,bbbp,random_20x,random,20,421,204,82,122,-0.008274767116257327,0.0023015382409584412,-0.010576305357215769,0.47560975609756095,0.5491803278688525,-0.001902145471557315,-0.0104044656718738,-0.012214386428587144,2,-0.01446225277216334,-0.021112817252868454,-0.008910260222707387
phase0_gru_bbbp_stereo_changed_aff82_d20_lowtrain05,bbbp,random_20x,random,20,443,204,82,122,0.0020948142358442586,-0.0002581288457894071,0.0023529430816336657,0.5609756097560976,0.5655737704918032,0.0016525462852368302,0.006067175105632674,0.007063743974194854,2,0.0005130458113754921,0.008180167592775607,0.002740111545000425
phase0_gru_bbbp_stereo_changed_aff82_d20_lowtrain05,bbbp,random_20x,random,20,467,204,82,122,-0.004188342792231852,-0.006336813586473952,0.0021484707942421005,0.3170731707317073,0.22131147540983606,0.006829058245417456,0.00660782696624855,0.006258179479421759,2,0.008256942847604372,-0.0010325564758154144,-0.0009948761602075057
phase0_gru_bbbp_stereo_changed_aff82_d20_lowtrain05,bbbp,random_20x,random,20,491,204,82,122,-0.00448213173530814,-0.00201800925901434,-0.0024641224762938004,0.4634146341463415,0.6311475409836066,0.021567905449902766,0.03696587822862597,0.04014631577474026,2,-0.004228502255035897,0.01429162604692314,0.00265067079824223
phase0_gru_bbbp_stereo_changed_aff82_d20_lowtrain05,bbbp,random_20x,random,20,509,204,82,122,0.0009213795930874142,-0.00025308944407055747,0.0011744690371579716,0.7317073170731707,0.6475409836065574,0.010366134692168242,0.005272158535151931,0.00421935616021935,2,0.0011883162435699552,-0.0012288895271807074,0.009413619858216565
phase0_gru_bbbp_stereo_changed_aff82_d20_lowtrain05,bbbp,random_20x,random,20,541,204,82,122,0.001498084242750959,-0.003972866038074261,0.00547095028082522,0.5609756097560976,0.22950819672131148,0.00731314036941871,0.012755176947980089,0.013912412315788103,2,0.007003636357457534,0.012342736202086339,0.005033018027509344
phase0_gru_bbbp_stereo_changed_aff82_d20_lowtrain05,bbbp,random_20x,random,20,563,204,82,122,0.0015203243166935106,-0.0026948068550497807,0.004215131171743291,0.5121951219512195,0.2540983606557377,-0.0037986697441212726,-0.0038381131830179916,-0.0039273832190004875,2,-0.0012306561377026107,0.0030844021077128087,0.001361782805533885
phase0_gru_bbbp_stereo_changed_aff82_d20_lowtrain05,bbbp,stereo_20x,stereo,20,307,204,82,122,0.004778949225821144,-0.002400746538502264,0.007179695764323408,0.7804878048780488,0.45081967213114754,0.007052717104893456,0.008725621617080435,0.009219753972366289,2,0.004758149816668403,0.010567134636518302,0.008312725725514822
phase0_gru_bbbp_stereo_changed_aff82_d20_lowtrain05,bbbp,stereo_20x,stereo,20,331,204,82,122,-0.14623800851404672,0.023793502542816227,-0.17003151105686296,0.2804878048780488,0.36885245901639346,-0.08646713766322228,-0.21166536105550277,-0.2348664527570302,2,-0.005295539455788506,-0.0031552367829233152,0.008910236282657469
phase0_gru_bbbp_stereo_changed_aff82_d20_lowtrain05,bbbp,stereo_20x,stereo,20,353,204,82,122,0.002522511180581114,0.0004767641944230622,0.002045746986158052,0.7560975609756098,0.7049180327868853,0.0027038139694380275,-0.0005771286523345508,-0.0015297460303660484,2,-0.002539582141279961,-0.007220704075780556,-0.0010889219385537947
phase0_gru_bbbp_stereo_changed_aff82_d20_lowtrain05,bbbp,stereo_20x,stereo,20,379,204,82,122,-0.0016735052553618732,-0.0018696335495495381,0.00019612829418766495,0.35365853658536583,0.13934426229508196,0.0006424436119039818,-0.0025083359278578877,-0.003278592841126646,2,-0.0037177404472943107,-0.004473071146125903,0.0009530992193880518
phase0_gru_bbbp_stereo_changed_aff82_d20_lowtrain05,bbbp,stereo_20x,stereo,20,401,204,82,122,0.013655926850510806,0.012312301602519926,0.0013436252479908806,0.6219512195121951,0.860655737704918,0.002337039936436594,0.005811357172722317,0.007908115426951558,2,-0.0031735894308596406,-0.0034763846127901232,-0.006026316533795442
phase0_gru_bbbp_stereo_changed_aff82_d20_lowtrain05,bbbp,stereo_20x,stereo,20,421,204,82,122,0.007550520970054518,0.001905880334069503,0.005644640635985016,0.6829268292682927,0.4098360655737705,-0.0016544410683463177,-0.0010310153952536461,-0.0010237487933059594,2,0.0017586932210374435,-0.0117393669762483,-0.00866255581949639
phase0_gru_bbbp_stereo_changed_aff82_d20_lowtrain05,bbbp,stereo_20x,stereo,20,443,204,82,122,-0.003334854070733235,-0.0011366010933626005,-0.0021982529773706344,0.34146341463414637,0.1885245901639344,-0.002000096538189262,-0.006536865927669941,-0.007628797009127567,2,-0.004038150247628808,-0.004423873440527007,-0.0009125312784256676
phase0_gru_bbbp_stereo_changed_aff82_d20_lowtrain05,bbbp,stereo_20x,stereo,20,467,204,82,122,-0.006386468959290812,0.00021093290635064058,-0.006597401865641453,0.4268292682926829,0.47540983606557374,0.002414043788179082,0.0014389913265179612,0.0009157888412677923,2,-0.0004889298122791805,-0.006201392115546003,-0.00540989061744588
phase0_gru_bbbp_stereo_changed_aff82_d20_lowtrain05,bbbp,stereo_20x,stereo,20,491,204,82,122,0.005199184743460362,-0.00250732126172448,0.007706506005184842,0.6951219512195121,0.47540983606557374,0.0038214793908985557,0.013524191551452848,0.01542752488245998,2,0.0059421262264427455,-0.009150060630249984,-0.01509575526076198
phase0_gru_bbbp_stereo_changed_aff82_d20_lowtrain05,bbbp,stereo_20x,stereo,20,509,204,82,122,0.0014126822579561258,-0.0008049551855589538,0.0022176374435150794,0.6585365853658537,0.5245901639344263,-0.0011112683058090485,0.0040905623915636225,0.005199259069831869,2,0.0022314846499270633,-0.0024104856707690163,-0.002063783139760725
phase0_gru_bbbp_stereo_changed_aff82_d20_lowtrain05,bbbp,stereo_20x,stereo,20,541,204,82,122,-0.0036901526334809126,-0.007764747060957506,0.004074594427476593,0.3902439024390244,0.13934426229508196,-0.004295830678179553,-0.0061421233779322066,-0.00661945456388242,2,0.005607280504108907,-0.006554564123825957,-0.006575953020088919
phase0_gru_bbbp_stereo_changed_aff82_d20_lowtrain05,bbbp,stereo_20x,stereo,20,563,204,82,122,0.0011897742203096097,-0.001487583296037602,0.0026773575163472115,0.5,0.20491803278688525,-0.007794343515061357,-0.007810409537551635,-0.007877040144329144,2,-0.0027684297930986902,-0.0008878942468208348,-0.0026338909654061993
phase0_tf_aff128_probe,bbbp,random_20x,random,20,307,204,128,76,-0.058950646372977644,-0.06886297434960542,0.009912327976627777,0.21875,0.2631578947368421,-0.008656569790701618,-0.009835599966866598,0.009034372538857412,2,0.01904610595910957,0.001284427803385866,0.001985761183807907
phase0_tf_aff128_probe,bbbp,random_20x,random,20,331,204,128,76,-0.01452515518758447,0.022196587763334573,-0.03672174295091904,0.1875,0.35526315789473684,0.0014568047341448898,-0.0037324175758000717,0.012708583588783563,2,-0.03454903515643979,-0.014581738823415846,-0.004254291501249674
phase0_tf_aff128_probe,bbbp,random_20x,random,20,353,204,128,76,-0.050060570996720344,-0.14414661975675508,0.09408604876003474,0.3984375,0.32894736842105265,-0.0038337984626263255,0.005445146703501585,0.034781790152737926,2,0.11896110787730371,0.05145163606212008,0.04214563890311673
phase0_tf_aff128_probe,bbbp,random_20x,random,20,379,204,128,76,0.0004096402553841478,-0.02702566527908571,0.027435305534469857,0.53125,0.27631578947368424,0.018619733020899962,0.03066095069057506,-0.006348137302102569,2,0.018052212923066687,0.021564488212551133,0.01382515741681583
phase0_tf_aff128_probe,hiv,exact_20x,exact,20,307,4112,128,3984,-0.06637940183281898,0.004114412848489831,-0.07049381468130882,0.5390625,0.8087349397590361,0.02188004690813601,0.02920731378161765,0.02920731378161765,2,0.02630337433006809,0.05770786160777138,0.022966153157055372
phase0_tf_aff128_probe,hiv,exact_20x,exact,20,331,4112,128,3984,0.07278386200778182,-0.011326522615001385,0.08411038462278321,0.59375,0.4879518072289157,0.020127207776744954,0.027994417947401793,0.027994417947401793,2,0.05249027423859837,-0.06382694925172995,-0.048281081756695696
phase0_tf_aff128_probe,hiv,exact_20x,exact,20,353,4112,128,3984,-0.139010063605383,0.0014680046662987494,-0.14047806827168177,0.5,0.6503514056224899,0.016321370635400734,0.019201876284671696,0.019201876284671696,2,-0.031077818521466766,-0.0023949171891388017,-0.001452332594209016
phase0_tf_aff128_probe,hiv,exact_20x,exact,20,379,4112,128,3984,-0.07876419217791411,0.006650391120807713,-0.08541458329872183,0.609375,0.7407128514056225,-0.02211769184797402,-0.07086350176855112,-0.07086350176855112,2,0.07718925202549638,0.04097185021310133,-0.013342934387781835
phase0_tf_aff128_probe,tox21_ahr,exact_20x,exact,20,307,655,128,527,-0.022593925008550286,-0.0013765255006938605,-0.021217399507856425,0.3359375,0.19734345351043645,-0.0327411103671125,-0.05203402791868778,-0.09388132219630348,2,-0.016236560642754607,-0.0022909468047613707,0.0025171043730249087
phase0_tf_aff128_probe,tox21_ahr,exact_20x,exact,20,331,655,128,527,-0.09461349574849011,-0.009559891425228666,-0.08505360432326145,0.5546875,0.8216318785578748,-0.016905131659921163,-0.01664742322165954,-0.01297044077222816,2,0.035652833436951525,-0.005099379962228437,-0.00920312761927819
phase0_tf_aff128_probe,tox21_ahr,exact_20x,exact,20,353,655,128,527,0.0489475226495415,-0.0017378309872390207,0.05068535363678052,0.484375,0.573055028462998,-0.001116317849399584,-0.004376795882015426,0.0005049625376218267,2,0.018542539124665143,-0.011779038983743214,-0.01148660434757065
phase0_tf_aff128_probe,tox21_ahr,exact_20x,exact,20,379,655,128,527,-0.0247323599178344,-0.023754698876468232,-0.0009776610413661686,0.6328125,0.8178368121442126,0.0398719690773999,0.07338255468211868,0.15606076151638665,2,-0.013410564572541517,0.04750502740376998,0.028804988470605426
phase0_tf_aff128_probe,tox21_ahr,random_1x,random,1,307,655,128,527,0.009740407345816497,-0.0055900235895413874,0.015330430935357884,0.28125,0.1157495256166983,-0.03496557764386818,-0.053285266351611925,-0.09096282555377089,2,-0.01515074518943944,-0.01553010494948337,-0.007944060060089575
phase0_tf_aff128_probe,tox21_ahr,random_1x,random,1,331,655,128,527,-0.002780524082481887,-0.006892644307192636,0.004112120224710749,0.484375,0.5047438330170778,0.01535027831039363,0.02623413667779096,0.048326742530457927,2,0.0057298068546529106,0.004621470151780847,0.0051949368038802304
phase0_tf_aff128_probe,tox21_ahr,random_1x,random,1,353,655,128,527,0.006336716003715976,0.0011075597673484915,0.005229156236367485,0.546875,0.6603415559772297,-0.004101093491777882,-0.007986097701060095,-0.013634290339965906,2,-0.022453146724231855,-0.039793721528833335,-0.031243648075525696
phase0_tf_aff128_probe,tox21_ahr,random_1x,random,1,379,655,128,527,-0.03760999743826687,-0.0008795926421597951,-0.03673040479610708,0.625,0.7836812144212524,0.026917428760465878,0.039819342283116135,0.06038541507719278,2,-0.07671536657976011,-0.023712256121617176,-0.007959145306990219
phase0_tf_aff128_probe,tox21_are,exact_20x,exact,20,307,584,128,456,-0.06704220676328987,-0.034822839263238405,-0.032219367500051464,0.5546875,0.6666666666666666,0.026629702887339693,0.0331861268090675,0.04016387486171523,2,-0.04832663808810409,-0.004054633240937522,0.001981004571187328
phase0_tf_aff128_probe,tox21_are,exact_20x,exact,20,331,584,128,456,0.04917578725144267,-0.005314894085913372,0.054490681337356045,0.5,0.2565789473684211,0.02421069183539154,0.03537708817618469,0.04111627916270723,2,0.030866854252261024,0.03369848487550049,0.020371210094883796
phase0_tf_aff128_probe,tox21_are,exact_20x,exact,20,353,584,128,456,-0.00615837285295128,0.009518978823172417,-0.015677351676123698,0.5,0.38596491228070173,-0.0056630620238524165,-0.02579039216567118,-0.04183319072470745,2,-0.019827685073802344,-0.024577386147135616,-0.00432015770882737
phase0_tf_aff128_probe,tox21_are,exact_20x,exact,20,379,584,128,456,0.03490214538760484,-0.017040896703276725,0.05194304209088156,0.3671875,0.2565789473684211,0.011690954827764888,0.030426443898062216,0.047406722852233074,2,0.07777799860361898,0.056761358323921846,0.029297875738577214
phase0_tf_aff128_probe,tox21_mmp,exact_1x,exact,1,307,582,128,454,0.008335713064298035,0.004024162297731982,0.004311550766566054,0.4140625,0.2026431718061674,-0.012207164405924703,-0.019136545753824605,-0.053849280864478835,2,0.022673125488535877,0.029575370561933115,0.018502510832262425
phase0_tf_aff128_probe,tox21_mmp,exact_1x,exact,1,331,582,128,454,-0.06971547030843796,0.0010546927672650825,-0.07077016307570304,0.421875,0.3700440528634361,-0.025254425009677728,-0.05950702449301378,-0.11931849700308449,2,-0.03709009134657845,0.004813167309157797,0.019279226675149766
phase0_tf_aff128_probe,tox21_mmp,exact_1x,exact,1,353,582,128,454,-0.02569962688721717,-0.0021185470572652313,-0.02358107982995194,0.328125,0.5198237885462555,-0.023933689009469405,-0.029006119758989174,-0.03456064227541747,2,0.019116858409159707,-0.025433970557452088,-0.018478025731709646
phase0_tf_aff128_probe,tox21_mmp,exact_1x,exact,1,379,582,128,454,-0.00736898602917789,0.0023045965884750637,-0.009673582617652953,0.5546875,0.5506607929515418,-0.0015368840545147318,-0.0013733053757588333,-0.0012460847460664657,2,-0.051571815732111614,-0.016319225855162454,-0.014572506934457791
phase0_tf_aff128_probe,tox21_mmp,exact_1x,exact,1,401,582,128,454,0.006717538693919769,0.01868079130082403,-0.011963252606904262,0.5625,0.4779735682819383,-0.001801864429011646,-0.0033555857093753357,-0.01187260050304641,2,0.013470448185341018,-0.010401347478170382,-0.005795354233563393
phase0_tf_aff128_probe,tox21_mmp,exact_1x,exact,1,421,582,128,454,0.01736411999445409,0.008873569118556471,0.008490550875897618,0.5390625,0.5726872246696035,-0.001453202710324994,-0.007401564030654567,-0.02096019320488967,2,-0.02464356380699423,0.007455665203977181,0.009993222383440067
phase0_tf_aff128_probe,tox21_mmp,exact_1x,exact,1,443,582,128,454,-0.05651029624277725,-0.019370818838870995,-0.03713947740390626,0.4375,0.48237885462555063,-0.014296734472081865,-0.01418226799389954,-0.013901367965706776,2,-0.052675441024150074,-0.0969794846687921,-0.0787412600508733
phase0_tf_aff128_probe,tox21_mmp,exact_1x,exact,1,467,582,128,454,0.015949881286360323,-0.048583992580485236,0.06453387386684556,0.296875,0.2665198237885463,0.007511348667215936,0.03932372825507219,0.10170043125463311,2,0.0615204443851494,0.03988994248045948,0.0029690681187267438
phase0_tf_aff128_probe,tox21_mmp,exact_1x,exact,1,491,582,128,454,-0.011527834227308624,0.025346858681298563,-0.03687469290860719,0.7265625,0.7026431718061674,0.025170071110764275,0.009253884304179921,-0.037509326026218696,2,0.03759722722569145,0.005700223447513586,0.014514805529168368
phase0_tf_aff128_probe,tox21_mmp,exact_1x,exact,1,509,582,128,454,0.041829785564914346,-0.012561792909836453,0.0543915784747508,0.40625,0.35462555066079293,-0.011665073145426079,-0.005102012101025701,0.013196249187759804,2,0.023006163961623305,-0.0034660239371646293,-0.002474404416929414
phase0_tf_aff128_probe,tox21_mmp,exact_1x,exact,1,541,582,128,454,0.02505575871327892,-0.01884776954477579,0.043903528258054714,0.5390625,0.5308370044052864,0.07378744157978562,0.09833318909379798,0.15697709914284438,2,0.0021125769695484603,0.05665568124868939,0.04705346055267684
phase0_tf_aff128_probe,tox21_mmp,exact_1x,exact,1,563,582,128,454,0.005490137264132493,-0.020628204922056404,0.026118342186188897,0.296875,0.21806167400881057,0.01563049752544804,0.036054641243847455,0.07148192053906954,2,-0.0217924457446504,-0.026468975020071672,-0.03213508207777231
phase0_tf_aff128_probe,tox21_mmp,parent_1x,parent,1,307,582,128,454,0.04283125069923698,0.006934245777550244,0.03589700492168674,0.3671875,0.1894273127753304,-0.006172205123605695,-0.008649675248554433,-0.04065549122550205,2,0.05425857964365656,0.04006224106720328,0.024537470114581433
phase0_tf_aff128_probe,tox21_mmp,parent_1x,parent,1,331,582,128,454,0.04124048131052405,-0.020439834223182195,0.061680315533706245,0.421875,0.5088105726872246,0.030495944700576885,0.031772052154438686,0.04700135730804189,2,0.09536038726283083,0.09609224395661026,0.07502959638540438
phase0_tf_aff128_probe,tox21_mmp,parent_1x,parent,1,353,582,128,454,-0.0037135721649974585,-0.016998947388800232,0.013285375223802773,0.6640625,0.775330396475771,0.013491368279755,0.035271671152701564,0.0635242280041419,2,0.05598331346291442,0.038843820354238646,0.01894703155751476
phase0_tf_aff128_probe,tox21_mmp,parent_1x,parent,1,379,582,128,454,0.023415208095684654,-0.03791350034365045,0.061328708439335106,0.65625,0.6453744493392071,0.04119582062766908,0.046217844957413295,0.07102761554660901,2,0.019430475324876448,0.03127192447800967,0.028160197747726018
phase0_tf_aff128_probe,tox21_mmp,parent_1x,parent,1,401,582,128,454,-0.019926796900108457,0.005950097930063754,-0.02587689483017221,0.6640625,0.762114537444934,0.03937903944464409,0.04538265825869274,0.06178022097125081,2,-0.0004431940379269299,0.038336896489897694,0.03538554964009234
phase0_tf_aff128_probe,tox21_mmp,parent_1x,parent,1,421,582,128,454,-0.03674451960250734,-0.007691107198005212,-0.029053412404502127,0.6796875,0.7731277533039648,0.044940355774321636,0.05756975156721161,0.0877667786634837,2,-0.06218752708739397,0.07242698080184336,0.0563867808680867
phase0_tf_aff128_probe,tox21_mmp,parent_1x,parent,1,443,582,128,454,-0.016813397989608358,-0.026696953856866268,0.00988355586725791,0.5,0.5638766519823789,0.03652219174303636,0.05414158780146681,0.097210304102906,2,-0.005652407752985901,-0.028655628873425744,-0.027922333835755077
phase0_tf_aff128_probe,tox21_mmp,parent_1x,parent,1,467,582,128,454,-0.025348591501824544,-0.0029403623111447594,-0.022408229190679786,0.4609375,0.3876651982378855,0.011603944763992985,0.012797164892529512,0.003366063868690601,2,-0.02542165867237595,0.013363379117916806,0.007061664215503792
phase0_tf_aff128_probe,tox21_mmp,parent_1x,parent,1,491,582,128,454,-0.03336266000405885,-9.294922590780987e-05,-0.033269710778151045,0.671875,0.7092511013215859,0.016311661563290045,0.009045072786310693,-0.002150732353315596,2,0.041202209356147594,0.005491411929644358,0.005656395981694137
phase0_tf_aff128_probe,tox21_mmp,parent_1x,parent,1,509,582,128,454,0.05656440590973943,-0.022798912804819944,0.07936331871455937,0.4609375,0.3392070484581498,0.04548664219153148,0.060637317727638376,0.09763313782547584,2,0.04797790420143188,0.062273305891499445,0.054677310920028144
phase0_tf_aff128_probe,tox21_mmp,parent_1x,parent,1,541,582,128,454,-0.013478720560669908,-0.01782181284632452,0.004343092285654613,0.3515625,0.2422907488986784,8.181611869731431e-05,-0.0031111640659234902,-0.014650132397863806,2,-0.03744785900285164,-0.044788671911032085,-0.02665216490841146
phase0_tf_aff128_probe,tox21_mmp,parent_1x,parent,1,563,582,128,454,0.012193930684588858,-0.013878168119733029,0.02607209880432189,0.5703125,0.5462555066079295,0.022356544718098927,0.014373147363312995,-0.004999119795794139,2,-0.02183868912651741,-0.04815046890060613,-0.025409034885121425
phase0_tf_bbbp_stereo_changed_aff82_d20,bbbp,exact_20x,exact,20,307,204,82,122,0.030397698033328462,0.014212764814862458,0.016184933218466004,0.4878048780487805,0.5655737704918032,-0.03377768586895932,-0.10579283315521792,-0.12038390348629056,2,0.01950933195448375,-0.015098641281076727,-0.02596882002702384
phase0_tf_bbbp_stereo_changed_aff82_d20,bbbp,exact_20x,exact,20,331,204,82,122,0.013021747911030926,-0.006615846070506769,0.019637593981537693,0.5609756097560976,0.3442622950819672,-0.09818512038807392,-0.06420318254864044,-0.05684570800212381,2,0.01767562530630947,0.09287602022233091,0.008150753733692728
phase0_tf_bbbp_stereo_changed_aff82_d20,bbbp,exact_20x,exact,20,353,204,82,122,0.01868119306589773,0.009954696631852968,0.008726496434044762,0.5975609756097561,0.7213114754098361,-0.07117034087323526,-0.036175618915892986,-0.028015422379315057,2,-0.03547234427737224,-0.07018650671400417,-0.06986447528370603
phase0_tf_bbbp_stereo_changed_aff82_d20,bbbp,exact_20x,exact,20,379,204,82,122,0.03303414643401416,0.04594352500146774,-0.012909378567453583,0.5121951219512195,0.5,-0.04107946986383393,-0.025887017693963912,-0.024634200280533244,2,-0.06264998677626263,0.12247357383749506,0.05900755756042708
phase0_tf_bbbp_stereo_changed_aff82_d20,bbbp,exact_20x,exact,20,401,204,82,122,-0.0021287381830738766,0.06460980720985987,-0.06673854539293375,0.7682926829268293,0.7950819672131147,-0.02343772999002087,-0.007026745264655228,-0.002794785688668377,2,-0.0010608304158837706,0.1351667322609567,0.10014336999967659
phase0_tf_bbbp_stereo_changed_aff82_d20,bbbp,exact_20x,exact,20,421,204,82,122,-0.03338276987282059,-0.06044044216224527,0.027057672289424677,0.7439024390243902,0.6721311475409836,0.11212389210400259,0.14265085929078558,0.15464173695354116,2,0.028108529068428322,0.14404512391123148,0.10727752713999189
phase0_tf_bbbp_stereo_changed_aff82_d20,bbbp,exact_20x,exact,20,443,204,82,122,-0.014117484321681468,0.003982567869615347,-0.018100052191296814,0.4268292682926829,0.5491803278688525,0.055015750897839,0.002225505854075433,-0.010394883724811753,2,0.0027510731375632036,0.13941982804872619,0.15902382943548457
phase0_tf_bbbp_stereo_changed_aff82_d20,bbbp,exact_20x,exact,20,467,204,82,122,0.03799730893678781,0.06633021629064298,-0.028332907353855172,0.6463414634146342,0.6885245901639344,-0.025883545141052886,-0.1043506969432075,-0.1230389634404335,2,-0.032257361854406086,-0.12469538786474009,-0.07719296660678128
phase0_tf_bbbp_stereo_changed_aff82_d20,bbbp,exact_20x,exact,20,491,204,82,122,-0.04054610686740134,-0.06858986805834365,0.02804376119094231,0.35365853658536583,0.3442622950819672,0.09065585716476382,0.10844164587072387,0.10936337403329276,2,0.029877639051563275,0.17138446659802728,0.12487210825336889
phase0_tf_bbbp_stereo_changed_aff82_d20,bbbp,exact_20x,exact,20,509,204,82,122,-0.058747983106025845,-0.012460788849313734,-0.046287194256712114,0.18292682926829268,0.5409836065573771,0.012440777784586632,0.04958680408014878,0.05614266500307678,2,-0.0750449501627424,-0.1460480059284362,-0.0367201351598419
phase0_tf_bbbp_stereo_changed_aff82_d20,bbbp,exact_20x,exact,20,541,204,82,122,-0.056772538381287964,0.009624613708526377,-0.06639715208981434,0.5487804878048781,0.4426229508196721,-0.10039339159964297,-0.1353996456831319,-0.14251289053807614,2,-0.022615379266688877,-0.02472459688427854,-0.03247808123517992
phase0_tf_bbbp_stereo_changed_aff82_d20,bbbp,exact_20x,exact,20,563,204,82,122,0.02320238397025116,-0.08201789796031768,0.10522028193056884,0.45121951219512196,0.45901639344262296,0.1699609719918153,0.26514063542855026,0.2867663993084663,2,0.017409024292231498,0.17595336594058203,0.08695239241135833
phase0_tf_bbbp_stereo_changed_aff82_d20,bbbp,random_20x,random,20,307,204,82,122,0.04671422966824071,-0.044695692678882945,0.09140992234712365,0.7926829268292683,0.5081967213114754,0.03194641520450792,-0.058091909456509404,-0.07684998523929304,2,0.0947343210831414,0.032602282417631794,0.03975528104644341
phase0_tf_bbbp_stereo_changed_aff82_d20,bbbp,random_20x,random,20,331,204,82,122,0.039399945276516794,0.01912620165728827,0.020273743619228523,0.7560975609756098,0.5,-0.061229813085084545,-0.14683671529949122,-0.16418397359363693,2,0.0183117749440003,0.010242487471480127,0.045106061036682105
phase0_tf_bbbp_stereo_changed_aff82_d20,bbbp,random_20x,random,20,353,204,82,122,0.0011428074638654604,-0.04445525833985722,0.045598065803722686,0.2926829268292683,0.28688524590163933,0.021794992925310737,0.05677035425957263,0.06249670367733068,2,0.001399225092305681,0.022759466461461444,0.02310085851483997
phase0_tf_bbbp_stereo_changed_aff82_d20,bbbp,random_20x,random,20,379,204,82,122,0.037286462648430975,0.02306571167695228,0.014220750971478693,0.3902439024390244,0.48360655737704916,-0.09026401297313258,-0.031290728522771594,-0.021232103864470865,2,-0.03551985723733035,0.11706986300868738,0.009823014451128431
phase0_tf_bbbp_stereo_changed_aff82_d20,bbbp,random_20x,random,20,401,204,82,122,0.0065140035912031125,0.06705094924669897,-0.060536945655495854,0.7439024390243902,0.819672131147541,-0.054437665239255736,-0.06557299916920545,-0.06778191254835135,2,0.005140769321554127,0.07662047835640648,0.06914343475044173
phase0_tf_bbbp_stereo_changed_aff82_d20,bbbp,random_20x,random,20,421,204,82,122,-0.0006349507219544135,0.013085482351970485,-0.013720433073924898,0.6707317073170732,0.639344262295082,-0.020902376167332093,0.03251603902995598,0.04634664008971543,2,-0.012669576294921252,0.03391030365040187,-0.025748741131342782
phase0_tf_bbbp_stereo_changed_aff82_d20,bbbp,random_20x,random,20,443,204,82,122,0.002452960624018826,-0.002939364687753385,0.00539232531177221,0.7804878048780488,0.6557377049180327,0.0007564661743894203,-0.1060322197616642,-0.12822421720797636,2,0.02624345064063223,0.031162102432986546,0.10476454471203499
phase0_tf_bbbp_stereo_changed_aff82_d20,bbbp,random_20x,random,20,467,204,82,122,0.06387920259702497,0.03799202596982484,0.02588717662720013,0.6829268292682927,0.7704918032786885,0.01601696304455781,0.08094114130528068,0.09408774739751705,2,0.021962722126649216,0.0605964503837481,-0.03529245842117058
phase0_tf_bbbp_stereo_changed_aff82_d20,bbbp,random_20x,random,20,491,204,82,122,-0.005643381839390938,-0.0032991647231774353,-0.002344217116213503,0.47560975609756095,0.45081967213114754,0.009829029292938628,0.0122645065186343,0.01173584540576708,2,-0.0005103392555925374,0.0752073272459377,0.04404528038154369
phase0_tf_bbbp_stereo_changed_aff82_d20,bbbp,random_20x,random,20,509,204,82,122,0.013282654261807116,-0.0015896463949905163,0.014872300656797632,0.6829268292682927,0.6147540983606558,-0.06369720117378241,-0.06527290528045426,-0.06533405633949388,2,-0.013885455249232657,-0.2609077152890392,-0.11285811411821095
phase0_tf_bbbp_stereo_changed_aff82_d20,bbbp,random_20x,random,20,541,204,82,122,-0.04256084285358466,0.043500543339177966,-0.08606138619276263,0.5853658536585366,0.7540983606557377,-0.09838620749382478,-0.1176543738156955,-0.12124063797795842,2,-0.04227961336963717,-0.006979325016842147,-0.030470897129361726
phase0_tf_bbbp_stereo_changed_aff82_d20,bbbp,random_20x,random,20,563,204,82,122,-0.02240260510432828,-0.024546189187857954,0.0021435840835296732,0.3780487804878049,0.5,0.04861590796803203,0.08556402737294731,0.09331137908971204,2,-0.08566767355480767,-0.003623242115020908,-0.03439267161242496
phase0_tf_bbbp_stereo_changed_aff82_d20,bbbp,stereo_20x,stereo,20,307,204,82,122,-0.025640930983283364,-0.021322739877371637,-0.004318191105911726,0.6951219512195121,0.6557377049180327,-0.11081972981661681,-0.11747211545077857,-0.11930148937830516,2,-0.000993792369893979,-0.026777923576637372,-0.10301086397468133
phase0_tf_bbbp_stereo_changed_aff82_d20,bbbp,stereo_20x,stereo,20,331,204,82,122,0.0037142995790374047,-0.005849111413002986,0.00956341099204039,0.5609756097560976,0.22950819672131148,-0.1683446545582315,-0.23969280345816946,-0.25353558265751286,2,0.0076014423168121684,-0.08261360068719811,-0.06200878043646485
phase0_tf_bbbp_stereo_changed_aff82_d20,bbbp,stereo_20x,stereo,20,353,204,82,122,-0.015218008687242681,0.006004065887804036,-0.02122207457504672,0.6829268292682927,0.5737704918032787,-0.0502181782032807,-0.0053695464152337,0.0055223405459221,2,-0.06542091528646372,-0.03938043421334488,-0.048912312613751466
phase0_tf_bbbp_stereo_changed_aff82_d20,bbbp,stereo_20x,stereo,20,379,204,82,122,0.05277404336758502,0.018858831169724952,0.03391521219786006,0.43902439024390244,0.38524590163934425,-0.015522038163419134,-0.004304765379304164,-0.004551953078498581,2,-0.015825396010948983,0.14405582615215481,0.08456498926084188
phase0_tf_bbbp_stereo_changed_aff82_d20,bbbp,stereo_20x,stereo,20,401,204,82,122,-0.005921790421735958,0.015706567742602262,-0.02162835816433822,0.6341463414634146,0.5327868852459017,-0.05040457513204569,-0.037959571139465735,-0.03537889601317738,2,0.04404935681271176,0.10423390638614619,0.07317652485765178
phase0_tf_bbbp_stereo_changed_aff82_d20,bbbp,stereo_20x,stereo,20,421,204,82,122,-0.021825799718499177,-0.01596279573611549,-0.005863003982383687,0.6097560975609756,0.5163934426229508,0.013485713559093601,-0.017040071289653205,-0.0226815602426101,2,-0.004812147203380041,-0.01564580666920732,0.008639348595082912
phase0_tf_bbbp_stereo_changed_aff82_d20,bbbp,stereo_20x,stereo,20,443,204,82,122,0.008536391800678368,0.02158536476495324,-0.01304897296427487,0.6097560975609756,0.5573770491803278,-0.019342499405722045,-0.00224447022009768,0.001128738830483908,2,0.0078021523645851465,0.13494985197455306,0.08466557913192352
phase0_tf_bbbp_stereo_changed_aff82_d20,bbbp,stereo_20x,stereo,20,467,204,82,122,0.0036166172883495998,0.05375702795190891,-0.050140410663559315,0.6341463414634146,0.7049180327868853,-0.009133852317601415,-0.08439132230836803,-0.10146199670766973,2,-0.05406486516411023,-0.10473601322990062,-0.06044327378332981
phase0_tf_bbbp_stereo_changed_aff82_d20,bbbp,stereo_20x,stereo,20,491,204,82,122,-0.04074582242883924,0.02119613877024319,-0.061941961199082435,0.7195121951219512,0.639344262295082,-0.06638991963388363,-0.1315413456567111,-0.14307823708083114,2,-0.06010808333846147,-0.0685985249294077,-0.03217366854527857
phase0_tf_bbbp_stereo_changed_aff82_d20,bbbp,stereo_20x,stereo,20,509,204,82,122,-0.040637475801858974,-0.0017743710825433587,-0.038863104719315616,0.6341463414634146,0.7377049180327869,0.013352225227051928,0.14738702201866116,0.17660584661124645,2,-0.0676208606253459,-0.048247787989923824,-0.0358086877173766
phase0_tf_bbbp_stereo_changed_aff82_d20,bbbp,stereo_20x,stereo,20,541,204,82,122,-0.054107746631815654,-0.0175597354174271,-0.036548011214388554,0.6707317073170732,0.6229508196721312,-0.06562263339510971,-0.07878116475255074,-0.08233449090995025,2,0.007233761608736906,0.03189388404630261,0.002292676969353341
phase0_tf_bbbp_stereo_changed_aff82_d20,bbbp,stereo_20x,stereo,20,563,204,82,122,0.04267135007511371,-0.042622891934130526,0.08529424200924424,0.5365853658536586,0.4672131147540984,0.09630377538471074,0.21295695657878347,0.237288494765608,2,-0.0025170156290931084,0.12376968709081525,0.013295195804253757
phase0_tf_bbbp_stereo_changed_aff82_d20_lowtrain02,bbbp,exact_20x,exact,20,307,204,82,122,-0.09069827189896165,-0.042403055080136316,-0.048295216818825336,0.23170731707317074,0.3114754098360656,0.00459180329269171,-0.04984878924732418,-0.05717599885439062,2,-0.0731793799605526,-0.04952136568135892,0.0003309180418694102
phase0_tf_bbbp_stereo_changed_aff82_d20_lowtrain02,bbbp,exact_20x,exact,20,331,204,82,122,0.0001454284278358006,-0.010195957221945775,0.010341385649781576,0.5365853658536586,0.319672131147541,0.008341843542848351,0.00597666596328868,0.005227591705320632,2,0.01932210379281267,0.01127896568044768,0.003824783093966014
phase0_tf_bbbp_stereo_changed_aff82_d20_lowtrain02,bbbp,exact_20x,exact,20,353,204,82,122,-0.010380983716104094,0.006890965534038224,-0.01727194925014232,0.4878048780487805,0.7295081967213115,0.0024775040264837234,-0.006187893472286989,-0.008396385752484322,2,-0.007576864017624229,0.00754008713644343,0.003335766439823723
phase0_tf_bbbp_stereo_changed_aff82_d20_lowtrain02,bbbp,exact_20x,exact,20,379,204,82,122,0.02204651112963512,0.008760537158270357,0.013285973971364762,0.6585365853658537,0.819672131147541,0.004172568597393858,0.01765212584328225,0.02100480186961203,2,-0.019598607225615437,0.01774746936202839,0.005585091220095144
phase0_tf_bbbp_stereo_changed_aff82_d20_lowtrain02,bbbp,exact_20x,exact,20,401,204,82,122,0.006682620088501671,0.009592309594154356,-0.0029096895056526855,0.47560975609756095,0.5081967213114754,0.019009968669850524,0.023091560525644823,0.022886529666354613,2,-0.0026479378750012316,0.02445000237134798,0.01672730764828584
phase0_tf_bbbp_stereo_changed_aff82_d20_lowtrain02,bbbp,exact_20x,exact,20,421,204,82,122,-0.07074854790982676,-0.021633414673756374,-0.04911513323607039,0.2926829268292683,0.28688524590163933,-0.0323037680118915,0.04620049647086541,0.06298111895342853,2,-0.02976213556165839,0.04767976639446776,0.03169704076815015
phase0_tf_bbbp_stereo_changed_aff82_d20_lowtrain02,bbbp,exact_20x,exact,20,443,204,82,122,0.023642713703760285,0.0037935677854741144,0.01984914591828617,0.573170731707317,0.7295081967213115,0.0001851206914099679,0.018270380252590923,0.02588324626120038,2,0.00014378161120062738,-0.034294736405720276,-0.0071791645211417565
phase0_tf_bbbp_stereo_changed_aff82_d20_lowtrain02,bbbp,exact_20x,exact,20,467,204,82,122,0.05522448669483022,0.03197115387187385,0.023253332822956364,0.6829268292682927,0.7459016393442623,-0.008535318057966285,-0.0004983611299235868,0.0048682307614607845,2,-0.04680334354267835,0.025495259170933274,-0.03052130377653109
phase0_tf_bbbp_stereo_changed_aff82_d20_lowtrain02,bbbp,exact_20x,exact,20,491,204,82,122,0.007094199519331857,0.022100254038318258,-0.0150060545189864,0.5975609756097561,0.8934426229508197,0.00437340155048116,0.02770865399387706,0.03252991722856524,2,0.00312138318729515,0.01278377149779975,0.007945546063844927
phase0_tf_bbbp_stereo_changed_aff82_d20_lowtrain02,bbbp,exact_20x,exact,20,509,204,82,122,0.008598440667478049,-0.009911634944012909,0.018510075611490956,0.4878048780487805,0.319672131147541,0.003501575466441441,0.009885340718399659,0.010128026257019663,2,0.001077051904917907,-0.0087864595036527,0.0002394856957265712
phase0_tf_bbbp_stereo_changed_aff82_d20_lowtrain02,bbbp,exact_20x,exact,20,541,204,82,122,0.04060520068174455,0.004936942693273555,0.035668257988470994,0.7317073170731707,0.5901639344262295,0.015070141738030146,0.019532748105325206,0.022148346745821224,2,0.0010703256646426643,-0.00610640473217763,0.006557911757056417
phase0_tf_bbbp_stereo_changed_aff82_d20_lowtrain02,bbbp,exact_20x,exact,20,563,204,82,122,-0.024623366572508004,-0.03209484179244667,0.007471475219938666,0.3902439024390244,0.3770491803278688,-0.03490018261994993,-0.04505271289885838,-0.04737436145497271,2,-0.0339189311671929,-0.09515662982244888,-0.05492810903532776
phase0_tf_bbbp_stereo_changed_aff82_d20_lowtrain02,bbbp,stereo_20x,stereo,20,307,204,82,122,-0.09318463240818281,-0.04515187790403601,-0.0480327545041468,0.21951219512195122,0.29508196721311475,0.00591373421282726,-0.04977954972427988,-0.057541544428397755,2,-0.07291691764587406,-0.04945212615831462,0.0016528489620049602
phase0_tf_bbbp_stereo_changed_aff82_d20_lowtrain02,bbbp,stereo_20x,stereo,20,331,204,82,122,0.006618723454998771,-0.017324995188439482,0.023943718643438253,0.6097560975609756,0.13114754098360656,0.0008951831206717026,-0.013413967224662596,-0.017089643746354098,2,0.03292443678646935,-0.008111667507503598,-0.003621877328210635
phase0_tf_bbbp_stereo_changed_aff82_d20_lowtrain02,bbbp,stereo_20x,stereo,20,353,204,82,122,-0.01880891348530608,-0.022270292165826586,0.0034613786805205056,0.35365853658536583,0.08196721311475409,-0.011693141947385938,-0.03745744394170122,-0.0442401034242382,2,0.013156463913038595,-0.023729463332970796,-0.010834879534045938
phase0_tf_bbbp_stereo_changed_aff82_d20_lowtrain02,bbbp,stereo_20x,stereo,20,379,204,82,122,0.03184733303581795,0.00236703931796746,0.029480293717850492,0.524390243902439,0.4426229508196721,-0.012310244562074413,0.012392398972182642,0.01888761273477202,2,-0.003404287479129707,0.012487742490928785,-0.010897721939373127
phase0_tf_bbbp_stereo_changed_aff82_d20_lowtrain02,bbbp,stereo_20x,stereo,20,401,204,82,122,0.007142527460506783,0.02866523491493502,-0.02152270745442824,0.5853658536585366,0.8852459016393442,-0.06265593806468878,0.029958279836779744,0.05197104711155226,2,-0.021260955823776788,0.0313167216824829,-0.06493859908625346
phase0_tf_bbbp_stereo_changed_aff82_d20_lowtrain02,bbbp,stereo_20x,stereo,20,421,204,82,122,-0.0649630182490843,-0.012829234701443882,-0.05213378354764042,0.3048780487804878,0.28688524590163933,-0.06607887884873731,0.022519915876806837,0.041438491238164676,2,-0.03278078587322842,0.023999185800409193,-0.0020780700686956616
phase0_tf_bbbp_stereo_changed_aff82_d20_lowtrain02,bbbp,stereo_20x,stereo,20,443,204,82,122,0.008810648830925541,0.002340988179699317,0.006469660651226224,0.5975609756097561,0.6639344262295082,-0.0013891046666443252,0.009195101595396328,0.014024943545554298,2,-0.01323570365585932,-0.04337001506291487,-0.00875338987919605
phase0_tf_bbbp_stereo_changed_aff82_d20_lowtrain02,bbbp,stereo_20x,stereo,20,467,204,82,122,0.026841772583926598,0.017914187254720056,0.008927585329206542,0.5975609756097561,0.8360655737704918,0.02284584079093116,0.016823198396439948,0.01908741537257804,2,-0.061129091036428176,0.04281681869729681,0.0008598550723663556
phase0_tf_bbbp_stereo_changed_aff82_d20_lowtrain02,bbbp,stereo_20x,stereo,20,491,204,82,122,0.004862649411689939,0.03365022347110218,-0.02878757405941224,0.5365853658536586,0.9016393442622951,0.012733401406825863,0.041345012136745345,0.04921242965580074,2,-0.010660136353130688,0.026420129640668033,0.01630554592018963
phase0_tf_bbbp_stereo_changed_aff82_d20_lowtrain02,bbbp,stereo_20x,stereo,20,509,204,82,122,-0.05038948538826733,-0.01915779722030046,-0.031231688167966874,0.35365853658536583,0.5245901639344263,-0.0083337585291553,-0.0009993717861853874,0.00032863010828560434,2,-0.048664711874539926,-0.019671172008237744,-0.01159584829987017
phase0_tf_bbbp_stereo_changed_aff82_d20_lowtrain02,bbbp,stereo_20x,stereo,20,541,204,82,122,0.02270377590888884,0.008730656482645729,0.013973119426243113,0.7195121951219512,0.6967213114754098,0.013772901733221016,0.016474724117410407,0.01811796354006343,2,-0.020624812897585217,-0.009164428720092429,0.005260671752247287
phase0_tf_bbbp_stereo_changed_aff82_d20_lowtrain02,bbbp,stereo_20x,stereo,20,563,204,82,122,-0.04265660120219719,-0.025244611025345122,-0.01741199017685207,0.2682926829268293,0.1885245901639344,-0.04908887922877167,-0.06182067504969029,-0.06444236198025768,2,-0.05880239656398364,-0.11192459197328081,-0.0691168056441495
phase0_tf_bbbp_stereo_changed_aff82_d20_lowtrain05,bbbp,exact_20x,exact,20,307,204,82,122,0.0011776558509687082,0.0005786106234691191,0.000599045227499589,0.524390243902439,0.36065573770491804,-0.00883281599908441,-0.013920998873969673,-0.015588226470584726,2,-0.005771402476645148,0.010690794490877996,-0.007273470560498225
phase0_tf_bbbp_stereo_changed_aff82_d20_lowtrain05,bbbp,exact_20x,exact,20,331,204,82,122,-0.0004271150725643701,-0.01007129264171007,0.0096441775691457,0.5365853658536586,0.2459016393442623,0.002123284402033687,-0.013495885686506953,-0.017797463453152813,2,0.030573203975036115,0.03871327570342881,0.015249143845849356
phase0_tf_bbbp_stereo_changed_aff82_d20_lowtrain05,bbbp,exact_20x,exact,20,353,204,82,122,-0.04664460669566945,-0.009530925863712535,-0.037113680831956916,0.573170731707317,0.6065573770491803,-0.030207445562257938,0.01778839198261202,0.02744840908642536,2,0.06610713829314326,0.027246419082589145,-0.02599565231201115
phase0_tf_bbbp_stereo_changed_aff82_d20_lowtrain05,bbbp,exact_20x,exact,20,379,204,82,122,0.016033321255590854,-0.008220187220417086,0.02425350847600794,0.573170731707317,0.18032786885245902,0.005733240447694788,0.01122291137224115,0.012131647826249968,2,0.01859993322855564,0.013928765710512069,0.00982479831842131
phase0_tf_bbbp_stereo_changed_aff82_d20_lowtrain05,bbbp,exact_20x,exact,20,401,204,82,122,0.008692037495898034,-0.005020802275689893,0.013712839771587926,0.6219512195121951,0.680327868852459,0.04091451063083359,0.1007566835331343,0.114778324071503,2,0.036922176428487746,0.11535582815676221,0.10045758662166712
phase0_tf_bbbp_stereo_changed_aff82_d20_lowtrain05,bbbp,exact_20x,exact,20,421,204,82,122,-0.08968205077619087,-0.06300928910858318,-0.026672761667607695,0.21951219512195122,0.14754098360655737,-0.01757260437277247,0.03540544889671816,0.043763180917173135,2,0.017581432540921482,0.0076906566149489534,-0.013670233555243272
phase0_tf_bbbp_stereo_changed_aff82_d20_lowtrain05,bbbp,exact_20x,exact,20,443,204,82,122,0.07582057830764026,-0.007999196526457053,0.08381977483409732,0.4634146341463415,0.22131147540983606,-0.02366343665662185,0.04505123897109399,0.06086859998422636,2,0.02034410013288844,-0.024188439692842137,-0.0006888285973318808
phase0_tf_bbbp_stereo_changed_aff82_d20_lowtrain05,bbbp,exact_20x,exact,20,467,204,82,122,-0.025232993884057534,-0.023218134433397496,-0.002014859450660038,0.35365853658536583,0.27049180327868855,-0.05813971692627793,-0.034799728531208725,-0.039734742484774245,2,-0.04016163519493153,-0.0922901541908758,-0.08804294020505496
phase0_tf_bbbp_stereo_changed_aff82_d20_lowtrain05,bbbp,exact_20x,exact,20,491,204,82,122,-0.06262453050329918,-0.061737957944879775,-0.0008865725584194031,0.2804878048780488,0.21311475409836064,-0.011700896125420468,-0.026575500493165708,-0.03556900027856626,2,-0.029714050989110945,0.00284011659253023,-0.0021067998340622562
phase0_tf_bbbp_stereo_changed_aff82_d20_lowtrain05,bbbp,exact_20x,exact,20,509,204,82,122,0.04073257240035186,0.013481861133067345,0.02725071126728451,0.4024390243902439,0.4180327868852459,0.06077362029183231,0.031447713605437244,0.025574710665851846,2,0.03415942212633016,0.07693912673614922,0.10100659386304599
phase0_tf_bbbp_stereo_changed_aff82_d20_lowtrain05,bbbp,exact_20x,exact,20,541,204,82,122,0.15547892510345795,0.021146235743262735,0.1343326893601952,0.7560975609756098,0.7540983606557377,0.050827860285804216,0.09814866563733404,0.1128450641860113,2,0.08413081765860042,0.09130311417355526,0.03519329268375636
phase0_tf_bbbp_stereo_changed_aff82_d20_lowtrain05,bbbp,exact_20x,exact,20,563,204,82,122,0.01830011824282204,-0.007413277494125682,0.02571339573694772,0.5609756097560976,0.5245901639344263,0.012484879105916294,0.03431708323552444,0.04019049620497366,2,-0.07094414696739357,-0.041178877904242996,-0.04328101864507343
phase0_tf_bbbp_stereo_changed_aff82_d20_lowtrain05,bbbp,exact_20x,exact,20,601,204,82,122,-0.025337153636827713,0.015125062866289105,-0.04046221650311682,0.5365853658536586,0.8688524590163934,0.010651827022604032,0.004405124015219541,0.0026774589551006017,2,0.006997681424313659,-0.01046035494118467,0.0014141642859303583
phase0_tf_bbbp_stereo_changed_aff82_d20_lowtrain05,bbbp,exact_20x,exact,20,631,204,82,122,-0.05909929565358454,-0.01128431536318338,-0.047814980290401154,0.2804878048780488,0.32786885245901637,-0.01058231986615163,-0.055635410304892344,-0.06215355891239589,2,0.001821966911079595,0.046496782351370586,0.026344009659146753
phase0_tf_bbbp_stereo_changed_aff82_d20_lowtrain05,bbbp,exact_20x,exact,20,653,204,82,122,-0.004555630429488858,-0.015955180418295932,0.011399549988807073,0.4634146341463415,0.19672131147540983,-0.0060703017595093375,-0.008817978076642323,-0.009183936687138081,2,0.0014560365589891908,-0.016808937012554544,-0.021852076265383855
phase0_tf_bbbp_stereo_changed_aff82_d20_lowtrain05,bbbp,exact_20x,exact,20,677,204,82,122,-0.026896505911902693,-0.005206916053764149,-0.021689589858138545,0.2926829268292683,0.5081967213114754,-0.018700449356369716,-0.01573284714312707,-0.015956190372063386,2,-0.08591464128954465,-0.12147633599135295,-0.08229933766345293
phase0_tf_bbbp_stereo_changed_aff82_d20_lowtrain05,bbbp,exact_20x,exact,20,701,204,82,122,0.04211878126896009,-0.0016007991660325327,0.043719580434992626,0.6097560975609756,0.5409836065573771,0.04619024894199336,0.09262822723224023,0.10229823298700443,2,-0.023162679244778668,0.05432685648579171,-0.0027562526808564553
phase0_tf_bbbp_stereo_changed_aff82_d20_lowtrain05,bbbp,exact_20x,exact,20,733,204,82,122,0.03740597116511043,-0.011672247964583455,0.04907821912969389,0.7439024390243902,0.5409836065573771,0.007655586390504454,-0.015360510159154465,-0.020243625336387933,2,0.037612991108492415,0.02749636282054024,0.02810632506299466
phase0_tf_bbbp_stereo_changed_aff82_d20_lowtrain05,bbbp,exact_20x,exact,20,757,204,82,122,0.018513046205043796,-0.006947830075123271,0.025460876280167067,0.7073170731707317,0.3770491803278688,0.019315276967358234,0.028563639480849154,0.030528559147042396,2,0.03176776263438334,0.011154666997310572,0.010873853391658056
phase0_tf_bbbp_stereo_changed_aff82_d20_lowtrain05,bbbp,exact_20x,exact,20,787,204,82,122,0.01313849602167199,-0.022434364790554915,0.03557286081222691,0.4634146341463415,0.21311475409836064,-0.017822162543028864,-0.028510015633395,-0.03130836543753446,2,-0.0030730949749783465,-0.13492882037941428,-0.08562069427166429
phase0_tf_bbbp_stereo_changed_aff82_d20_lowtrain05,bbbp,exact_20x,exact,20,811,204,82,122,-0.008535582458645828,0.004266971630639719,-0.012802554089285547,0.4268292682926829,0.3360655737704918,-0.05189572890627972,0.0410230305845693,0.05133107725699686,2,-0.014399135964172265,0.054692882592242587,-0.02723423219395471
phase0_tf_bbbp_stereo_changed_aff82_d20_lowtrain05,bbbp,exact_20x,exact,20,839,204,82,122,-0.0024744616594256463,-0.01900376110780435,0.016529299448378703,0.3780487804878049,0.21311475409836064,-0.010067401821896721,-0.03192933561543316,-0.036240927950910565,2,-0.014308826145870555,-0.02769610174729904,0.008140195690984647
phase0_tf_bbbp_stereo_changed_aff82_d20_lowtrain05,bbbp,exact_20x,exact,20,863,204,82,122,-0.055985792744450445,-0.006564570987810864,-0.04942122175663958,0.4634146341463415,0.319672131147541,0.004158720361009727,-0.04786677317692451,-0.058258058746639495,2,-0.015653590752524586,-0.0005710912374153262,0.01323826632302888
phase0_tf_bbbp_stereo_changed_aff82_d20_lowtrain05,bbbp,exact_20x,exact,20,887,204,82,122,-0.013725871856256237,0.020729494693337895,-0.034455366549594135,0.4634146341463415,0.6885245901639344,0.0017676954402569,-0.012756459698554594,-0.014830439331514927,2,0.015331636835001348,0.027689261848612215,-0.0039853114510337295
phase0_tf_bbbp_stereo_changed_aff82_d20_lowtrain05,bbbp,random_20x,random,20,307,204,82,122,0.016795353736819292,0.008175818157977738,0.008619535578841554,0.7317073170731707,0.5327868852459017,-0.002453659200182368,-0.013096269079692606,-0.01599407860515483,2,0.002249087874696817,0.011515524285155064,-0.0008943137615961831
phase0_tf_bbbp_stereo_changed_aff82_d20_lowtrain05,bbbp,random_20x,random,20,331,204,82,122,-0.04403236290303671,-0.008828658671652686,-0.035203704231384025,0.4268292682926829,0.36885245901639346,-0.012905304837636578,-0.0545269215984734,-0.06537310525392565,2,-0.01427467782549361,-0.0023177602085376406,0.00022055460617909084
phase0_tf_bbbp_stereo_changed_aff82_d20_lowtrain05,bbbp,random_20x,random,20,353,204,82,122,-0.13394877141932163,0.027185228210492206,-0.16113399962981384,0.3780487804878049,0.5737704918032787,-0.09134013949210941,-0.10117382151869742,-0.10206368784713854,2,-0.05791318050471367,-0.09171579441872028,-0.08712834624186262
phase0_tf_bbbp_stereo_changed_aff82_d20_lowtrain05,bbbp,random_20x,random,20,379,204,82,122,0.023163899597598275,-0.01061305709061076,0.033776956688209035,0.4634146341463415,0.14754098360655737,-0.0075622063921542415,0.017119651168849153,0.023023917822158638,2,0.028123381440756733,0.019825505507120072,-0.0034706485214277202
phase0_tf_bbbp_stereo_changed_aff82_d20_lowtrain05,bbbp,random_20x,random,20,401,204,82,122,0.01569072179859732,0.009083071219750124,0.006607650578847197,0.6585365853658537,0.8032786885245902,0.04586657357222723,0.12246176704842836,0.14031458148252757,2,0.029816987235747022,0.13706091167205628,0.10540964956306076
phase0_tf_bbbp_stereo_changed_aff82_d20_lowtrain05,bbbp,random_20x,random,20,421,204,82,122,0.012461073605752581,-0.010738566426224396,0.023199640031976977,0.6585365853658537,0.5655737704918032,0.0303022512703434,0.03427319971711016,0.03591586885510564,2,0.06745383424050616,0.0065584074353409565,0.0342046220878726
phase0_tf_bbbp_stereo_changed_aff82_d20_lowtrain05,bbbp,random_20x,random,20,443,204,82,122,0.07165101043334822,0.032691996483529204,0.038959013949819016,0.6707317073170732,0.9016393442622951,0.01769192198282732,0.09531585910995626,0.11391631388559291,2,-0.024516660751389863,0.026076180446020128,0.04066653004211729
phase0_tf_bbbp_stereo_changed_aff82_d20_lowtrain05,bbbp,random_20x,random,20,467,204,82,122,-0.0351514080312194,-0.04107901702833469,0.005927608997115294,0.36585365853658536,0.18032786885245902,0.020137853524999194,0.023505035030992136,0.013252175375163211,2,-0.0322191667471562,-0.033985390628674936,-0.009765369753777842
phase0_tf_bbbp_stereo_changed_aff82_d20_lowtrain05,bbbp,random_20x,random,20,491,204,82,122,-0.05956064096492966,-0.07412848160525815,0.014567840640328483,0.2682926829268293,0.20491803278688525,-0.014985878927872287,-0.0390929441977532,-0.05033277994138222,2,-0.014259637790363058,-0.009677327112057262,-0.005391782636514075
phase0_tf_bbbp_stereo_changed_aff82_d20_lowtrain05,bbbp,random_20x,random,20,509,204,82,122,0.025095465842907023,0.053016583847462155,-0.027921118004555132,0.34146341463414637,0.30327868852459017,-0.04034740071268997,-0.12140165846547046,-0.13800977724974248,2,-0.021012407145509483,-0.07591024533475849,-0.0001144271414762893
phase0_tf_bbbp_stereo_changed_aff82_d20_lowtrain05,bbbp,random_20x,random,20,541,204,82,122,0.04536845898482858,-0.002865162479584336,0.048233621464412915,0.6707317073170732,0.47540983606557374,0.01973717178237383,0.03115100557423704,0.03431218579389132,2,-0.001968250237181876,0.02430545411045825,0.004102604180325972
phase0_tf_bbbp_stereo_changed_aff82_d20_lowtrain05,bbbp,random_20x,random,20,563,204,82,122,0.11986829794761611,0.00263943512481256,0.11722886282280355,0.6829268292682927,0.6639344262295082,0.0482978636151884,0.1088123321825747,0.12251589614747956,2,0.020571320118462258,0.03331637104280727,-0.007468034135801327
phase0_tf_bbbp_stereo_changed_aff82_d20_lowtrain05,bbbp,stereo_20x,stereo,20,307,204,82,122,-0.0009435994050851672,-0.008214777732481726,0.007271178327396558,0.5,0.3770491803278688,0.016590893514704948,0.01294202543657442,0.011868313387333298,2,0.0009007306232518214,0.03755381880142209,0.018150238953291133
phase0_tf_bbbp_stereo_changed_aff82_d20_lowtrain05,bbbp,stereo_20x,stereo,20,331,204,82,122,-0.012718066936585951,0.0012948607079318276,-0.014012927644517779,0.4634146341463415,0.47540983606557374,-0.005797372659338149,-0.014975963390300814,-0.01751170497679527,2,0.006916098761372636,0.03723319799963495,0.00732848678447752
phase0_tf_bbbp_stereo_changed_aff82_d20_lowtrain05,bbbp,stereo_20x,stereo,20,353,204,82,122,0.05273269784704941,-0.00031017716668669594,0.053042875013736106,0.7682926829268293,0.6475409836065574,0.010196280154374612,0.016571222829267002,0.017406072485108934,2,0.15626369413883628,0.02602924992924413,0.0144080734046214
phase0_tf_bbbp_stereo_changed_aff82_d20_lowtrain05,bbbp,stereo_20x,stereo,20,379,204,82,122,-0.029393580810325903,-0.016285744968984953,-0.01310783584134095,0.36585365853658536,0.12295081967213115,-0.006749740659359932,-0.03084649227928515,-0.03740835021098161,2,-0.018761411088793253,-0.02814063794101423,-0.0026581827886334106
phase0_tf_bbbp_stereo_changed_aff82_d20_lowtrain05,bbbp,stereo_20x,stereo,20,401,204,82,122,0.01719315890677092,0.027673397625445354,-0.010480238718674435,0.6097560975609756,0.860655737704918,-0.006593650471945323,0.08747856993763722,0.11094515079600872,2,0.012729097938225388,0.10207771456126513,0.052949425518888205
phase0_tf_bbbp_stereo_changed_aff82_d20_lowtrain05,bbbp,stereo_20x,stereo,20,421,204,82,122,-0.06814798730902555,-0.04280935633988654,-0.025338630969139006,0.23170731707317074,0.20491803278688525,-0.0025908663530790355,0.05350298150831452,0.0632021914288369,2,0.01891556323939017,0.025788189226545317,0.0013115044644501639
phase0_tf_bbbp_stereo_changed_aff82_d20_lowtrain05,bbbp,stereo_20x,stereo,20,443,204,82,122,0.03583632046129645,0.004646884124787129,0.03118943633650932,0.5365853658536586,0.7131147540983607,0.0015253099264679326,0.04449292752514567,0.05462408310731446,2,-0.03228623836469956,-0.024746751138790456,0.024499917985757902
phase0_tf_bbbp_stereo_changed_aff82_d20_lowtrain05,bbbp,stereo_20x,stereo,20,467,204,82,122,-0.05302104090408581,-0.032589383438595985,-0.020431657465489826,0.2682926829268293,0.22950819672131148,-0.01368295718939877,0.009685798646250273,0.0073667739441202786,2,-0.05857843320976132,-0.0478046270134168,-0.043586180468175806
phase0_tf_bbbp_stereo_changed_aff82_d20_lowtrain05,bbbp,stereo_20x,stereo,20,491,204,82,122,-0.0205149380263032,-0.04134577918858802,0.02083084116228482,0.4024390243902439,0.2540983606557377,0.028680751896893064,0.05249924570423909,0.05431875695710643,2,-0.007996637268406721,0.08191486278993503,0.038274848188251276
phase0_tf_bbbp_stereo_changed_aff82_d20_lowtrain05,bbbp,stereo_20x,stereo,20,509,204,82,122,0.04838915459993409,0.041652382885823486,0.0067367717141106065,0.4634146341463415,0.48360655737704916,0.01557340244477666,-0.07979346433460316,-0.0996404331355449,2,0.013645482573156257,-0.03430205120389119,0.05580637601599034
phase0_tf_bbbp_stereo_changed_aff82_d20_lowtrain05,bbbp,stereo_20x,stereo,20,541,204,82,122,0.04810838019702493,0.015542274737944367,0.03256610545908056,0.6951219512195121,0.7540983606557377,0.01707095145645493,0.04776072640630023,0.056232730544536064,2,-0.017635766242514228,0.04091517494252145,0.0014363838544070723
phase0_tf_bbbp_stereo_changed_aff82_d20_lowtrain05,bbbp,stereo_20x,stereo,20,563,204,82,122,0.10326675689075052,0.0189924032778525,0.08427435361289802,0.7317073170731707,0.7213114754098361,0.024689899188315823,0.07300161118553751,0.0863576150417161,2,-0.012383189091443272,-0.002494349954229924,-0.0310759985626739
phase0_tf_bbbp_stereo_changed_aff82_d20_lowtrain05,bbbp,stereo_20x,stereo,20,601,204,82,122,-0.012282064956862758,0.006676856367314445,-0.018958921324177203,0.4634146341463415,0.819672131147541,0.010873150515502278,0.006656555702575314,0.005196295389379293,2,0.028500976603253278,-0.008208923253828897,0.0016354877788286037
phase0_tf_bbbp_stereo_changed_aff82_d20_lowtrain05,bbbp,stereo_20x,stereo,20,631,204,82,122,-0.0787714712049176,-0.005855762979901237,-0.07291570822501636,0.2682926829268293,0.32786885245901637,-0.026816599858287438,-0.08008652836936528,-0.08788183473354169,2,-0.023278761023535613,0.02204566428689765,0.010109729667010944
phase0_tf_bbbp_stereo_changed_aff82_d20_lowtrain05,bbbp,stereo_20x,stereo,20,653,204,82,122,0.014818117022514338,-0.0026037416375074133,0.01742185866002175,0.6219512195121951,0.4016393442622951,-0.01099430506789234,-0.011696827637151476,-0.011588536767243819,2,0.007478345230203869,-0.0196877865730637,-0.026776079573766858
phase0_tf_bbbp_stereo_changed_aff82_d20_lowtrain05,bbbp,stereo_20x,stereo,20,677,204,82,122,-0.005482601955896477,-0.006091732043223301,0.000609130087326824,0.43902439024390244,0.27049180327868855,-7.638111915760082e-05,-0.004665908051953453,-0.006064608705835447,2,-0.06361592134407928,-0.11040939690017933,-0.06367526942624081
phase0_tf_bbbp_stereo_changed_aff82_d20_lowtrain05,bbbp,stereo_20x,stereo,20,701,204,82,122,0.011721961063946164,0.00476467952926139,0.006957281534684774,0.45121951219512196,0.5655737704918032,0.014169524807482736,0.0038416863498962855,2.3534843520675586e-05,2,-0.05992497814508652,-0.03445968439655224,-0.03477697681536708
phase0_tf_bbbp_stereo_changed_aff82_d20_lowtrain05,bbbp,stereo_20x,stereo,20,733,204,82,122,0.05063291748122471,0.036688711417869474,0.013944206063355238,0.7195121951219512,0.8442622950819673,-0.05169895950054082,-0.007181028546028913,0.0021581085880599538,2,0.002478978042153768,0.03567584443366579,-0.031248220828050614
phase0_tf_bbbp_stereo_changed_aff82_d20_lowtrain05,bbbp,stereo_20x,stereo,20,757,204,82,122,0.049094527414659174,0.027788766888809994,0.02130576052584918,0.5853658536585366,0.8934426229508197,0.00764505616053468,0.09339495971991629,0.11166473316161432,2,0.02761264688006546,0.07598598723637771,-0.0007963674151654984
phase0_tf_bbbp_stereo_changed_aff82_d20_lowtrain05,bbbp,stereo_20x,stereo,20,787,204,82,122,0.008988186399020798,0.005521489933255263,0.0034666964657655347,0.43902439024390244,0.36885245901639346,-0.0037839321377655943,-0.03515062148869313,-0.04211551743533351,2,-0.03517925932143972,-0.14156942623471241,-0.07158246386640102
phase0_tf_bbbp_stereo_changed_aff82_d20_lowtrain05,bbbp,stereo_20x,stereo,20,811,204,82,122,0.01994682705347858,-0.018777286053680987,0.03872411310715956,0.6097560975609756,0.28688524590163933,0.08582609147679393,0.1714541437930351,0.1839359206567261,2,0.037127531232272845,0.1851239958007084,0.11048758818911894
phase0_tf_bbbp_stereo_changed_aff82_d20_lowtrain05,bbbp,stereo_20x,stereo,20,839,204,82,122,0.010293517806907975,0.005732438664455881,0.0045610791424520935,0.47560975609756095,0.5983606557377049,-0.014334397428092987,-0.008498470689234096,-0.00691460665165892,2,-0.026277046451797164,-0.004265236821099976,0.0038732000847883814
phase0_tf_bbbp_stereo_changed_aff82_d20_lowtrain05,bbbp,stereo_20x,stereo,20,863,204,82,122,-0.01988297319266854,-0.001440783382439228,-0.018442189810229312,0.2682926829268293,0.4672131147540984,-0.017307369916571072,-0.026343178141694186,-0.028151397146904938,2,0.01532544119388568,0.020952503797815,-0.008227823954551919
phase0_tf_bbbp_stereo_changed_aff82_d20_lowtrain05,bbbp,stereo_20x,stereo,20,887,204,82,122,-0.041885776899573283,0.08137125715796577,-0.12325703405753904,0.4024390243902439,0.7459016393442623,-0.10404253142655011,-0.1294284863986009,-0.13175438763258496,2,-0.07347003067294355,-0.08898276485143411,-0.10979553831784074
phase0_tf_bbbp_stereo_changed_aff82_d20_lowtrain25,bbbp,exact_20x,exact,20,307,204,82,122,-0.005614105066875128,-0.028049289187813388,0.02243518412093826,0.6707317073170732,0.5491803278688525,0.0414753429615318,0.09451365892321738,0.10586107450537635,2,-0.051916892021024605,-0.016960888087105247,0.007107957677001481
phase0_tf_bbbp_stereo_changed_aff82_d20_lowtrain25,bbbp,exact_20x,exact,20,331,204,82,122,-0.042366553498318464,-0.04387154730158995,0.0015049938032714871,0.7560975609756098,0.7131147540983607,0.08101624534881695,0.09750423961136967,0.10295900309972855,2,-0.021821966252579428,0.10944901158231612,0.14399580977264947
phase0_tf_bbbp_stereo_changed_aff82_d20_lowtrain25,bbbp,exact_20x,exact,20,353,204,82,122,0.03134913772072006,0.045734596079917714,-0.014385458359197655,0.573170731707317,0.6229508196721312,0.00832685563396729,0.07120409987351313,0.08314367580739107,2,0.06754004743891578,-0.06165685231748523,-0.035799406011632784
phase0_tf_bbbp_stereo_changed_aff82_d20_lowtrain25,bbbp,exact_20x,exact,20,379,204,82,122,-0.04375767677159206,0.03884855770796049,-0.08260623447955255,0.4024390243902439,0.4426229508196721,-0.015958171891542416,-0.04469792728593845,-0.04891615683073548,2,0.0020326953334752623,-0.08366375520783398,-0.012719229228148166
phase0_tf_bbbp_stereo_changed_aff82_d20_lowtrain25,bbbp,exact_20x,exact,20,401,204,82,122,0.03062829897716278,-0.00747229916150453,0.03810059813866731,0.5365853658536586,0.4098360655737705,-0.026647877918608953,0.013532102081844811,0.022048388414111338,2,0.032530515638292914,0.07077267295656847,0.07055582786410958
phase0_tf_bbbp_stereo_changed_aff82_d20_lowtrain25,bbbp,exact_20x,exact,20,421,204,82,122,-0.08880179557131558,-0.01518779709080204,-0.07361399848051355,0.23170731707317074,0.1885245901639344,-0.044973995305710585,-0.12796402460959494,-0.1466887317274967,2,-0.07289064248784727,0.018733128790343723,0.02254797771276304
phase0_tf_bbbp_stereo_changed_aff82_d20_lowtrain25,bbbp,exact_20x,exact,20,443,204,82,122,0.021477988762099567,-0.0016465520516770762,0.023124540813776642,0.6463414634146342,0.45901639344262296,0.02147534931696129,0.01018167648351552,0.006659862601281888,2,0.03956940329139505,0.026903375903735045,0.026029642372060853
phase0_tf_bbbp_stereo_changed_aff82_d20_lowtrain25,bbbp,exact_20x,exact,20,467,204,82,122,-0.05651052873127346,-0.05031477249242731,-0.006195756238846155,0.25609756097560976,0.12295081967213115,-0.016474908618360276,-0.015298887025509869,-0.01900568015798685,2,0.016604258710878176,0.0011224453839977916,-0.0014735489890627257
phase0_tf_bbbp_stereo_changed_aff82_d20_lowtrain25,bbbp,exact_20x,exact,20,491,204,82,122,0.016692554623615442,0.028933428579055873,-0.012240873955440431,0.6463414634146342,0.680327868852459,-0.01599936342176817,-0.05684924264061929,-0.06525171801451428,2,0.019986748314428707,-0.04758956055043311,0.03961577308461652
phase0_tf_bbbp_stereo_changed_aff82_d20_lowtrain25,bbbp,exact_20x,exact,20,509,204,82,122,0.02988592149099199,0.020557534987809243,0.009328386503182746,0.6097560975609756,0.7622950819672131,0.0991583679594985,0.10508412686200685,0.10471579146373391,2,-0.01833553000300027,0.00849561455796545,0.04149446185455516
phase0_tf_bbbp_stereo_changed_aff82_d20_lowtrain25,bbbp,exact_20x,exact,20,541,204,82,122,-0.013928139230190983,-0.048925948829283236,0.03499780959909225,0.2926829268292683,0.19672131147540983,-0.026120455092282828,0.007652888134488766,0.008326525989747759,2,-0.026282441163504845,-0.13750315026011173,-0.08712567228574619
phase0_tf_bbbp_stereo_changed_aff82_d20_lowtrain25,bbbp,exact_20x,exact,20,563,204,82,122,0.017136533608342077,-0.005182134491376215,0.022318668099718292,0.7073170731707317,0.5901639344262295,0.015354453072181713,0.0018212843465385312,-0.0010680642323489791,2,0.002103813676821168,0.012552979096449491,0.0668855924589118
phase0_tf_bbbp_stereo_changed_aff82_d20_lowtrain25,bbbp,random_20x,random,20,307,204,82,122,-0.02022723444714778,0.005821490538169122,-0.026048724985316903,0.3170731707317073,0.5573770491803278,0.014993541360358215,0.027618282719626092,0.02998767657972793,2,-0.10040080112727977,-0.08385626429069654,-0.0193738439241721
phase0_tf_bbbp_stereo_changed_aff82_d20_lowtrain25,bbbp,random_20x,random,20,331,204,82,122,-0.037492283026506076,-0.047247616640009656,0.00975533361350358,0.7560975609756098,0.45081967213114754,-0.008750569544098252,-0.059794206191264715,-0.06915059496142871,2,-0.013571626442347336,-0.04784943422031827,0.05422899487973426
phase0_tf_bbbp_stereo_changed_aff82_d20_lowtrain25,bbbp,random_20x,random,20,353,204,82,122,-0.01075653829498261,-0.05053908226545901,0.0397825439704764,0.7195121951219512,0.5819672131147541,0.062216835032477324,0.17740413049224413,0.2021168906978317,2,0.12170804976858984,0.04454317830124577,0.01809057338687725
phase0_tf_bbbp_stereo_changed_aff82_d20_lowtrain25,bbbp,random_20x,random,20,379,204,82,122,-0.03965195923725643,0.054516097858975654,-0.09416805709623208,0.23170731707317074,0.4344262295081967,0.0007018591819309417,0.035848076062425606,0.04717094509757099,2,-0.009529127283204264,-0.0031177518594699277,0.0039408018453251925
phase0_tf_bbbp_stereo_changed_aff82_d20_lowtrain25,bbbp,random_20x,random,20,401,204,82,122,-0.0036137480652186902,-0.010783920660004262,0.007170172594785572,0.47560975609756095,0.28688524590163933,-0.12470598510320613,-0.09995774563273908,-0.0942305458289829,2,0.0016000900944111726,-0.042717174758015425,-0.0275022793204876
phase0_tf_bbbp_stereo_changed_aff82_d20_lowtrain25,bbbp,random_20x,random,20,421,204,82,122,-0.008918282257892733,-0.0029509939467076396,-0.005967288311185093,0.7926829268292683,0.5737704918032787,-0.04095084280647773,-0.1214155575232298,-0.138371394933823,2,-0.00524393231851882,0.025281595876708862,0.02657113021199589
phase0_tf_bbbp_stereo_changed_aff82_d20_lowtrain25,bbbp,random_20x,random,20,443,204,82,122,0.03754758755335721,0.012967740933670374,0.024579846619686832,0.7560975609756098,0.6475409836065574,0.022481088813325036,0.062105029569463815,0.07164432655540916,2,0.04102470909730524,0.07882672898968335,0.0270353818684246
phase0_tf_bbbp_stereo_changed_aff82_d20_lowtrain25,bbbp,random_20x,random,20,467,204,82,122,0.016236653324307463,-0.0024100750470991993,0.018646728371406664,0.6341463414634146,0.4180327868852459,0.03907276018689668,0.07029755102368643,0.07724767775586779,2,0.04144674332113099,0.08671888343319409,0.05407411981619423
phase0_tf_bbbp_stereo_changed_aff82_d20_lowtrain25,bbbp,random_20x,random,20,491,204,82,122,0.007154743209844678,0.01765022607001125,-0.01049548286016657,0.4878048780487805,0.680327868852459,-0.044689611619142325,-0.017741786034506546,-0.011788774204600328,2,0.021732139409702568,-0.008482103944320371,0.010925524887242369
phase0_tf_bbbp_stereo_changed_aff82_d20_lowtrain25,bbbp,random_20x,random,20,509,204,82,122,-0.005166427073318784,0.01657997540457816,-0.021746402477896942,0.5,0.5983606557377049,0.004577549957363508,0.013355369221540217,0.013871335338622125,2,-0.04941031898407996,-0.08323314308250118,-0.05308635614757984
phase0_tf_bbbp_stereo_changed_aff82_d20_lowtrain25,bbbp,random_20x,random,20,541,204,82,122,0.008547817515890772,-0.0122223260056716,0.020770143521562374,0.5121951219512195,0.1721311475409836,-0.09168353422082381,-0.07607101892537238,-0.07885780711596645,2,-0.040510107241034723,-0.2212270573199729,-0.15268875141428717
phase0_tf_bbbp_stereo_changed_aff82_d20_lowtrain25,bbbp,random_20x,random,20,563,204,82,122,-0.02933216519744658,0.0006368410712504964,-0.029969006268697078,0.6341463414634146,0.5655737704918032,-0.05929649201971504,-0.0838491847036174,-0.08864764036510803,2,-0.0501838606915942,-0.07311748995370643,-0.007765352632984945
phase0_tf_bbbp_stereo_changed_aff82_d20_lowtrain25,bbbp,stereo_20x,stereo,20,307,204,82,122,0.013733551042472454,-0.05564008492854287,0.06937363597101533,0.524390243902439,0.39344262295081966,0.03879572311398919,0.047989295439344506,0.05004907896891726,2,-0.0049784401709475345,-0.06348525157097812,0.004428337829458874
phase0_tf_bbbp_stereo_changed_aff82_d20_lowtrain25,bbbp,stereo_20x,stereo,20,331,204,82,122,0.04084789804069372,0.00998715073496225,0.03086074730573147,0.573170731707317,0.5409836065573771,-0.05335402930327254,-0.02245901369653898,-0.016150309058909795,2,0.007533787249880554,-0.01051424172559253,0.00962553512055997
phase0_tf_bbbp_stereo_changed_aff82_d20_lowtrain25,bbbp,stereo_20x,stereo,20,353,204,82,122,0.026632489852334667,0.010693305668222611,0.015939184184112054,0.7195121951219512,0.6721311475409836,0.08763801525782475,0.20026362447893414,0.2253857102246491,2,0.0978646899822255,0.06740267228793578,0.043511753612224674
phase0_tf_bbbp_stereo_changed_aff82_d20_lowtrain25,bbbp,stereo_20x,stereo,20,379,204,82,122,-0.057669402770243766,0.04178494128749752,-0.09945434405774128,0.21951219512195122,0.4016393442622951,-0.0016631051329673574,-0.0008655079863814411,0.003417431335622133,2,-0.01481541424471347,-0.03983133590827698,0.0015758375304268935
phase0_tf_bbbp_stereo_changed_aff82_d20_lowtrain25,bbbp,stereo_20x,stereo,20,401,204,82,122,-0.020495928801232726,0.011183904148027552,-0.03167983294926028,0.6219512195121951,0.5327868852459017,-0.05701065220065865,-0.04144522152408817,-0.038729844438972365,2,-0.03724991544963468,0.015795349350635486,0.04019305358205988
phase0_tf_bbbp_stereo_changed_aff82_d20_lowtrain25,bbbp,stereo_20x,stereo,20,421,204,82,122,-0.0572199754235221,-0.052677405723294275,-0.004542569700227823,0.24390243902439024,0.18032786885245902,0.012542447397174972,-0.04730148032357185,-0.06073315844718807,2,-0.0038192137075615503,0.09939567307636682,0.0800644204156486
phase0_tf_bbbp_stereo_changed_aff82_d20_lowtrain25,bbbp,stereo_20x,stereo,20,443,204,82,122,-0.002628797347225794,-0.031193649090948652,0.028564851743722856,0.5609756097560976,0.2540983606557377,0.021960493583237584,0.03384982166413962,0.0359691085703742,2,0.04500971422134126,0.050571521084359146,0.02651478663833715
phase0_tf_bbbp_stereo_changed_aff82_d20_lowtrain25,bbbp,stereo_20x,stereo,20,467,204,82,122,0.015895154736027473,-0.017657369817988794,0.033552524554016264,0.573170731707317,0.38524590163934425,0.007450576417071586,0.05441908877933532,0.06544171532996376,2,0.0563525395037406,0.07084042118884298,0.022451936046369136
phase0_tf_bbbp_stereo_changed_aff82_d20_lowtrain25,bbbp,stereo_20x,stereo,20,491,204,82,122,0.01450840747211038,-0.010673373647522737,0.025181781119633116,0.5853658536585366,0.36065573770491804,-0.01200659519993627,-0.001078981160360376,0.00123765588830318,2,0.057409403389502255,0.008180700929825799,0.04360854130644842
phase0_tf_bbbp_stereo_changed_aff82_d20_lowtrain25,bbbp,stereo_20x,stereo,20,509,204,82,122,0.035325016553809006,0.013756887132271387,0.02156812942153762,0.7682926829268293,0.5245901639344263,0.0326242906452234,-0.0015363479514949807,-0.010498052491360751,2,-0.006095787084645397,-0.09812486025553639,-0.025039615459719944
phase0_tf_bbbp_stereo_changed_aff82_d20_lowtrain25,bbbp,stereo_20x,stereo,20,541,204,82,122,0.05090451295055994,-0.044260443596657914,0.09516495654721785,0.6097560975609756,0.11475409836065574,0.0277426465780679,0.09101201372549102,0.09711451148318716,2,0.03388470578462075,-0.05414402466910949,-0.033262570615395476
phase0_tf_bbbp_stereo_changed_aff82_d20_lowtrain25,bbbp,stereo_20x,stereo,20,563,204,82,122,0.008266582880623456,-0.004960373418069765,0.013226956298693221,0.7439024390243902,0.5819672131147541,-0.014911940073117136,-0.01440596208681889,-0.014118543617493966,2,-0.0069878981242039034,-0.0036742673369079305,0.03661919931361296
phase0_tf_confirm_top_len158_extra,bace,exact_20x,exact,20,61,151,64,87,-0.12751534255221486,0.08592266597967035,-0.21343800853188521,0.25,0.5172413793103449,-0.00300563640015444,-0.1818098896488425,-0.15700723429478067,2,-0.05049855093171973,-0.03882811173460768,0.04884091689185409
phase0_tf_confirm_top_len158_extra,bace,exact_20x,exact,20,73,151,64,87,-0.0119350734166801,-0.025413016478220633,0.013477943061540534,0.40625,0.2988505747126437,0.003426987294712483,0.004804319373835807,0.007403766965216531,2,0.004525222836982952,0.00041395109757539315,-0.0007123884391669125
phase0_tf_confirm_top_len158_extra,bace,exact_20x,exact,20,89,151,64,87,0.00746490014716984,-0.0075834516821236455,0.015048351829293486,0.5625,0.5172413793103449,0.0059738383108690896,0.006408178568130649,0.007463023758815976,2,-0.007947087967661259,-0.005098738722869598,-0.005156768795513994
phase0_tf_confirm_top_len158_extra,bace,exact_20x,exact,20,107,151,64,87,-0.029417914571240544,0.0373199597514909,-0.06673787432273144,0.390625,0.5632183908045977,-0.013681673108213596,-0.05682516924762091,-0.05730488808300087,2,-0.09196377807328929,-0.08859335671972912,-0.050087390850257714
phase0_tf_confirm_top_len158_extra,bace,random_1x,random,1,61,151,64,87,-0.05389957921579478,0.1228625279390949,-0.17676210715488969,0.4375,0.5977011494252874,-0.08416872248648494,-0.1544588389844618,-0.14819070757480757,2,-0.10793246415807684,-0.08287579873882109,-0.06748587349294113
phase0_tf_confirm_top_len158_extra,bace,random_1x,random,1,73,151,64,87,0.005297205876559024,-0.009733747476818915,0.01503095335337794,0.515625,0.5057471264367817,0.012401059754298085,0.015544676359315387,0.021576522750291795,2,0.019381830356372847,0.028545275422149022,0.025513833025446388
phase0_tf_confirm_top_len158_extra,bace,random_1x,random,1,89,151,64,87,0.004928233567625286,-0.013472927370290655,0.01840116093791594,0.515625,0.39080459770114945,0.013541218946899719,0.01351067397102226,0.013471839173994325,2,0.023645957482272183,0.021901462303444013,0.020996891224845063
phase0_tf_confirm_top_len158_extra,bace,random_1x,random,1,107,151,64,87,-0.010749810142442577,-0.0586627249060006,0.04791291476355802,0.5625,0.41379310344827586,0.036085092395064466,0.04560291081224187,0.05176333635189978,2,0.13873271835197148,0.13761157607736035,0.10003573758751522
phase0_tf_confirm_top_len158_extra,bbbp,parent_5x,parent,5,61,204,64,140,0.06643606736906804,-0.006608853349462151,0.07304492071853019,0.84375,0.5142857142857142,0.039557813067950504,0.04244620440926335,0.039778925422761686,2,0.019281066404489268,0.03488340707939909,0.028237800363862642
phase0_tf_confirm_top_len158_extra,bbbp,parent_5x,parent,5,73,204,64,140,-0.0004874676233157585,0.0030386371671089047,-0.003526104790424663,0.46875,0.44285714285714284,0.006300206291686358,-0.010135140473426979,-0.020433788656613903,2,-0.04284526712726802,-0.03053943893546444,-0.022571923251771965
phase0_tf_confirm_top_len158_extra,bbbp,parent_5x,parent,5,89,204,64,140,-0.03179344598902391,-0.0014737561744238657,-0.030319689814600044,0.390625,0.4785714285714286,-0.025493379776215425,-0.03217865004168158,-0.04085747563110187,2,-0.010473374317267116,0.01052704762163345,0.013020472718575631
phase0_tf_confirm_top_len158_extra,bbbp,parent_5x,parent,5,107,204,64,140,-0.018040189141174775,0.02934626499190927,-0.047386454133084045,0.265625,0.4928571428571429,-0.04113318136314561,-0.04946174221831689,-0.044534804160463036,2,-0.0006459971183046254,-0.04211950374793263,-0.0400010154802943
phase0_tf_confirm_top_len158_extra,bbbp,random_20x,random,20,61,204,64,140,0.02598055195994676,-0.0654772306925484,0.09145778265249516,0.484375,0.29285714285714287,0.021109274629737662,0.014387987370691708,0.0009572493397572712,2,-0.025889015184449318,-0.014796897073899414,-0.023294136200722626
phase0_tf_confirm_top_len158_extra,bbbp,random_20x,random,20,73,204,64,140,0.033440248284023255,-0.010135133418121509,0.04357538170214476,0.546875,0.5285714285714286,0.02398984993705107,0.02475222390954237,0.02833453716757851,2,0.04510290138257135,0.06100701674515465,0.02264832858891536
phase0_tf_confirm_top_len158_extra,bbbp,random_20x,random,20,89,204,64,140,0.03565666318172589,-0.007260641189558159,0.04291730437128405,0.640625,0.4857142857142857,0.0002525630687980063,-0.010103348752247427,-0.016838729829376807,2,0.014895894355140622,-0.037325852285803804,-0.02925974149321922
phase0_tf_confirm_top_len158_extra,bbbp,random_20x,random,20,107,204,64,140,-0.03725461917929351,0.01265372488913791,-0.04990834406843142,0.25,0.34285714285714286,-0.004543184404748046,-0.026782083272280863,-0.011490185893543482,2,0.006027795296228905,0.03866822215642331,0.05451656569897751
phase0_tf_confirm_top_len158_extra,bbbp,random_20x,random,20,131,204,64,140,0.13888614432653412,0.029963844429169384,0.10892229989736474,0.78125,0.6142857142857143,0.040494203389002226,0.04093464036511731,0.03227014936701135,2,0.09891139406078894,0.043756007622753355,0.04315864387641194
phase0_tf_confirm_top_len158_extra,bbbp,random_20x,random,20,149,204,64,140,0.02175954962149263,0.013084756503147735,0.008674793118344896,0.5625,0.55,0.009057234626233228,0.005003814306919249,-0.0029272548071921246,2,0.008470700734428004,0.00425699972992201,0.006616029283054336
phase0_tf_confirm_top_len158_extra,bbbp,random_20x,random,20,167,204,64,140,0.0035819314653053845,-0.0025072703404085983,0.006089201805713982,0.5625,0.5285714285714286,0.0053746024334300774,0.005582966485755784,0.004080819700255469,2,-0.011255031148903078,-0.002202706937313683,-0.0078088263552772656
phase0_tf_confirm_top_len158_extra,bbbp,random_20x,random,20,181,204,64,140,0.03399428492411972,0.03443274198632155,-0.00043845706220183023,0.640625,0.5071428571428571,0.01431520262002911,0.009255816718013104,0.020792294483804923,2,0.09212895862791423,0.05192103273923858,0.03426326966029314
phase0_tf_confirm_top_len158_extra,bbbp,random_20x,random,20,199,204,64,140,-0.161994388588937,-0.03043257496319712,-0.13156181362573988,0.234375,0.2642857142857143,-0.01489319284552415,-0.10577497917937996,-0.12928037565349806,2,-0.08028831639842662,-0.04935272101414367,0.0027906893939427246
phase0_tf_confirm_top_len158_extra,bbbp,random_20x,random,20,223,204,64,140,0.030260096362326308,-0.01700751617816942,0.04726761254049573,0.671875,0.6214285714285714,0.03963202674597264,0.04807886987976499,0.07014708192448907,2,0.05078861307785182,0.052586435667321144,0.05390337429850905
phase0_tf_confirm_top_len158_extra,bbbp,random_20x,random,20,241,204,64,140,-0.05403079235111362,-0.055260326114616225,0.0012295337635026063,0.515625,0.39285714285714285,0.004282747053798475,0.01393154884592173,0.01971409369506051,2,0.03732279276508574,0.02348234249537659,0.013129643893005007
phase0_tf_confirm_top_len158_extra,bbbp,random_20x,random,20,263,204,64,140,0.04523917054757476,0.00517834769561887,0.04006082285195589,0.734375,0.5428571428571428,0.03715693339720622,0.03820940575472631,0.04257155121272686,2,-0.015337086267702811,0.0005762941391870696,0.00691345418949927
phase0_tf_confirm_top_len158_extra,bbbp,stereo_5x,stereo,5,61,204,64,140,0.01712493656668812,-0.0064213473881993876,0.023546283954887507,0.46875,0.3357142857142857,-0.006936437034306742,-0.025854070197229077,-0.038831180763482985,2,-0.030217570359153418,-0.03341686752709333,-0.018256449738394603
phase0_tf_confirm_top_len158_extra,bbbp,stereo_5x,stereo,5,73,204,64,140,0.014577410649508238,0.0037070567719638316,0.010870353877544406,0.515625,0.44285714285714284,0.006664868531916753,-0.007021047692142159,-0.020536826225442454,2,-0.028448808459298952,-0.02742534615417962,-0.022207261011541572
phase0_tf_confirm_top_len158_extra,bbbp,stereo_5x,stereo,5,89,204,64,140,0.02525816031266005,-0.002617406791874343,0.027875567104534392,0.546875,0.4928571428571429,0.0264787228727286,0.022784881108153285,0.022797529906408383,2,0.04772188260186732,0.06549057877146831,0.06499257536751965
phase0_tf_confirm_top_len158_extra,bbbp,stereo_5x,stereo,5,107,204,64,140,-0.02756328613031655,-0.011014427956459778,-0.01654885817385677,0.328125,0.4142857142857143,-0.008121545884780548,-0.007274427447825367,0.01706235183103428,2,0.03019159884092265,6.781102255889321e-05,-0.006989380001929238
phase0_tf_confirm_top_len158_extra,bbbp,stereo_5x,stereo,5,131,204,64,140,0.09194564091740177,0.04678481657590185,0.04516082434149993,0.78125,0.6571428571428571,-0.017746758480567726,-0.02422769484290845,-0.04973491731522112,2,0.046443867751596764,-0.03244285591679728,-0.027207768853625275
phase0_tf_confirm_top_len158_extra,bbbp,stereo_5x,stereo,5,149,204,64,140,0.010383642220403996,0.0349912510120443,-0.0246076087916403,0.71875,0.7,-0.02069797577525432,-0.01994528537104755,-0.021845487556695145,2,-0.024097176519821267,-0.02908318270093356,-0.03918073340680781
phase0_tf_confirm_top_len158_extra,bbbp,stereo_5x,stereo,5,167,204,64,140,0.01387505326420068,-0.0002764135066952008,0.014151466770895882,0.640625,0.4785714285714286,0.0019013461087038774,-0.0010971744139000143,-0.008945225545851518,2,0.024577865423634642,0.001549466798793996,0.00795120321352805
phase0_tf_confirm_top_len158_extra,bbbp,stereo_5x,stereo,5,181,204,64,140,-0.005110579484608027,0.033965698070824155,-0.03907627755543218,0.453125,0.42142857142857143,0.010252483238452181,-0.006880752539035001,-0.0028216222448236433,2,-0.00642254894067136,0.004855246610856071,0.009004386269348047
phase0_tf_confirm_top_len158_extra,bbbp,stereo_5x,stereo,5,199,204,64,140,-0.016557504975935444,0.0017583108041435416,-0.018315815780078987,0.203125,0.25,0.025928044070421097,-0.04771327192966558,-0.06897613699998678,2,0.01704822068152549,0.019735820409089305,0.03801796068666952
phase0_tf_confirm_top_len158_extra,bbbp,stereo_5x,stereo,5,223,204,64,140,0.014867141377180829,0.014464241319469042,0.0004029000577117862,0.6875,0.7428571428571429,0.010141880960272291,0.014504993507464505,0.022748717445316757,2,0.02475660068614942,0.020642812673105235,0.019029264155264965
phase0_tf_confirm_top_len158_extra,bbbp,stereo_5x,stereo,5,241,204,64,140,0.010458195436513062,-0.00252479372013893,0.012982989156651992,0.765625,0.7214285714285714,0.018069225855275463,0.020537166834646924,0.02565577586740925,2,-0.08640534200406234,-0.05119709154596775,-0.04440704624048183
phase0_tf_confirm_top_len158_extra,bbbp,stereo_5x,stereo,5,263,204,64,140,0.017542065761517733,-0.0045814706544790905,0.022123536415996823,0.53125,0.4928571428571429,0.022944202706576773,0.020165461938655087,0.019860223209803515,2,0.008021283015010079,-0.002094062278714906,-0.003483267956526405
phase0_tf_confirm_top_len158_extra,clintox_fda,parent_20x,parent,20,61,149,64,85,-0.02659346631844528,-0.0096650776179398,-0.016928388700505483,0.109375,0.2,-0.006879360442321181,-0.015666774039246125,-0.024419949889736586,2,-0.0017916796660489044,-0.0006187772424989905,0.002979405065077767
phase0_tf_confirm_top_len158_extra,clintox_fda,parent_20x,parent,20,73,149,64,85,-0.0007960100192576623,0.00012729930527070595,-0.0009233093245283682,0.890625,0.8352941176470589,-0.0008626706893069269,-0.0007131421896295052,-0.007268519015364791,2,-0.14915884355098516,-0.14888787073509832,-0.13555268829129344
phase0_tf_confirm_top_len158_extra,clintox_fda,parent_20x,parent,20,89,149,64,85,-0.003310164320282637,-0.0017826355117208914,-0.0015275288085617458,0.265625,0.4235294117647059,-0.001502941923716028,-0.0013709175741822511,-0.0028876463925717093,2,0.0031609176425263473,0.0025499620463086273,0.0024542054077753006
phase0_tf_confirm_top_len158_extra,clintox_fda,parent_20x,parent,20,107,149,64,85,0.00276809852221049,-0.01090438961982727,0.01367248814203776,0.765625,0.8,0.009484408157261037,0.015350303190336898,0.06061814788365031,2,-0.026307810328794694,-0.035404657543109314,-0.01634518648202632
phase0_tf_confirm_top_len158_extra,clintox_fda,stereo_1x,stereo,1,61,149,64,85,-0.01637743937317282,-0.00751464338425329,-0.00886279598891953,0.203125,0.25882352941176473,-0.00325612415653026,-0.008185566748902067,-0.009457058710283999,2,-0.0013699836861205197,-0.0019081911344261846,4.580715303326155e-05
phase0_tf_confirm_top_len158_extra,clintox_fda,stereo_1x,stereo,1,73,149,64,85,0.04079392927815206,0.04682170183343046,-0.0060277725552784,0.53125,0.6588235294117647,-0.010694869318034872,-0.011772386057873152,-0.021621399450409737,2,-0.0058676136585692085,-0.011881049896442081,-0.010019574921623753
phase0_tf_confirm_top_len158_extra,clintox_fda,stereo_1x,stereo,1,89,149,64,85,-0.0034541481873020525,-0.002950166998540654,-0.0005039811887613986,0.171875,0.2235294117647059,-0.0006251669201640109,-0.0004542631950359086,-0.003754087520662973,2,-0.00020879285670266277,-0.0003273695830613066,-0.00046843466910490017
phase0_tf_confirm_top_len158_extra,clintox_fda,stereo_1x,stereo,1,107,149,64,85,-0.01269426749786362,-0.012092218197443903,-0.0006020493004197172,0.53125,0.5411764705882353,0.0042580227411739835,0.0014843293293752527,0.02771547754009905,2,-0.007706792579333784,-0.008115608449843572,-0.0044442225015618175
phase0_tf_confirm_top_len158_extra,clintox_tox,exact_1x,exact,1,61,149,64,85,-0.004389103502035163,-0.0017436462290146676,-0.002645457273020495,0.140625,0.2,-0.0002899025108616671,-0.002971629213009594,-0.012694570965367698,2,0.0036496317561934646,0.002572131012276382,0.001511525937948538
phase0_tf_confirm_top_len158_extra,clintox_tox,exact_1x,exact,1,73,149,64,85,-0.003989830613136302,0.0002167126711676936,-0.004206543284303995,0.0625,0.12941176470588237,-0.0022336178788249506,-0.00521681012224146,-0.02709552541787351,2,-0.01464710917104692,-0.014893533191183101,-0.006648374500678539
phase0_tf_confirm_top_len158_extra,clintox_tox,exact_1x,exact,1,89,149,64,85,-0.0014374963939189946,-0.0007182850557215083,-0.0007192113381974863,0.8125,0.7647058823529411,0.0003851624910888307,0.00013251533056353232,-0.003496564268779767,2,0.00040975524222150407,0.0021618167654826152,0.002149472737690006
phase0_tf_confirm_top_len158_extra,clintox_tox,exact_1x,exact,1,107,149,64,85,-0.033681921195238836,0.04796239663572873,-0.08164431783096757,0.140625,0.15294117647058825,0.0013101991286035841,-0.08953030770576319,-0.4549861742867972,2,0.01741961673559511,0.018635394174482775,0.006935388512676721
phase0_tf_confirm_top_len158_extra,hiv,exact_20x,exact,20,61,4112,64,4048,-0.002648441120982132,0.010251575771704496,-0.012900016892686628,0.59375,0.7954545454545454,0.05405287072276829,0.06440873565395103,0.06440873565395103,2,-0.08696318204282769,0.01591842755350934,0.038047119199897755
phase0_tf_confirm_top_len158_extra,hiv,exact_20x,exact,20,73,4112,64,4048,-0.19126655533909798,0.0024105655876072996,-0.19367712092670528,0.484375,0.9409584980237155,0.022934088417649656,0.026992528015432858,0.026992528015432858,2,-0.06892207477300652,0.06276154430462233,0.055875419505151014
phase0_tf_confirm_top_len158_extra,hiv,exact_20x,exact,20,89,4112,64,4048,-0.16700750775635242,-0.0022544229822785487,-0.16475308477407388,0.34375,0.4058794466403162,-0.0547838582791873,-0.07943996098124416,-0.07943996098124416,2,-0.05198400007494587,-0.10058890717599103,-0.07402520631526288
phase0_tf_confirm_top_len158_extra,hiv,exact_20x,exact,20,107,4112,64,4048,0.07164517277851702,0.005264822246411101,0.06638035053210592,0.59375,0.4701086956521739,0.0036755548124352,0.007341759940756076,0.007341759940756076,2,0.1448961364679598,0.03816849689421691,0.03245551690553472
phase0_tf_confirm_top_len158_extra,hiv,exact_20x,exact,20,131,4112,64,4048,0.026879305019974677,0.002169752287358165,0.024709552732616512,0.5,0.40785573122529645,-0.006561266224827833,-0.04127299361771131,-0.04127299361771131,2,0.13683895124012066,-0.023119098224298505,0.0007821438760212129
phase0_tf_confirm_top_len158_extra,hiv,exact_20x,exact,20,149,4112,64,4048,-0.25162553414702415,0.00032680946229239225,-0.25195234360931656,0.515625,0.7534584980237155,-0.03558112826083071,-0.042810895373049114,-0.042810895373049114,2,-0.034653014485013844,-0.027781520414880048,-0.021884986051537658
phase0_tf_confirm_top_len158_extra,hiv,exact_20x,exact,20,167,4112,64,4048,0.24433012492954737,-0.0030262367321332944,0.24735636166168065,0.609375,0.29891304347826086,0.10383154595296303,0.11514282370300023,0.11514282370300023,2,0.15021489997184562,0.08541017809259915,0.07610819345334392
phase0_tf_confirm_top_len158_extra,hiv,exact_20x,exact,20,181,4112,64,4048,-0.07770984992384908,-0.0025092087789133134,-0.07520064114493577,0.53125,0.645998023715415,-0.04803262941598853,-0.05519610995718967,-0.05519610995718967,2,-0.034097847440408835,-0.026958659473215033,-0.028665812214454647
phase0_tf_confirm_top_len158_extra,hiv,exact_20x,exact,20,199,4112,64,4048,0.16109454352408645,0.005416795795437373,0.15567774772864906,0.578125,0.30657114624505927,0.017223696674129693,0.0010059355614863864,0.0010059355614863864,2,0.31369142627652746,0.1336372919570158,0.14141692210579812
phase0_tf_confirm_top_len158_extra,hiv,exact_20x,exact,20,223,4112,64,4048,0.05395433306694027,0.001503163035738138,0.052451170031202136,0.40625,0.15884387351778656,-0.026221032491525076,-0.052397263091861886,-0.052397263091861886,2,0.0668828995243127,0.0021438050456278404,0.013528999926242347
phase0_tf_confirm_top_len158_extra,hiv,exact_20x,exact,20,241,4112,64,4048,0.014607497490942494,-0.0006988029374847763,0.01530630042842727,0.421875,0.3026185770750988,-0.01879408575362962,-0.03650615823878344,-0.03650615823878344,2,-0.032886547135859125,-0.02074891428555412,-0.02159833731017813
phase0_tf_confirm_top_len158_extra,hiv,exact_20x,exact,20,263,4112,64,4048,0.13655535131692884,0.005061225965619087,0.13149412535130975,0.4375,0.22109683794466403,0.014718419858335552,0.008823735794135541,0.008823735794135541,2,-0.06930721324423089,0.0021320439724366686,-0.00034508054332427207
phase0_tf_confirm_top_len158_extra,hiv,parent_5x,parent,5,61,4112,64,4048,-0.0698563177138567,0.006550162522630258,-0.07640648023648695,0.578125,0.6726778656126482,-0.007655599865937557,0.033369636521184,0.033369636521184,2,-0.07525470538484486,-0.019581004196983526,-0.023172608784274074
phase0_tf_confirm_top_len158_extra,hiv,parent_5x,parent,5,73,4112,64,4048,-0.17927834950387478,0.0011672186094663845,-0.18044556811334117,0.359375,0.7317193675889329,-0.05756080871351388,-0.06425913051830899,-0.06425913051830899,2,-0.1643721052093925,-0.08151393766255534,-0.07144501258944191
phase0_tf_confirm_top_len158_extra,hiv,parent_5x,parent,5,89,4112,64,4048,0.34737225621938705,-0.0025457897492253763,0.3499180459686124,0.671875,0.36684782608695654,0.06704786801481033,0.07967334130802173,0.07967334130802173,2,0.4624460736922773,0.08932029455970464,0.06909072681262007
phase0_tf_confirm_top_len158_extra,hiv,parent_5x,parent,5,107,4112,64,4048,0.13486722018569708,0.0007027143413723697,0.1341645058443247,0.53125,0.29866600790513836,-0.021818381145035204,-0.023055293335266656,-0.023055293335266656,2,0.04452224154570121,-0.00917304383103194,-0.009169100786015544
phase0_tf_confirm_top_len158_extra,hiv,random_20x,random,20,61,4112,64,4048,-0.03450608253479001,0.007236745289486389,-0.0417428278242764,0.609375,0.7356719367588933,0.024424029879963227,0.04131520546698128,0.04131520546698128,2,-0.11580599297441746,-0.007175102633460405,0.00841827835709269
phase0_tf_confirm_top_len158_extra,hiv,random_20x,random,20,73,4112,64,4048,-0.17689711600542068,-0.0012327111344563628,-0.17566440487096432,0.375,0.7917490118577075,0.004462778949828383,0.00712631857825149,0.00712631857825149,2,-0.05090935871726557,0.04289533486744095,0.03740411003732974
phase0_tf_confirm_top_len158_extra,hiv,random_20x,random,20,89,4112,64,4048,-0.003931066021323218,0.0013337934338174785,-0.005264859455140696,0.40625,0.5815217391304348,0.026899651985433648,0.02452703006485044,0.02452703006485044,2,0.10750422524398731,0.0033780838701035626,0.00765830394935807
phase0_tf_confirm_top_len158_extra,hiv,random_20x,random,20,107,4112,64,4048,0.0005102292634546861,0.002018378907630567,-0.001508149644175881,0.46875,0.29199604743083,-0.062005681944582,-0.06439936156178254,-0.06439936156178254,2,0.077007636291678,-0.0335726246083217,-0.03322571985148248
phase0_tf_confirm_top_len158_extra,sider_gastro,exact_1x,exact,1,61,143,64,79,0.014676379796583209,-0.018072777816766413,0.03274915761334962,0.703125,0.5316455696202531,0.030712856094698426,0.03233537045464774,0.23073729140147023,2,0.01593579456859999,0.015584105381119127,0.016660388494113998
phase0_tf_confirm_top_len158_extra,sider_gastro,exact_1x,exact,1,73,143,64,79,-0.0002787805278785373,0.002307444009222558,-0.002586224537101095,0.09375,0.16455696202531644,-0.0027782573884025386,-0.002514235380520974,-0.02533725245964818,2,-0.0010946098924319763,-0.001051906586272289,-0.001374612545982118
phase0_tf_confirm_top_len158_extra,sider_gastro,exact_1x,exact,1,89,143,64,79,0.001891246414743373,0.0003412884153142788,0.0015499579994290942,0.9375,0.8860759493670886,0.0023026772058661327,0.0015076163564682868,0.0005543344897461721,2,-0.0011058872384372856,-0.0010624119738192378,0.0004298953040915432
phase0_tf_confirm_top_len158_extra,sider_gastro,exact_1x,exact,1,107,143,64,79,0.019812931772321477,0.003977406746413137,0.01583552502590834,0.921875,0.9240506329113924,0.020253783566489658,0.01565477699072832,-0.060322185158561685,2,0.020349165943784282,0.020195922003020682,0.02635168813885236
phase0_tf_confirm_top_len158_extra,sider_gastro,exact_1x,exact,1,131,143,64,79,-0.0017224212642759028,-0.0016399333371391765,-8.248792713672634e-05,0.9375,0.6962025316455697,6.144159114590542e-05,-0.00011350783972522262,-0.014851930794549415,2,0.0003447155269228436,0.00031109753889158997,-0.00037884522755965433
phase0_tf_confirm_top_len158_extra,sider_gastro,exact_1x,exact,1,149,143,64,79,0.0028662133845500496,0.0014077171306066812,0.0014584962539433684,0.265625,0.26582278481012656,0.0017529714768167448,0.0015316570300382241,-0.005305269055974711,2,0.0073469486780158196,0.007451874137906414,0.007230819705349889
phase0_tf_confirm_top_len158_extra,sider_gastro,exact_1x,exact,1,167,143,64,79,-0.00018299469957126064,-0.007482446824448036,0.007299452124876775,0.78125,0.6329113924050633,0.01539397733902459,0.007407955142883373,-0.06560196197667213,2,-0.0011384714736685595,-0.0012528782968434342,-0.004485877014874573
phase0_tf_confirm_top_len158_extra,sider_gastro,exact_1x,exact,1,181,143,64,79,-0.008230927294789567,-0.1935217385504489,0.18529081125565933,0.859375,0.7974683544303798,0.19282085216218642,0.18410957876985776,0.7111397272965405,2,0.06243716519305895,0.06161885238227016,0.045693413202286426
phase0_tf_confirm_top_len158_extra,sider_gastro,exact_1x,exact,1,199,143,64,79,0.0008835063781589272,0.001615409751104395,-0.0007319033729454678,0.171875,0.21518987341772153,-0.001137258838526764,-0.0007035397213405374,0.003740749744748845,2,-0.015018485876646094,-0.015077964244315994,-0.016200812469984824
phase0_tf_confirm_top_len158_extra,sider_gastro,exact_1x,exact,1,223,143,64,79,0.0007195401703938881,-0.01175822354145819,0.012477763711852078,0.828125,0.6455696202531646,0.014093630906657606,0.012434723261095631,-0.02138290065760213,2,0.006097676687434736,0.00603745138662789,0.013543508244761387
phase0_tf_confirm_top_len158_extra,sider_gastro,exact_1x,exact,1,241,143,64,79,-0.003839526209048923,0.022583082365461544,-0.026422608574510467,0.609375,0.6329113924050633,-0.01854412372450187,-0.02648197359506141,-0.07825019251857249,2,-0.05282561677652469,-0.052973456725138354,-0.040910094960687204
phase0_tf_confirm_top_len158_extra,sider_gastro,exact_1x,exact,1,263,143,64,79,-0.00033053138758987015,-0.01618651300668717,0.0158559816190973,0.890625,0.8354430379746836,0.025885583955084668,0.01588332507998457,-0.07839127856365463,2,0.01449528435330626,0.014548832294845809,0.023215655689665382
phase0_tf_confirm_top_len158_extra,sider_gastro,random_1x,random,1,61,143,64,79,0.016606108838459484,0.0016484696748135968,0.014957639163645887,0.875,0.7341772151898734,0.014752444531963754,0.01482995113694563,-0.0006425740402862846,2,-0.0018557238811037456,-0.0019213139365829822,0.0006999769313793258
phase0_tf_confirm_top_len158_extra,sider_gastro,random_1x,random,1,73,143,64,79,-0.0010325022158212782,0.00039821377472032247,-0.0014307159905416007,0.390625,0.35443037974683544,-0.0013753698836906358,-0.0014216245564229184,-0.009396726362037972,2,6.0898654127518196e-05,4.0704237825766806e-05,2.8274958729784805e-05
phase0_tf_confirm_top_len158_extra,sider_gastro,random_1x,random,1,89,143,64,79,-0.0009479828295297869,0.0016272366990016866,-0.0025752195285314735,0.9375,0.8734177215189873,-0.00014047217742729767,-0.0026030370213619798,-0.034847569127508256,2,-0.005231064766397854,-0.005173065351649504,-0.002013254079201887
phase0_tf_confirm_top_len158_extra,sider_gastro,random_1x,random,1,107,143,64,79,0.045418605790473514,0.007904247251115265,0.03751435853935825,0.140625,0.16455696202531644,0.01890998894325313,0.03737574168229223,0.08688563259805097,2,0.04202799945723419,0.041916886694584585,0.02500789351561583
phase0_tf_confirm_top_len158_extra,sider_gastro,random_1x,random,1,131,143,64,79,0.002768339065369214,-0.0017153444829620917,0.004483683548331305,0.125,0.3037974683544304,0.003291629404638674,0.004474613267135476,0.061674583063100044,2,0.004910887002390875,0.004899218645752289,0.0028513425859331143
phase0_tf_confirm_top_len158_extra,sider_gastro,random_1x,random,1,149,143,64,79,0.0006930091185495145,0.0019173951748805837,-0.0012243860563310692,0.9375,0.9240506329113924,-0.0012038377623306978,-0.0013004002299764094,-0.0013690462285604415,2,0.004664066367741382,0.004619816877891781,0.004274010466202446
phase0_tf_confirm_top_len158_extra,sider_gastro,random_1x,random,1,167,143,64,79,0.001999543514102712,-0.0023367659106284864,0.004336309424731198,0.125,0.25316455696202533,0.003359952723452714,0.004341465227834503,0.029987877206289662,2,-0.004101614173814137,-0.004319368211892304,-0.01651990163044645
phase0_tf_confirm_top_len158_extra,sider_gastro,random_1x,random,1,181,143,64,79,-0.028997628323850222,-0.029972359302300446,0.0009747309784502237,0.796875,0.8481012658227848,0.015992392136666478,0.0003391001570963621,0.06308224579751462,2,-0.12187891508415016,-0.12215162623049124,-0.13113504682323351
phase0_tf_confirm_top_len158_extra,sider_gastro,random_1x,random,1,199,143,64,79,-0.0007191866752691475,0.001129688388561906,-0.0018488750638310535,0.9375,0.8607594936708861,-0.0011056176704247467,-0.0018663576612173468,-0.018855801760848258,2,-0.01613545756753168,-0.016240782184192802,-0.016169171301882806
phase0_tf_confirm_top_len158_extra,sider_gastro,random_1x,random,1,223,143,64,79,0.005886819766601551,-0.0008316455008108327,0.006718465267412384,0.921875,0.810126582278481,0.006272965385798579,0.006544603839535517,0.012144754759480677,2,0.00033837824299504105,0.00014733196506777624,0.0057228427239023605
phase0_tf_confirm_top_len158_extra,sider_gastro,random_1x,random,1,241,143,64,79,-0.021069179259939126,-0.03144310881631284,0.010373929556373715,0.671875,0.6329113924050633,0.0023784834461135773,0.010393124720163491,0.1142429398964285,2,-0.01602907864564051,-0.016098358409913454,-0.019987487790071756
phase0_tf_confirm_top_len158_extra,sider_gastro,random_1x,random,1,263,143,64,79,-0.00021353288320825762,-0.0014807997342151963,0.0012672668510069387,0.40625,0.43037974683544306,0.0011743220689224704,0.0012535600227656103,0.010904508344996832,2,-9.343041478410033e-05,-8.093276237315216e-05,-0.0014956061964968154
phase0_tf_confirm_top_len158_extra,sider_gastro,tautomer_5x,tautomer,5,61,143,64,79,0.012860280228778723,-0.007866503034211396,0.02072678326299012,0.484375,0.2911392405063291,0.01664151141581499,0.020712034195359483,0.00363451350513873,2,0.0162974798004143,0.016271691754573606,0.01424381240744979
phase0_tf_confirm_top_len158_extra,sider_gastro,tautomer_5x,tautomer,5,73,143,64,79,-0.0015660875942557972,0.0019286997804913318,-0.0034947873747471292,0.703125,0.7468354430379747,-0.0036312901803781106,-0.0034850414420754833,-0.024622243819003162,2,-0.002442037105365788,-0.00246285998696663,-0.00257267575036621
phase0_tf_confirm_top_len158_extra,sider_gastro,tautomer_5x,tautomer,5,89,143,64,79,0.018525610532378778,0.004145617915105202,0.014379992617273575,0.6875,0.7341772151898734,0.01751131374880388,0.014820105172662273,0.04584575670955895,2,0.012366033748272626,0.012817320659460882,0.015447550207873015
phase0_tf_confirm_top_len158_extra,sider_gastro,tautomer_5x,tautomer,5,107,143,64,79,-0.009411926963366565,0.028198190375313733,-0.0376101173386803,0.765625,0.8354430379746836,-0.038856453874916236,-0.037658160098520035,-0.11617389694485511,2,-0.07072238640379327,-0.07055612770522746,-0.05912633553174387
phase0_tf_confirm_top_len158_extra,tox21_ahr,exact_20x,exact,20,61,655,64,591,0.0369027960114181,-0.001190855468791953,0.03809365148021005,0.4375,0.22165820642978004,0.028640092332779435,0.03589497778007888,0.03589497778007888,2,0.0008862068460601738,-0.009637056666825856,-0.008570768963584649
phase0_tf_confirm_top_len158_extra,tox21_ahr,exact_20x,exact,20,73,655,64,591,0.08152962662279606,-0.0063201473953356825,0.08784977401813174,0.46875,0.1065989847715736,0.010488105964948799,0.01902195792838088,0.01902195792838088,2,0.015820257502801832,0.0011049709678836832,-0.000164081289080395
phase0_tf_confirm_top_len158_extra,tox21_ahr,exact_20x,exact,20,89,655,64,591,0.07334565743803981,-0.007216627424340161,0.08056228486237997,0.609375,0.6243654822335025,0.02084962894858272,0.03491123423405263,0.03491123423405263,2,0.026240665916284142,0.019507197282501384,0.010532735606545468
phase0_tf_confirm_top_len158_extra,tox21_ahr,exact_20x,exact,20,107,655,64,591,-0.055811080615967526,0.008949646893289892,-0.06476072750925742,0.4375,0.3316412859560068,-0.004935163205169624,-0.05334770459701668,-0.05334770459701668,2,-0.1476245050250778,0.004760130443105123,0.011173364731340868
phase0_tf_confirm_top_len158_extra,tox21_ahr,exact_20x,exact,20,131,655,64,591,-0.00434356462210417,0.0012035783373966625,-0.005547142959500833,0.484375,0.7157360406091371,0.024381407461722973,0.03191574625029054,0.03191574625029054,2,-0.053983523136134026,0.019881199497477853,0.015718081541457832
phase0_tf_confirm_top_len158_extra,tox21_ahr,exact_20x,exact,20,149,655,64,591,-0.014733200427144766,0.004416797417271158,-0.019149997844415925,0.484375,0.754653130287648,-0.015416272724937188,-0.021938781475243887,-0.021938781475243887,2,-0.028692245416425163,-0.03280843381400493,-0.02358986185746122
phase0_tf_confirm_top_len158_extra,tox21_ahr,exact_20x,exact,20,167,655,64,591,0.17484779882943258,0.032335701107020706,0.14251209772241186,0.390625,0.16751269035532995,-0.02192878979388979,-0.14416549016769253,-0.14416549016769253,2,0.020634165980779037,0.024304252088625106,0.0062147580474360975
phase0_tf_confirm_top_len158_extra,tox21_ahr,exact_20x,exact,20,181,655,64,591,0.02646902622655034,-0.02963703956499116,0.056106065791541496,0.703125,0.7292724196277496,0.10421752793077235,0.14898672286318934,0.14898672286318934,2,0.09040236657063042,0.18548455163594602,0.13087059390148492
phase0_tf_confirm_top_len158_extra,tox21_ahr,exact_20x,exact,20,199,655,64,591,0.25472772505600005,0.06192726834776438,0.19280045670823567,0.4375,0.2131979695431472,-0.0484554681332835,-0.1990960742566256,-0.1990960742566256,2,0.17103554988469039,-0.007630183718996708,0.0516400644834894
phase0_tf_confirm_top_len158_extra,tox21_ahr,exact_20x,exact,20,223,655,64,591,-0.051702728203963454,0.01179480015311245,-0.06349752835707591,0.3125,0.27411167512690354,-0.03272260926553994,-0.006415939203578774,-0.006415939203578774,2,-0.10306140194496717,-0.26625931487224586,-0.19141618259626342
phase0_tf_confirm_top_len158_extra,tox21_ahr,exact_20x,exact,20,241,655,64,591,0.055404702201485655,-0.02379271050193386,0.07919741270341951,0.671875,0.6666666666666666,0.11059329728461736,0.16535854224666408,0.16535854224666408,2,0.02895680630292788,0.15799643819703657,0.11768279168329954
phase0_tf_confirm_top_len158_extra,tox21_ahr,exact_20x,exact,20,263,655,64,591,-0.1855789481196552,-0.007545737773432138,-0.17803321034622305,0.59375,0.8121827411167513,0.013441474119711971,0.013532835290354804,0.013532835290354804,2,-0.12059474291493436,0.013061892618625968,0.015907003127912128
phase0_tf_confirm_top_len158_extra,tox21_ahr,random_1x,random,1,61,655,64,591,0.14494987344369292,-0.0031343069173357797,0.1480841803610287,0.59375,0.18781725888324874,0.06387471179792052,0.08517746877061504,0.08517746877061504,2,0.15326212554328555,0.05554195149774635,0.042089050168135134
phase0_tf_confirm_top_len158_extra,tox21_ahr,random_1x,random,1,73,655,64,591,0.010541076306253665,-0.00638480638287798,0.016925882689131644,0.640625,0.7241962774957699,0.009032376063801917,0.01615084518460794,0.01615084518460794,2,-0.20400700210270595,-0.003939549692235637,0.002565384799285725
phase0_tf_confirm_top_len158_extra,tox21_ahr,random_1x,random,1,89,655,64,591,0.0004850374534726143,0.0005922397179450282,-0.00010720226447241395,0.484375,0.43824027072758037,0.017430389781794984,0.022483027757998684,0.022483027757998684,2,0.0055400261627084595,0.003369262764501328,0.004133942163598723
phase0_tf_confirm_top_len158_extra,tox21_ahr,random_1x,random,1,107,655,64,591,0.08289903728291394,0.0020354280717885228,0.08086360921112541,0.671875,0.7038917089678511,-0.024877494981239395,-0.034444465507530136,-0.034444465507530136,2,0.12989962249033013,0.15025182228361195,0.03719010997133379
phase0_tf_confirm_top_len158_extra,tox21_ahr,random_1x,random,1,131,655,64,591,-0.008413192816078663,-0.00270907033720194,-0.005704122478876723,0.359375,0.5126903553299492,0.005364351852427743,0.00858106174221839,0.00858106174221839,2,-0.011050233062728627,-0.01841090661079131,-0.018063743670094407
phase0_tf_confirm_top_len158_extra,tox21_ahr,random_1x,random,1,149,655,64,591,0.03686041384935377,0.005343635725692647,0.031516778123661125,0.5625,0.6023688663282571,-0.0012442118148237695,-0.003505910176829988,-0.003505910176829988,2,-0.002857114768282938,0.0036312818735587294,0.0003563809271438685
phase0_tf_confirm_top_len158_extra,tox21_ahr,random_1x,random,1,167,655,64,591,0.1345212472951971,0.026506294031484075,0.10801495326371302,0.359375,0.1505922165820643,-0.02380620275421963,-0.1560629616993579,-0.1560629616993579,2,0.11943541804735125,-0.04098096077000482,0.026510871633160626
phase0_tf_confirm_top_len158_extra,tox21_ahr,random_1x,random,1,181,655,64,591,-0.024823730345815448,-0.015273530017300911,-0.009550200328514537,0.671875,0.8087986463620981,0.08703320086159003,0.12659704001295372,0.12659704001295372,2,0.11310781558026925,0.010208377733819052,0.007326137586384368
phase0_tf_confirm_top_len158_extra,tox21_ahr,random_1x,random,1,199,655,64,591,0.23635118373204023,0.06007742337163935,0.17627376036040088,0.40625,0.19796954314720813,-0.04588915300790841,-0.17869429443622575,-0.17869429443622575,2,0.04693072478487054,0.032432664453412946,0.03978952295985916
phase0_tf_confirm_top_len158_extra,tox21_ahr,random_1x,random,1,223,655,64,591,0.29951603343943134,0.029376304621749918,0.27013972881768145,0.421875,0.23181049069373943,0.04885743717991095,0.10681497305302609,0.10681497305302609,2,0.06944617505111245,-0.10950556056408933,-0.08629121580340407
phase0_tf_confirm_top_len158_extra,tox21_ahr,random_1x,random,1,241,655,64,591,0.09945911820977929,-0.0050754449290874235,0.10453456313886672,0.703125,0.7021996615905245,0.03477441289108729,0.05567066817972992,0.05567066817972992,2,-0.07234902742323535,0.044566819572353644,0.03615957231663558
phase0_tf_confirm_top_len158_extra,tox21_ahr,random_1x,random,1,263,655,64,591,-0.08382365875877436,-0.00606665569916997,-0.07775700305960438,0.328125,0.4890016920473773,-0.008728515577823698,-0.0016575494981202425,-0.0016575494981202425,2,0.2758334792040245,0.022275494257566177,0.014505635868818284
phase0_tf_confirm_top_len158_extra,tox21_are,exact_20x,exact,20,61,584,64,520,-0.11542018549516797,0.017968140771755802,-0.13338832626692376,0.453125,0.5923076923076923,-0.07575333014552843,-0.07243720354348583,-0.07243720354348583,2,-0.009352389959475127,-0.1095777062586621,-0.0841718751823276
phase0_tf_confirm_top_len158_extra,tox21_are,exact_20x,exact,20,73,584,64,520,0.0037445072084665238,-0.0023771226406097373,0.006121629849076261,0.578125,0.6115384615384616,0.01215189478373456,0.01790004337800071,0.01790004337800071,2,0.0013312905811919441,0.02336493802901643,0.01282320725049188
phase0_tf_confirm_top_len158_extra,tox21_are,exact_20x,exact,20,89,584,64,520,-0.024890647735446678,-0.012884560055457626,-0.012006087679989052,0.484375,0.6557692307692308,-0.019573295836899596,0.026998506579548123,0.026998506579548123,2,0.0028879423840687847,0.01076694256574898,0.007057567407158849
phase0_tf_confirm_top_len158_extra,tox21_are,exact_20x,exact,20,107,584,64,520,-0.015845904126763347,0.009657796071125916,-0.025503700197889265,0.53125,0.6461538461538462,0.017704030849219565,0.010319482350906177,0.010319482350906177,2,0.015974703144568655,0.02679238008273827,0.027509561582684278
phase0_tf_confirm_top_len158_extra,tox21_are,exact_20x,exact,20,131,584,64,520,-0.09626091457903384,0.01700751300041492,-0.11326842757944876,0.40625,0.5,-0.022680530585928005,-0.06879005040359365,-0.06879005040359365,2,-0.1141082486209388,-0.06948893799006448,-0.01949152988539648
phase0_tf_confirm_top_len158_extra,tox21_are,exact_20x,exact,20,149,584,64,520,0.01400268543511626,0.0038340708384147024,0.010168614596701557,0.53125,0.4653846153846154,0.02150663721532789,0.021657974320044217,0.021657974320044217,2,-0.07666533000480671,0.03599171372601291,-0.014686031582973741
phase0_tf_confirm_top_len158_extra,tox21_are,exact_20x,exact,20,167,584,64,520,-0.02118053194135428,0.002562373991195969,-0.02374290593255025,0.515625,0.7673076923076924,0.009809019274511652,0.009507713997020169,0.009507713997020169,2,-0.018284540143437115,-0.0019093435656811625,0.005015774025281604
phase0_tf_confirm_top_len158_extra,tox21_are,exact_20x,exact,20,181,584,64,520,-0.03334957337938248,0.00029088694315690774,-0.03364046032253939,0.46875,0.6961538461538461,0.008493454318067015,0.004943329066672667,0.004943329066672667,2,-0.041479058549381234,0.022531867794856258,0.005555594589108329
phase0_tf_confirm_top_len158_extra,tox21_are,exact_20x,exact,20,199,584,64,520,-0.0015083053149282787,-0.0024122233574207065,0.0009039180424924278,0.578125,0.7038461538461539,0.028843507020606816,0.04128792526323228,0.04128792526323228,2,0.0200585301607274,0.04768435212548125,0.023230972941361398
phase0_tf_confirm_top_len158_extra,tox21_are,exact_20x,exact,20,223,584,64,520,0.09363899752497673,-0.011772850900888449,0.10541184842586518,0.5,0.1346153846153846,0.0053376094966920695,-0.005263874155806973,-0.005263874155806973,2,-0.020923994338283153,-0.0032252636625544062,0.004879266794895504
phase0_tf_confirm_top_len158_extra,tox21_are,exact_20x,exact,20,241,584,64,520,0.20228581316769123,0.0007969131263402741,0.20148890004135095,0.46875,0.3769230769230769,0.05060977204791416,0.05075964177293438,0.05075964177293438,2,0.07867656753470118,0.1307365557045809,0.09638776864998166
phase0_tf_confirm_top_len158_extra,tox21_are,exact_20x,exact,20,263,584,64,520,0.015236699488014004,0.011612691730260851,0.003624007757753152,0.484375,0.36538461538461536,0.03196321977553779,0.005983425960313161,0.005983425960313161,2,-0.052907893949976324,0.0043718146385400055,0.02251056596786305
phase0_tf_confirm_top_len158_extra,tox21_are,random_1x,random,1,61,584,64,520,0.048982077743858085,-0.013901703747419215,0.0628837814912773,0.53125,0.5980769230769231,0.037369993035947,0.049923319382859106,0.049923319382859106,2,-0.039839953606804965,-0.07933786778025084,-0.019800023581537
phase0_tf_confirm_top_len158_extra,tox21_are,random_1x,random,1,73,584,64,520,0.013946022838354112,0.0011881494178221784,0.012757873420531933,0.5625,0.6846153846153846,-0.0017902760785632188,0.012899418429031471,0.012899418429031471,2,-0.020879225662121408,-0.015532532710950455,-0.014564110764526239
phase0_tf_confirm_top_len158_extra,tox21_are,random_1x,random,1,89,584,64,520,0.001119138672947897,-0.0011339081594577264,0.0022530468324056235,0.515625,0.5461538461538461,-0.002174062232935422,-0.0036177323455666146,-0.0036177323455666146,2,0.01282933269842314,0.025421923675298056,0.021943385304618573
phase0_tf_confirm_top_len158_extra,tox21_are,random_1x,random,1,107,584,64,520,0.0052287299185991044,0.0024768874622308297,0.0027518424563682748,0.453125,0.34807692307692306,-0.001719406731257006,-0.007921111325805036,-0.007921111325805036,2,0.013556452511021704,0.006216519430361578,0.008421946160736507
phase0_tf_confirm_top_len158_extra,tox21_are,stereo_5x,stereo,5,61,584,64,520,0.007422171067446437,0.030985684062425908,-0.02356351299497947,0.484375,0.4173076923076923,-0.07045671861094399,-0.0480274930340494,-0.0480274930340494,2,0.05290748730946615,-0.12738484622613827,-0.1245867809429238
phase0_tf_confirm_top_len158_extra,tox21_are,stereo_5x,stereo,5,73,584,64,520,-0.124733044533059,-0.0359475328372075,-0.0887855116958515,0.578125,0.7461538461538462,0.0005850511033252404,0.05119657027023424,0.05119657027023424,2,-0.09858772891860168,0.03466557747745826,-0.012431596530589662
phase0_tf_confirm_top_len158_extra,tox21_are,stereo_5x,stereo,5,89,584,64,520,-0.030628004111349572,-0.010907770750614311,-0.01972023336073526,0.453125,0.6403846153846153,-0.038581573370205846,0.00515080392565373,0.00515080392565373,2,0.018119353184906355,0.014921675767790488,-0.00036408438423155
phase0_tf_confirm_top_len158_extra,tox21_are,stereo_5x,stereo,5,107,584,64,520,-0.01888350956141948,0.0033515222943746124,-0.02223503185579409,0.46875,0.425,-0.008666901285121292,-0.017389964602969498,-0.017389964602969498,2,-0.021251395903527735,-0.00765083709138107,-0.003639405954957778
phase0_tf_confirm_top_len158_extra,tox21_mmp,exact_1x,exact,1,61,582,64,518,-0.0396392564289272,0.038983550656256076,-0.07862280708518327,0.59375,0.8223938223938224,0.03845842596110116,0.05857668364046145,0.05857668364046145,2,-0.13690817809724842,0.06860518942940386,0.052582884832374444
phase0_tf_confirm_top_len158_extra,tox21_mmp,exact_1x,exact,1,73,582,64,518,-0.1443236893974245,0.02082647291159538,-0.16515016230901985,0.28125,0.5405405405405406,-0.01265483524716915,-0.052249559071086527,-0.052249559071086527,2,-0.16336675666085657,-0.07721329223947611,-0.0251830486325526
phase0_tf_confirm_top_len158_extra,tox21_mmp,exact_1x,exact,1,89,582,64,518,-0.025849945377558473,-0.005117976757550333,-0.02073196862000814,0.53125,0.6698841698841699,-0.042837768592617814,-0.06125604851159942,-0.06125604851159942,2,-0.05517107777434138,-0.01326005660997017,0.01083473259010502
phase0_tf_confirm_top_len158_extra,tox21_mmp,exact_1x,exact,1,107,582,64,518,0.007305693347007027,0.0063875103549147225,0.0009181829920923042,0.609375,0.5463320463320464,0.014677499492554626,0.016777331331558298,0.016777331331558298,2,0.0023801774451775127,0.03437804918158205,0.02505942831177054
phase0_tf_confirm_top_len158_extra,tox21_mmp,exact_1x,exact,1,131,582,64,518,0.12187215744052084,-0.025814479598092292,0.14768663703861312,0.609375,0.4362934362934363,0.03963380561629112,0.06457961021461157,0.06457961021461157,2,0.07570379707129837,0.05563813302399627,-0.021300443583534973
phase0_tf_confirm_top_len158_extra,tox21_mmp,exact_1x,exact,1,149,582,64,518,0.09752205107361078,0.027642012678057992,0.06988003839555279,0.734375,0.7818532818532818,0.032918251809360644,0.05386839087518081,0.05386839087518081,2,-0.003515085093964712,-0.10870011003047092,-0.06817905150834319
phase0_tf_confirm_top_len158_extra,tox21_mmp,exact_1x,exact,1,167,582,64,518,-0.1114387430716306,0.0057122829337838054,-0.1171510260054144,0.359375,0.4034749034749035,-0.038856813565948445,-0.1203870312865369,-0.1203870312865369,2,-0.058739203624391355,-0.01859050267590348,0.014059907639447186
phase0_tf_confirm_top_len158_extra,tox21_mmp,exact_1x,exact,1,181,582,64,518,-0.009063230827450731,-0.0063322614518832076,-0.002730969375567524,0.546875,0.6158301158301158,0.019003803553271116,0.022589624803306105,0.022589624803306105,2,0.008671133958781337,0.05164286096826465,0.025439639322751763
phase0_tf_confirm_top_len158_extra,tox21_mmp,exact_1x,exact,1,199,582,64,518,-0.05893835611641406,0.005466984764719561,-0.06440534088113363,0.34375,0.3281853281853282,0.0019100836519043707,-0.020579885394181326,-0.020579885394181326,2,-0.0378025764227273,0.0316541892692331,-0.00015853052013936608
phase0_tf_confirm_top_len158_extra,tox21_mmp,exact_1x,exact,1,223,582,64,518,0.04352819453924895,0.013410278901630384,0.030117915637618564,0.4375,0.5984555984555985,0.010488880231388109,-0.02458820600451283,-0.02458820600451283,2,0.06566010631034765,0.0068359689928675985,0.028276548706429566
phase0_tf_confirm_top_len158_extra,tox21_mmp,exact_1x,exact,1,241,582,64,518,-0.13670056476257744,0.0177127052112896,-0.15441326997386703,0.28125,0.28957528957528955,-0.051089876091887754,-0.17173645480701683,-0.17173645480701683,2,-0.0622532047424825,-0.01587460791970069,-0.03174960565299134
phase0_tf_confirm_top_len158_extra,tox21_mmp,exact_1x,exact,1,263,582,64,518,0.16719744773581624,0.0014854731707039078,0.16571197456511233,0.71875,0.696911196911197,0.034968875804817404,-0.005982843331105228,-0.005982843331105228,2,0.13794378019171735,-0.010435774139481165,0.0004425776836301104
phase0_tf_confirm_top_len158_extra,tox21_mmp,parent_1x,parent,1,61,582,64,518,0.014126928523182857,0.03218424682681625,-0.018057318303633392,0.609375,0.7837837837837838,-0.012459780173627824,-0.013410926028788916,-0.013410926028788916,2,-0.07634268931569856,-0.003382420239846518,0.001664678697645458
phase0_tf_confirm_top_len158_extra,tox21_mmp,parent_1x,parent,1,73,582,64,518,0.07527234009467065,-0.03611624784566259,0.11138858794033324,0.75,0.7355212355212355,0.07270771148185129,0.10537277850483895,0.10537277850483895,2,0.11317199358849654,0.08040904533644937,0.06017949809646784
phase0_tf_confirm_top_len158_extra,tox21_mmp,parent_1x,parent,1,89,582,64,518,0.02275736490264535,0.0008202485136083637,0.021937116389036986,0.546875,0.4247104247104247,0.0264944461926423,0.03085242411497541,0.03085242411497541,2,-0.012501992765296257,0.07884841601660467,0.08016694737536513
phase0_tf_confirm_top_len158_extra,tox21_mmp,parent_1x,parent,1,107,582,64,518,-0.007529472932219488,0.004919336281688058,-0.012448809213907546,0.546875,0.5637065637065637,0.011851190592641149,0.006733440785119723,0.006733440785119723,2,-0.010986814760822337,0.02433415863514347,0.022233119411857065
phase0_tf_confirm_top_len158_extra,tox21_mmp,parent_1x,parent,1,131,582,64,518,0.21808463090565056,-0.04525425674889999,0.26333888765455055,0.703125,0.38803088803088803,0.16394794190184908,0.20948519957594616,0.20948519957594616,2,0.1913560476872358,0.20054372238533086,0.10301369270202299
phase0_tf_confirm_top_len158_extra,tox21_mmp,parent_1x,parent,1,149,582,64,518,0.016099648550152793,0.0019395868060211401,0.014160061744131652,0.65625,0.5694980694980695,0.00940179513959958,0.0156502355358806,0.0156502355358806,2,-0.05923506174538585,-0.14691826536977112,-0.09169550817810426
phase0_tf_confirm_top_len158_extra,tox21_mmp,parent_1x,parent,1,167,582,64,518,-0.05942811630666257,0.013359105667552433,-0.072787221974215,0.25,0.2413127413127413,-0.04766684866068188,-0.2012136591727712,-0.2012136591727712,2,-0.014375399593191958,-0.09941713056213779,0.005249872544713749
phase0_tf_confirm_top_len158_extra,tox21_mmp,parent_1x,parent,1,181,582,64,518,0.017397746909409786,-0.008453264084561908,0.025851010993971694,0.546875,0.416988416988417,0.019167082934751816,0.027283446269383494,0.027283446269383494,2,0.037253114328320555,0.05633668243434204,0.025602918704232463
phase0_tf_confirm_top_len158_extra,tox21_mmp,parent_1x,parent,1,199,582,64,518,0.006101622479036472,-0.009210573343926881,0.015312195822963354,0.328125,0.1525096525096525,-0.005315858036584076,-0.04434279362330982,-0.04434279362330982,2,0.04191496028136968,0.007891281040104607,-0.0073844722086278125
phase0_tf_confirm_top_len158_extra,tox21_mmp,parent_1x,parent,1,223,582,64,518,0.041308727115392685,0.04056275575547605,0.0007459713599166362,0.421875,0.33783783783783783,0.02784770006343612,-0.056233691078038064,-0.056233691078038064,2,0.03628816203264572,-0.024809516080657637,0.04563536853847758
phase0_tf_confirm_top_len158_extra,tox21_mmp,parent_1x,parent,1,241,582,64,518,-0.08075951668433846,0.03524974201406751,-0.11600925869840598,0.296875,0.29343629343629346,-0.010600559471915072,-0.16838182619877168,-0.16838182619877168,2,-0.02384919346702144,-0.012519979311455542,0.00873971096698134
phase0_tf_confirm_top_len158_extra,tox21_mmp,parent_1x,parent,1,263,582,64,518,0.17999906511977315,0.005497982775842823,0.17450108234393033,0.703125,0.7084942084942085,0.04649367815267277,0.013664967188448028,0.013664967188448028,2,0.14673288797053535,0.009212036380072092,0.011967380031485474
phase0_tf_confirm_top_len158_extra,tox21_mmp,random_5x,random,5,61,582,64,518,0.08520332863554357,0.027090125159867483,0.058113203475676084,0.65625,0.750965250965251,0.013667100820516476,0.04847442571593195,0.04847442571593195,2,0.07645388410164182,0.009961446020737938,-0.006346254782912564
phase0_tf_confirm_top_len158_extra,tox21_mmp,random_5x,random,5,73,582,64,518,-0.16740357736125588,0.022336894423344886,-0.18974047178460077,0.25,0.42084942084942084,0.0020356420987093227,-0.0818442647512552,-0.0818442647512552,2,-0.16833787282540472,-0.08308812448294779,0.010801963048902925
phase0_tf_confirm_top_len158_extra,tox21_mmp,random_5x,random,5,89,582,64,518,-0.08315160451456906,0.011311997893234014,-0.09446360240780308,0.40625,0.5521235521235521,-0.013487859526198936,-0.023722547817886686,-0.023722547817886686,2,-0.10016940796611162,0.004375311083402906,-0.0013663010602941415
phase0_tf_confirm_top_len158_extra,tox21_mmp,random_5x,random,5,107,582,64,518,0.033766549080610254,0.0012902463840241617,0.03247630269658609,0.765625,0.6718146718146718,0.013917855233337717,0.024263418352107755,0.024263418352107755,2,0.03289979067900752,0.022979086263717557,0.015523890517773777
phase0_tf_confirm_top_len158_extra,tox21_mmp,stereo_20x,stereo,20,61,582,64,518,-0.05350556597113609,0.030787859759275518,-0.08429342573041161,0.5625,0.8166023166023166,0.014452505516915537,0.024430279311694364,0.024430279311694364,2,-0.1048892784511318,-0.030193209118346574,-0.013772909618271855
phase0_tf_confirm_top_len158_extra,tox21_mmp,stereo_20x,stereo,20,73,582,64,518,-0.08714572479948403,0.019228059122461158,-0.10637378392194519,0.28125,0.3764478764478765,-0.011277955427166808,-0.0705399139052651,-0.0705399139052651,2,0.009866892917506018,-0.03316758078350433,-0.022385452001833728
phase0_tf_confirm_top_len158_extra,tox21_mmp,stereo_20x,stereo,20,89,582,64,518,-0.03363153571262953,-0.01209365182401591,-0.02153788388861362,0.375,0.3281853281853282,0.01771573302910419,0.005125638401356596,0.005125638401356596,2,0.026738248954250234,0.0513366922090637,0.0486977710872358
phase0_tf_confirm_top_len158_extra,tox21_mmp,stereo_20x,stereo,20,107,582,64,518,0.00027407333254811893,0.007230252660379445,-0.006956179327831326,0.59375,0.49613899613899615,-0.00870314398449052,-0.01793308006645988,-0.01793308006645988,2,-0.1239212917120818,-0.14859487864860102,-0.06402990720868645
phase0_tf_mmp_aff128_isolated,tox21_mmp,exact_1x,exact,1,307,582,128,454,-0.08390668546780947,0.010480798666041327,-0.0943874841338508,0.5078125,0.5,0.004747714746832277,0.001461288568326829,-0.002572700834948035,2,0.027568380436080467,0.01979798060358645,0.010888279549539026
phase0_tf_mmp_aff128_isolated,tox21_mmp,exact_1x,exact,1,331,582,128,454,-0.08189777296502143,-0.02010057978167933,-0.061797193183342106,0.375,0.513215859030837,-0.04787486914670511,-0.05704331221896926,-0.06703532799646084,2,-0.013762270088106529,-0.0098453472275776,-0.008476615872868118
phase0_tf_mmp_aff128_isolated,tox21_mmp,exact_1x,exact,1,353,582,128,454,0.01067630015313625,0.021859179296026147,-0.011182879142889898,0.4140625,0.30837004405286345,-0.026650118473725615,-0.05527550495866728,-0.0833333535655526,2,0.043403998207832195,-0.033720060895879124,-0.018789543587073576
phase0_tf_mmp_aff128_isolated,tox21_mmp,exact_1x,exact,1,379,582,128,454,-0.029748658183962096,0.01127645210875814,-0.04102511029272024,0.3671875,0.4669603524229075,-0.045874880295452086,-0.06408755319226597,-0.09546185127433791,2,0.044923764174508704,-0.033668233657251176,-0.033050234654726646
phase0_tf_mmp_aff128_isolated,tox21_mmp,exact_1x,exact,1,401,582,128,454,0.01656096428632737,0.018465542648857386,-0.001904578362530017,0.609375,0.5066079295154186,-0.008909315111101462,-0.010419274671699485,-0.015651658987337166,2,-0.01649346602834464,-0.006445090340437175,-0.007549140510495017
phase0_tf_mmp_aff128_isolated,tox21_mmp,exact_1x,exact,1,421,582,128,454,-0.0537804716732353,-0.027521614132998806,-0.02625885754023649,0.4375,0.4581497797356828,0.014380066651243181,0.012977853756867523,0.01086812613001545,2,0.019370247240153696,0.022423087822218447,0.024589182397815032
phase0_tf_mmp_aff128_isolated,tox21_mmp,exact_1x,exact,1,443,582,128,454,-0.14550166216213256,0.017824718900976727,-0.1633263810631093,0.65625,0.8171806167400881,-0.03365186571077694,-0.06293304063432127,-0.13144822049326457,2,-0.11954263536903663,-0.06503241489963463,-0.033044014402128064
phase0_tf_mmp_aff128_isolated,tox21_mmp,exact_1x,exact,1,467,582,128,454,-0.01372257201001049,0.04897113984639424,-0.06269371185640474,0.640625,0.724669603524229,0.03643908342306468,0.018497428214286814,-0.01747893756485399,2,0.006665038659302944,0.07907152754412303,0.06227624146327615
phase0_tf_mmp_aff128_isolated,tox21_mmp,exact_1x,exact,1,491,582,128,454,0.021186412894167,0.019271006143040594,0.0019154067511264056,0.4609375,0.48237885462555063,-0.012199054514610577,-0.006701093452210383,-0.011605425373111152,2,-0.0009622277721705232,-0.040273271895991676,-0.03488875836575432
phase0_tf_mmp_aff128_isolated,tox21_mmp,exact_1x,exact,1,509,582,128,454,-0.0030934384558349865,0.010170410645690789,-0.013263849101525775,0.5390625,0.5814977973568282,-0.015316524722810941,-0.022108527303883088,-0.03585612867634784,2,0.02471328338829694,0.047991604635556406,0.033276985863321375
phase0_tf_mmp_aff128_isolated,tox21_mmp,exact_1x,exact,1,541,582,128,454,-0.061985772335901856,-0.008023122038347607,-0.053962650297554246,0.46875,0.4933920704845815,0.0262103026290208,0.04016150559859301,0.06014574263788676,2,-0.1270774771389654,-0.002625370953547951,-0.006182210536561192
phase0_tf_mmp_aff128_isolated,tox21_mmp,exact_1x,exact,1,563,582,128,454,-0.027295090956613435,-0.004049203288843978,-0.023245887667769458,0.265625,0.2665198237885463,-0.03390457268104202,-0.051058455990805954,-0.04381022602175132,2,0.03748785450619683,-0.0073255570203032555,-0.012616899858207353
phase0_tf_mmp_aff128_isolated,tox21_mmp,parent_1x,parent,1,307,582,128,454,-0.0868185056024231,-0.005617750915267914,-0.0812007546871552,0.6484375,0.788546255506608,-0.019957335206854207,-0.01756886358872479,-0.013685921957580942,2,0.04075510988277607,0.0007678284465348316,-0.013816770404147458
phase0_tf_mmp_aff128_isolated,tox21_mmp,parent_1x,parent,1,331,582,128,454,-0.14959399309009314,-0.0125357616971768,-0.13705823139291634,0.53125,0.76431718061674,-0.03242573873086613,-0.039420252367563496,-0.061905978195469,2,-0.08902330829768076,0.007777712623828162,0.006972514542970862
phase0_tf_mmp_aff128_isolated,tox21_mmp,parent_1x,parent,1,353,582,128,454,-0.07965839526150376,0.014273297287819144,-0.0939316925493229,0.328125,0.3964757709251101,-0.04099870504310282,-0.07313687879544564,-0.11901241238581692,2,-0.03934481519860081,-0.051581434732657486,-0.033138130156450785
phase0_tf_mmp_aff128_isolated,tox21_mmp,parent_1x,parent,1,379,582,128,454,-0.08805561251938343,-0.01690714276243936,-0.07114846975694407,0.359375,0.3370044052863436,0.0044192209185780484,-0.003392922506006096,-0.0016034940781834961,2,0.014800404710284876,0.0270263970290087,0.01724386655930349
phase0_tf_mmp_aff128_isolated,tox21_mmp,parent_1x,parent,1,401,582,128,454,0.024124961055349566,0.018264038906748596,0.005860922148600969,0.6953125,0.6013215859030837,-0.01629399745173288,-0.024999834978217176,-0.04684231279592638,2,-0.008727965517213655,-0.021025650646954865,-0.014933822851126436
phase0_tf_mmp_aff128_isolated,tox21_mmp,parent_1x,parent,1,421,582,128,454,-0.0097138243727386,-0.010614643012899659,0.000900818640161059,0.375,0.3788546255506608,-0.004328446540239651,-0.001722878331544637,0.006636928710778785,2,0.04652992342055125,0.007722355733806289,0.005880669206332199
phase0_tf_mmp_aff128_isolated,tox21_mmp,parent_1x,parent,1,443,582,128,454,-0.08820284862304105,0.004010993453965315,-0.09221384207700636,0.578125,0.762114537444934,-0.03443077721171245,-0.05202664376498781,-0.10180021092630578,2,-0.048430096382933704,-0.054126018030301155,-0.03382292590306357
phase0_tf_mmp_aff128_isolated,tox21_mmp,parent_1x,parent,1,467,582,128,454,-0.002303391927853223,-0.0031398843301025264,0.0008364924022493032,0.34375,0.22026431718061673,-0.01183352547607841,-0.0275697097031369,-0.058946685960179206,2,0.07019524291795698,0.033004389626699306,0.014003632564133062
phase0_tf_mmp_aff128_isolated,tox21_mmp,parent_1x,parent,1,491,582,128,454,0.07115752005483955,0.003365047193965201,0.06779247286087435,0.640625,0.6101321585903083,0.0879741263059945,0.11036786819683533,0.15148766553318227,2,0.06491483833757743,0.07679568975305404,0.06528442245485075
phase0_tf_mmp_aff128_isolated,tox21_mmp,parent_1x,parent,1,509,582,128,454,-0.03165920148603618,0.004651206508607071,-0.03631040799464325,0.3828125,0.27312775330396477,-0.025811462048423023,-0.047383969631086334,-0.07532506349132026,2,0.0016667244951794613,0.02271616230835316,0.022782048537709293
phase0_tf_mmp_aff128_isolated,tox21_mmp,parent_1x,parent,1,541,582,128,454,0.01801696338225156,0.006710112915427678,0.011306850466823882,0.75,0.8171806167400881,0.03966571346296729,0.05494160970817109,0.10139200524743974,2,-0.06180797637458728,0.012154733156030127,0.0072732002973852974
phase0_tf_mmp_aff128_isolated,tox21_mmp,parent_1x,parent,1,563,582,128,454,-0.060974774067290134,-0.0036640303939712163,-0.05731074367331892,0.4921875,0.6519823788546255,-0.042686484991286786,-0.05454470037684007,-0.08316937684704358,2,0.0034229985006473673,-0.01081180140633737,-0.021398812168452117
phase0_tf_mmp_stereo_changed_aff128_d20,tox21_mmp,exact_20x,exact,20,307,582,128,454,-0.06694564421195537,-0.01405376760444978,-0.05289187660750559,0.6875,0.6431718061674009,-0.04465726079218647,-0.05530145944416983,-0.01946152125626643,2,-0.06255938061297613,-0.0936686545443774,-0.07051329006354835
phase0_tf_mmp_stereo_changed_aff128_d20,tox21_mmp,exact_20x,exact,20,331,582,128,454,-0.012831881642341614,-0.0058692990092454,-0.006962582633096214,0.6796875,0.6585903083700441,-0.0005885308541235465,-0.005168418826430021,0.03267943752161826,2,-0.03727044997786045,-0.044503297305276475,-0.03143011699416066
phase0_tf_mmp_stereo_changed_aff128_d20,tox21_mmp,exact_20x,exact,20,353,582,128,454,-0.05632820818573237,-0.008559478455046728,-0.04776872973068565,0.1953125,0.3392070484581498,-0.04584339679009518,-0.03326752640329818,-0.02176026682989926,2,0.040937862338473616,0.02847082937680949,0.02381721206284669
phase0_tf_mmp_stereo_changed_aff128_d20,tox21_mmp,exact_20x,exact,20,379,582,128,454,0.03439863561652601,-0.008868769467664715,0.04326740508419072,0.4375,0.4185022026431718,0.018780990837296382,0.02882629901314864,-0.05019427537656361,2,0.0506058522153416,0.048135508242835155,0.05128179657617053
phase0_tf_mmp_stereo_changed_aff128_d20,tox21_mmp,exact_20x,exact,20,401,582,128,454,-0.017857098020613204,0.0005445880446139975,-0.018401686065227203,0.4140625,0.44052863436123346,-0.018130317746067548,-0.012028176252698329,0.17700905723467822,2,-0.0034417714092814973,-0.005926267683736082,0.01274346870054166
phase0_tf_mmp_stereo_changed_aff128_d20,tox21_mmp,exact_20x,exact,20,421,582,128,454,0.045925485668703914,-1.6930738734782767e-05,0.045942416407438694,0.4140625,0.34140969162995594,0.02326990060154112,0.0617396129656256,-0.020374720727670076,2,-0.019219900078308413,0.00652213128418052,-0.014475864796894167
phase0_tf_mmp_stereo_changed_aff128_d20,tox21_mmp,exact_20x,exact,20,443,582,128,454,0.03308564145117998,-0.025043662391307595,0.05812930384248757,0.75,0.6806167400881057,0.08865260598507618,0.06217205631903544,0.04602614428968349,2,0.05025575400149605,0.05499361375217891,0.04444989902340102
phase0_tf_mmp_stereo_changed_aff128_d20,tox21_mmp,exact_20x,exact,20,467,582,128,454,0.04040932934731245,0.0037074836734107947,0.036701845673901654,0.3046875,0.27973568281938327,0.03195848411522276,0.08231004129092548,-0.09742030289064461,2,0.020835865951565783,0.02601715299897478,0.025172988786136524
phase0_tf_mmp_stereo_changed_aff128_d20,tox21_mmp,exact_20x,exact,20,491,582,128,454,-0.000722318189218636,0.05616513641329588,-0.056887454602514514,0.421875,0.31277533039647576,-0.052234793152710374,-0.016659107804540926,-0.15587765179953636,2,-0.03630095812397709,-0.019641930347833764,-0.02004472211378769
phase0_tf_mmp_stereo_changed_aff128_d20,tox21_mmp,exact_20x,exact,20,509,582,128,454,0.001977283507585529,-0.022042294791879108,0.024019578299464637,0.453125,0.5220264317180616,-0.050779599277830045,-0.030339032647766752,-0.06809351729880873,2,0.06273158658952309,0.0054789848994308485,-0.0030546119832000618
phase0_tf_mmp_stereo_changed_aff128_d20,tox21_mmp,exact_20x,exact,20,541,582,128,454,0.008517324225977063,-0.006502190104271349,0.015019514330248413,0.625,0.711453744493392,-0.006381747851007424,-0.004903286663951193,0.042193194430148455,2,-0.008381306189666236,-0.010584449283002567,-0.013693052308943118
phase0_tf_mmp_stereo_changed_aff128_d20,tox21_mmp,exact_20x,exact,20,563,582,128,454,0.043482582783326514,0.009807441777463524,0.03367514100586299,0.484375,0.4977973568281938,-0.03387331584083497,-0.002287319519278486,-0.15306135535872323,2,0.03847373570602732,0.041393943999199635,0.02158175380544919
phase0_tf_mmp_stereo_changed_aff128_d20,tox21_mmp,stereo_20x,stereo,20,307,582,128,454,-0.024809486931189898,0.0026955124368226455,-0.027504999368012543,0.7265625,0.6762114537444934,-0.027160318048737003,-0.028587590021163033,-0.10265605249981981,2,-0.03717250337348308,-0.0669547851213706,-0.05301634732009888
phase0_tf_mmp_stereo_changed_aff128_d20,tox21_mmp,stereo_20x,stereo,20,331,582,128,454,-0.0031280778348445927,0.008459763773737498,-0.01158784160858209,0.4296875,0.5925110132158591,-0.013318538488450354,-0.006784029696947467,-0.07130087173278869,2,-0.04189570895334632,-0.04611890817579392,-0.044160124628487465
phase0_tf_mmp_stereo_changed_aff128_d20,tox21_mmp,stereo_20x,stereo,20,353,582,128,454,-0.042169507127255215,-0.017369072670978605,-0.02480043445627661,0.1953125,0.22026431718061673,-0.04478502790121164,-0.0216787905128426,0.06185158734450845,2,0.06390615761288265,0.04005956526726506,0.02487558095173023
phase0_tf_mmp_stereo_changed_aff128_d20,tox21_mmp,stereo_20x,stereo,20,379,582,128,454,0.02783176023513079,-0.002155538812476633,0.029987299047607423,0.59375,0.6123348017621145,0.017394529885357085,0.016641415363188746,0.011691937123473993,2,0.0373257461787583,0.03595062459287526,0.049895335624231235
phase0_tf_mmp_stereo_changed_aff128_d20,tox21_mmp,stereo_20x,stereo,20,401,582,128,454,-0.029302633833140142,0.024051583450008594,-0.053354217283148736,0.1640625,0.24669603524229075,-0.028848870833185894,0.009439542554104091,-0.026138604057543497,2,-0.03839430262720303,0.015541451123066338,0.0020249156134233143
phase0_tf_mmp_stereo_changed_aff128_d20,tox21_mmp,stereo_20x,stereo,20,421,582,128,454,0.05098714376799762,-0.00811085357671267,0.059097997344710294,0.703125,0.6145374449339207,0.04486196243968219,0.056884085890938185,0.0540482868265417,2,-0.006064319141036813,0.0016666042094931055,0.007116197041246906
phase0_tf_mmp_stereo_changed_aff128_d20,tox21_mmp,stereo_20x,stereo,20,443,582,128,454,-0.03516276134178044,-0.013433815558576381,-0.021728945783204057,0.265625,0.3986784140969163,-0.008296537828997717,-0.005060534320398891,-0.00846380617876323,2,-0.029602495624195577,-0.01223897688725542,-0.05249924479067288
phase0_tf_mmp_stereo_changed_aff128_d20,tox21_mmp,stereo_20x,stereo,20,467,582,128,454,0.036016680067405105,0.008278641800523331,0.027738038266881773,0.4296875,0.3237885462555066,-0.0008028348996640122,0.03165432100410857,0.0896509587420674,2,0.011872058544545903,-0.024638567287842132,-0.007588330228750245
phase0_tf_mmp_stereo_changed_aff128_d20,tox21_mmp,stereo_20x,stereo,20,491,582,128,454,0.011316476622596387,0.04231015735588935,-0.03099368073329296,0.46875,0.36123348017621143,-0.059915831782173745,-0.01615206292571245,-0.11833297333492522,2,-0.010407184254755533,-0.019134885469005287,-0.02772576074325106
phase0_tf_mmp_stereo_changed_aff128_d20,tox21_mmp,stereo_20x,stereo,20,509,582,128,454,-0.00907707097940147,-0.007384211317295545,-0.0016928596621059245,0.46875,0.5242290748898678,-0.007986316135679114,-0.010361981657617786,0.00021215929821712543,2,0.03701914862795253,0.025456035889579814,0.03973867115895087
phase0_tf_mmp_stereo_changed_aff128_d20,tox21_mmp,stereo_20x,stereo,20,541,582,128,454,-0.017029807902872562,-0.009096199260934338,-0.007933608641938225,0.546875,0.513215859030837,-0.017177306000959194,-0.014367238941208817,0.016517438838341295,2,-0.031334429161852875,-0.02004840156026019,-0.02448861045889489
phase0_tf_mmp_stereo_changed_aff128_d20,tox21_mmp,stereo_20x,stereo,20,563,582,128,454,0.05245393118821085,-0.016134749343085394,0.06858868053129624,0.78125,0.7555066079295154,0.01828555070068605,0.028726428418199897,0.0592872533969222,2,0.07338727523146057,0.07240769193667801,0.07374062034697021
