artifact,task,condition,relation,dose,seed,n_test,n_affected,n_control,affected_delta_mean,control_delta_mean,did,affected_win_rate,control_win_rate,linear_affected_coef,did_label_adjusted,did_label_equal,n_labels_adjusted
phase0_gin_bbbp_stereo_changed_aff82_d20_lowtrain05,bbbp,decoy_20x,decoy,20,307,204,82,122,-0.04273782743186486,-0.011120995888333835,-0.031616831543531024,0.23170731707317074,0.29508196721311475,0.004924598153825177,-0.12662263640635546,-0.13631329245932974,2
phase0_gin_bbbp_stereo_changed_aff82_d20_lowtrain05,bbbp,decoy_20x,decoy,20,331,204,82,122,0.07408601890613394,0.03129410212401484,0.0427919167821191,0.7195121951219512,0.7786885245901639,0.04238421441353379,0.14275333460858153,0.16165257048582868,2
phase0_gin_bbbp_stereo_changed_aff82_d20_lowtrain05,bbbp,decoy_20x,decoy,20,353,204,82,122,-0.14051070159710036,0.0700000779794865,-0.21051077957658687,0.24390243902439024,0.4098360655737705,-0.01077251116355793,-0.12286704195372855,-0.1358256859420599,2
phase0_gin_bbbp_stereo_changed_aff82_d20_lowtrain05,bbbp,decoy_20x,decoy,20,379,204,82,122,-0.08076565649087836,-0.039575326363327064,-0.04119033012755129,0.17073170731707318,0.18032786885245902,-0.024204063041760787,-0.06844053762921543,-0.07763190006538762,2
phase0_gin_bbbp_stereo_changed_aff82_d20_lowtrain05,bbbp,decoy_20x,decoy,20,401,204,82,122,-0.053448272232965756,-0.05280494384589742,-0.0006433283870683343,0.35365853658536583,0.29508196721311475,-0.07501865275307479,-0.15885593601298043,-0.17112215730632926,2
phase0_gin_bbbp_stereo_changed_aff82_d20_lowtrain05,bbbp,decoy_20x,decoy,20,421,204,82,122,-0.1423887157494702,0.03703809842528378,-0.17942681417475398,0.18292682926829268,0.2540983606557377,-0.046194732491095625,-0.21022130313920684,-0.23125172240472466,2
phase0_gin_bbbp_stereo_changed_aff82_d20_lowtrain05,bbbp,decoy_20x,decoy,20,443,204,82,122,0.0231209132456925,0.040765230146954295,-0.017644316901261795,0.6829268292682927,0.8032786885245902,-0.003925786250484634,0.006480125251590257,0.008131668437018057,2
phase0_gin_bbbp_stereo_changed_aff82_d20_lowtrain05,bbbp,decoy_20x,decoy,20,467,204,82,122,-0.04607577594678577,-0.0042822128314463845,-0.04179356311533938,0.4268292682926829,0.6147540983606558,-0.0145994842881143,-0.04112999483871398,-0.04661646276954465,2
phase0_gin_bbbp_stereo_changed_aff82_d20_lowtrain05,bbbp,decoy_20x,decoy,20,491,204,82,122,0.23293996743130974,-0.010555756904306955,0.2434957243356167,0.7926829268292683,0.7295081967213115,0.14515009963766923,0.18005291179320876,0.19598890225388516,2
phase0_gin_bbbp_stereo_changed_aff82_d20_lowtrain05,bbbp,decoy_20x,decoy,20,509,204,82,122,-0.014485335091083512,-0.009098029374832,-0.005387305716251513,0.35365853658536583,0.4098360655737705,0.023373078521263135,0.046252370688786154,0.05339192631368406,2
phase0_gin_bbbp_stereo_changed_aff82_d20_lowtrain05,bbbp,decoy_20x,decoy,20,541,204,82,122,-0.02100197434788797,0.001029239204086237,-0.02203121355197421,0.34146341463414637,0.4426229508196721,0.0064140689143296625,-0.009196910409687701,-0.011684507427728454,2
phase0_gin_bbbp_stereo_changed_aff82_d20_lowtrain05,bbbp,decoy_20x,decoy,20,563,204,82,122,-0.0659529635818993,0.0036704649568581192,-0.06962342853875741,0.32926829268292684,0.5901639344262295,0.00903014540867042,-0.023822166120629318,-0.027272267797781267,2
phase0_gin_bbbp_stereo_changed_aff82_d20_lowtrain05,bbbp,exact_20x,exact,20,307,204,82,122,0.0331206006883848,-0.03950223743488065,0.07262283812326545,0.43902439024390244,0.319672131147541,0.05667899776522022,-0.008020644161178375,-0.010171515334686361,2
phase0_gin_bbbp_stereo_changed_aff82_d20_lowtrain05,bbbp,exact_20x,exact,20,331,204,82,122,0.0011980277372569603,0.026121248078883674,-0.024923220341626712,0.5487804878048781,0.6475409836065574,0.0038144105337775125,0.016308166388854524,0.019423499091220958,2
phase0_gin_bbbp_stereo_changed_aff82_d20_lowtrain05,bbbp,exact_20x,exact,20,353,204,82,122,-0.1212550395781674,0.07308329049436772,-0.19433833007253512,0.24390243902439024,0.4098360655737705,-0.02858182512595342,-0.14541862606561723,-0.15866669042169676,2
phase0_gin_bbbp_stereo_changed_aff82_d20_lowtrain05,bbbp,exact_20x,exact,20,379,204,82,122,-0.11391915599020516,-0.03276953885911917,-0.08114961713108598,0.18292682926829268,0.19672131147540983,-0.03602323294486573,-0.08548333941417126,-0.09584217334444324,2
phase0_gin_bbbp_stereo_changed_aff82_d20_lowtrain05,bbbp,exact_20x,exact,20,401,204,82,122,-0.061451345545853055,0.00397336318111811,-0.06542470872697116,0.24390243902439024,0.3114754098360656,-0.014669986659430034,-0.06412873084258347,-0.07021260765949919,2
phase0_gin_bbbp_stereo_changed_aff82_d20_lowtrain05,bbbp,exact_20x,exact,20,421,204,82,122,-0.09121015399876166,0.01264552285009231,-0.10385567684885397,0.21951219512195122,0.2459016393442623,-0.003693027437051355,-0.14358208728789,-0.1583918094995284,2
phase0_gin_bbbp_stereo_changed_aff82_d20_lowtrain05,bbbp,exact_20x,exact,20,443,204,82,122,-0.0025873161034613004,0.049656703518550914,-0.052244019622012215,0.3780487804878049,0.6967213114754098,0.004771095037228709,-0.04361412530188108,-0.04297441545341986,2
phase0_gin_bbbp_stereo_changed_aff82_d20_lowtrain05,bbbp,exact_20x,exact,20,467,204,82,122,-0.02392037912476354,0.0014263108128406957,-0.025346689937604232,0.3170731707317073,0.45081967213114754,0.001326745458573586,-0.013675942012031086,-0.016143202280700458,2
phase0_gin_bbbp_stereo_changed_aff82_d20_lowtrain05,bbbp,exact_20x,exact,20,491,204,82,122,0.1362172034001205,0.013089133487617382,0.12312806991250312,0.7073170731707317,0.7868852459016393,0.09144685177559286,0.1067725350166184,0.11807278267985322,2
phase0_gin_bbbp_stereo_changed_aff82_d20_lowtrain05,bbbp,exact_20x,exact,20,509,204,82,122,-0.051579286162627906,0.04965071630526763,-0.10123000246789554,0.17073170731707318,0.26229508196721313,-0.020828211234753147,-0.18139728765758492,-0.1954668505428501,2
phase0_gin_bbbp_stereo_changed_aff82_d20_lowtrain05,bbbp,exact_20x,exact,20,541,204,82,122,-0.026994037646345975,7.255888376079372e-05,-0.02706659653010677,0.25609756097560976,0.5163934426229508,-0.0004587129948679103,-0.010500700644603587,-0.012261035928765573,2
phase0_gin_bbbp_stereo_changed_aff82_d20_lowtrain05,bbbp,exact_20x,exact,20,563,204,82,122,-0.03901273793563609,-0.004361733977423343,-0.034651003958212745,0.25609756097560976,0.3114754098360656,-0.006937192081972632,-0.04514139516076728,-0.05009099863176702,2
phase0_gin_bbbp_stereo_changed_aff82_d20_lowtrain05,bbbp,random_20x,random,20,307,204,82,122,0.05203659628040907,-0.03076979702674465,0.08280639330715373,0.5853658536585366,0.45901639344262296,0.012089886809408146,0.005791419716063221,0.009326423589524648,2
phase0_gin_bbbp_stereo_changed_aff82_d20_lowtrain05,bbbp,random_20x,random,20,331,204,82,122,-0.04498753814799031,-0.01281768401138118,-0.032169854136609125,0.36585365853658536,0.5081967213114754,0.024120614806502044,0.034208867164756844,0.03689304536710403,2
phase0_gin_bbbp_stereo_changed_aff82_d20_lowtrain05,bbbp,random_20x,random,20,353,204,82,122,-0.12350246260260664,0.08297757798286735,-0.20648004058547398,0.2682926829268293,0.4098360655737705,-0.01678838467328625,-0.11557488738444238,-0.1261376243996923,2
phase0_gin_bbbp_stereo_changed_aff82_d20_lowtrain05,bbbp,random_20x,random,20,379,204,82,122,-0.04772690565484326,-0.03377813677929463,-0.013948768875548634,0.25609756097560976,0.21311475409836064,-0.011508516656225876,-0.036193259809983995,-0.041336228761698984,2
phase0_gin_bbbp_stereo_changed_aff82_d20_lowtrain05,bbbp,random_20x,random,20,401,204,82,122,-0.05822998746411832,-0.022639816764314636,-0.03559017069980368,0.5853658536585366,0.5983606557377049,-0.02874290585078563,-0.06688095819231206,-0.07522585942500704,2
phase0_gin_bbbp_stereo_changed_aff82_d20_lowtrain05,bbbp,random_20x,random,20,421,204,82,122,-0.13877892035354927,0.014720255310540314,-0.15349917566408958,0.21951219512195122,0.22131147540983606,-0.024595726834340526,-0.18572831644070203,-0.2051686713321238,2
phase0_gin_bbbp_stereo_changed_aff82_d20_lowtrain05,bbbp,random_20x,random,20,443,204,82,122,-0.1203024893908239,0.07715500509519069,-0.19745749448601457,0.21951219512195122,0.39344262295081966,0.01876640238641364,-0.15341958374332934,-0.16299598003607196,2
phase0_gin_bbbp_stereo_changed_aff82_d20_lowtrain05,bbbp,random_20x,random,20,467,204,82,122,-0.001220162867045996,-0.010440962755533521,0.009220799888487525,0.34146341463414637,0.3524590163934426,0.004616242018129784,0.002367181002030923,0.0019929340947241413,2
phase0_gin_bbbp_stereo_changed_aff82_d20_lowtrain05,bbbp,random_20x,random,20,491,204,82,122,0.16166554087000648,-0.0036535441386895086,0.165319085008696,0.7073170731707317,0.6639344262295082,0.06703400632529566,0.09742467406192755,0.109148024044038,2
phase0_gin_bbbp_stereo_changed_aff82_d20_lowtrain05,bbbp,random_20x,random,20,509,204,82,122,-0.057344440847816994,0.05890870317206031,-0.1162531440198773,0.14634146341463414,0.3114754098360656,-0.013349425317633196,-0.17669708546352933,-0.19019314810682475,2
phase0_gin_bbbp_stereo_changed_aff82_d20_lowtrain05,bbbp,random_20x,random,20,541,204,82,122,0.05676784439057839,-0.033174092011129266,0.08994193640170765,0.6463414634146342,0.38524590163934425,0.013384792575205529,0.04200046105931203,0.04706408266291336,2
phase0_gin_bbbp_stereo_changed_aff82_d20_lowtrain05,bbbp,random_20x,random,20,563,204,82,122,0.011422076058097008,-0.028040224350378163,0.03946230040847517,0.5,0.14754098360655737,0.016147845086649112,0.01149175968778327,0.011746105270924508,2
phase0_gin_bbbp_stereo_changed_aff82_d20_lowtrain05,bbbp,stereo_20x,stereo,20,307,204,82,122,-0.03858324926255681,-0.02487337190779996,-0.013709877354756851,0.24390243902439024,0.319672131147541,0.01901601153812091,-0.10664541686314426,-0.1170531627169342,2
phase0_gin_bbbp_stereo_changed_aff82_d20_lowtrain05,bbbp,stereo_20x,stereo,20,331,204,82,122,0.04433572346844324,-0.0454030626865684,0.08973878615501164,0.7560975609756098,0.5819672131147541,0.04002538383515941,0.024195941188493136,0.020368333293698124,2
phase0_gin_bbbp_stereo_changed_aff82_d20_lowtrain05,bbbp,stereo_20x,stereo,20,353,204,82,122,-0.039307027101153275,0.05190168473808493,-0.0912087118392382,0.25609756097560976,0.47540983606557374,0.0033387795745607463,-0.04314227210852014,-0.04693327325531249,2
phase0_gin_bbbp_stereo_changed_aff82_d20_lowtrain05,bbbp,stereo_20x,stereo,20,379,204,82,122,-0.043857944720401984,-0.029512866323844325,-0.014345078396557659,0.32926829268292684,0.22950819672131148,-0.008577506518572864,-0.044992158762802256,-0.05248093926481273,2
phase0_gin_bbbp_stereo_changed_aff82_d20_lowtrain05,bbbp,stereo_20x,stereo,20,401,204,82,122,-0.12322373206659061,0.001555341097419376,-0.12477907316400999,0.24390243902439024,0.3442622950819672,-0.037851890390938725,-0.11501530027505721,-0.12593298285244606,2
phase0_gin_bbbp_stereo_changed_aff82_d20_lowtrain05,bbbp,stereo_20x,stereo,20,421,204,82,122,-0.07787213201929884,0.05016082841292268,-0.1280329604322215,0.25609756097560976,0.3114754098360656,-0.03764563857965275,-0.15463217836477725,-0.1705159576053683,2
phase0_gin_bbbp_stereo_changed_aff82_d20_lowtrain05,bbbp,stereo_20x,stereo,20,443,204,82,122,-0.1378851603353169,0.06861272023715932,-0.2064978805724762,0.2073170731707317,0.319672131147541,0.021594789949789417,-0.17409472469190868,-0.18746013360465652,2
phase0_gin_bbbp_stereo_changed_aff82_d20_lowtrain05,bbbp,stereo_20x,stereo,20,467,204,82,122,-0.015432524381250883,-0.03428606765314203,0.01885354327189115,0.32926829268292684,0.36065573770491804,0.011008042161267516,0.004439891291216425,0.0029358256712490576,2
phase0_gin_bbbp_stereo_changed_aff82_d20_lowtrain05,bbbp,stereo_20x,stereo,20,491,204,82,122,0.08973040990531447,-0.035664907183314935,0.12539531708862942,0.7804878048780488,0.7540983606557377,0.12918469637728425,0.0904385234777873,0.09212333906381925,2
phase0_gin_bbbp_stereo_changed_aff82_d20_lowtrain05,bbbp,stereo_20x,stereo,20,509,204,82,122,0.030757687463447803,0.04377605404216248,-0.013018366578714673,0.45121951219512196,0.36885245901639346,-0.021791305749342828,-0.07981960507624639,-0.08272690104555573,2
phase0_gin_bbbp_stereo_changed_aff82_d20_lowtrain05,bbbp,stereo_20x,stereo,20,541,204,82,122,0.052285313265534435,0.05829528682544583,-0.006009973559911397,0.6829268292682927,0.8032786885245902,0.051223086934807094,0.1086310823589112,0.12028596219246934,2
phase0_gin_bbbp_stereo_changed_aff82_d20_lowtrain05,bbbp,stereo_20x,stereo,20,563,204,82,122,0.09106577087829754,-0.04442191130069435,0.13548768217899188,0.7073170731707317,0.5,0.03659240613695891,0.1389011124827667,0.15196956443525864,2
phase0_gru_bbbp_stereo_changed_aff82_d20_lowtrain05,bbbp,decoy_20x,decoy,20,307,204,82,122,0.0008206983528486048,-0.001600847594806401,0.002421545947655006,0.5609756097560976,0.3524590163934426,-0.001260008620621365,-0.001841513019437868,-0.0018820399895448964,2
phase0_gru_bbbp_stereo_changed_aff82_d20_lowtrain05,bbbp,decoy_20x,decoy,20,331,204,82,122,-0.1394526303813952,0.025283341219679262,-0.16473597160107445,0.2804878048780488,0.3770491803278688,-0.09537737394587975,-0.20851012427257945,-0.22927012132135471,2
phase0_gru_bbbp_stereo_changed_aff82_d20_lowtrain05,bbbp,decoy_20x,decoy,20,353,204,82,122,0.005281987940756275,0.0006966588133182618,0.004585329127438013,0.6707317073170732,0.5081967213114754,0.003792735907991822,0.006643575423446005,0.007143447220217678,2
phase0_gru_bbbp_stereo_changed_aff82_d20_lowtrain05,bbbp,decoy_20x,decoy,20,379,204,82,122,0.005174804024580036,0.00126093528309806,0.003913868741481976,0.573170731707317,0.639344262295082,-0.00031065560748406995,0.001964735218268015,0.0025346081568639644,2
phase0_gru_bbbp_stereo_changed_aff82_d20_lowtrain05,bbbp,decoy_20x,decoy,20,401,204,82,122,0.016541145651078806,0.012023930972228284,0.004517214678850521,0.7682926829268293,0.8114754098360656,0.008363356470232036,0.00928774178551244,0.011074242116326585,2
phase0_gru_bbbp_stereo_changed_aff82_d20_lowtrain05,bbbp,decoy_20x,decoy,20,421,204,82,122,0.00023842336064796234,-0.00364752405429961,0.0038859474149475722,0.4024390243902439,0.2540983606557377,0.007008114751150072,0.010708351580994655,0.011250681745322165,2
phase0_gru_bbbp_stereo_changed_aff82_d20_lowtrain05,bbbp,decoy_20x,decoy,20,443,204,82,122,-0.00022740980110516786,-0.0020673070713633415,0.0018398972702581735,0.4268292682926829,0.08196721311475409,-0.0010875652597635945,-0.0021129924871429334,-0.002394192048543992,2
phase0_gru_bbbp_stereo_changed_aff82_d20_lowtrain05,bbbp,decoy_20x,decoy,20,467,204,82,122,-0.00707841033070553,-0.0009699382773432578,-0.006108472053362272,0.4146341463414634,0.4016393442622951,0.007823934405624962,0.007640383442063964,0.0074236595179146166,2
phase0_gru_bbbp_stereo_changed_aff82_d20_lowtrain05,bbbp,decoy_20x,decoy,20,491,204,82,122,-0.002372680368219936,-0.0041370601469620325,0.0017643797787420964,0.5975609756097561,0.7131147540983607,0.018917234651660536,0.022674252181702832,0.023178839168750062,2
phase0_gru_bbbp_stereo_changed_aff82_d20_lowtrain05,bbbp,decoy_20x,decoy,20,509,204,82,122,0.0010313136593961205,0.001045160865808104,-1.3847206411983634e-05,0.5853658536585366,0.6557377049180327,0.0009525148339516766,0.006501048062332639,0.007679113926741787,2
phase0_gru_bbbp_stereo_changed_aff82_d20_lowtrain05,bbbp,decoy_20x,decoy,20,541,204,82,122,-0.0008373432679147306,0.0006953428087175831,-0.0015326860766323137,0.5609756097560976,0.5819672131147541,0.002280122341909366,0.0004124407458937502,2.2113426386851428e-05,2
phase0_gru_bbbp_stereo_changed_aff82_d20_lowtrain05,bbbp,decoy_20x,decoy,20,563,204,82,122,0.0034542576886895165,-0.0019915296207563857,0.005445787309445902,0.4878048780487805,0.22131147540983606,-0.005160452549655158,-0.0069225152907308,-0.007351380325063108,2
phase0_gru_bbbp_stereo_changed_aff82_d20_lowtrain05,bbbp,exact_20x,exact,20,307,204,82,122,0.004299712889805067,-0.00233816969223687,0.006637882582041937,0.7317073170731707,0.5327868852459017,0.007645827927826943,0.006517359321277532,0.006389729459618739,2
phase0_gru_bbbp_stereo_changed_aff82_d20_lowtrain05,bbbp,exact_20x,exact,20,331,204,82,122,0.006210974985506476,0.0028496975170784348,0.0033612774684280413,0.6463414634146342,0.7377049180327869,0.0007491212024407275,0.009097121913379755,0.010792180943909692,2
phase0_gru_bbbp_stereo_changed_aff82_d20_lowtrain05,bbbp,exact_20x,exact,20,353,204,82,122,0.0032319381106190545,-0.0037396786978743197,0.006971616808493375,0.45121951219512196,0.23770491803278687,-0.0006373249385402159,-0.0020178639080790962,-0.0021394609566192913,2
phase0_gru_bbbp_stereo_changed_aff82_d20_lowtrain05,bbbp,exact_20x,exact,20,379,204,82,122,-0.004842548290403881,-0.002215989422602729,-0.002626558867801152,0.35365853658536583,0.29508196721311475,0.0026412977744079483,-0.00043409723851827543,-0.0012297486544159885,2
phase0_gru_bbbp_stereo_changed_aff82_d20_lowtrain05,bbbp,exact_20x,exact,20,401,204,82,122,0.011309574744323408,0.007339137255168356,0.003970437489155052,0.7439024390243902,0.7540983606557377,0.00745760931732601,0.007551667445008157,0.008777087398632071,2
phase0_gru_bbbp_stereo_changed_aff82_d20_lowtrain05,bbbp,exact_20x,exact,20,421,204,82,122,0.009131841168443606,-0.0013015819484459555,0.010433423116889561,0.4024390243902439,0.3442622950819672,0.0005626479088146779,0.010036257492634421,0.011569672930157343,2
phase0_gru_bbbp_stereo_changed_aff82_d20_lowtrain05,bbbp,exact_20x,exact,20,443,204,82,122,0.001355287414498453,-0.0024499960365842676,0.0038052834510827207,0.5121951219512195,0.13934426229508196,0.002041347935610901,0.002817559117246226,0.0029569991209567313,2
phase0_gru_bbbp_stereo_changed_aff82_d20_lowtrain05,bbbp,exact_20x,exact,20,467,204,82,122,-0.0024039499552511515,0.007171798153917807,-0.009575748109168959,0.47560975609756095,0.6885245901639344,0.004197778038161092,0.009815407326136614,0.010913502793225695,2
phase0_gru_bbbp_stereo_changed_aff82_d20_lowtrain05,bbbp,exact_20x,exact,20,491,204,82,122,0.004889192707018868,3.0840976072148524e-05,0.004858351730946719,0.6097560975609756,0.5655737704918032,0.004521235996250958,0.011729450199439124,0.013250371238072808,2
phase0_gru_bbbp_stereo_changed_aff82_d20_lowtrain05,bbbp,exact_20x,exact,20,509,204,82,122,0.004142000771513796,0.00020601255361173422,0.003935988217902062,0.7439024390243902,0.7213114754098361,0.0029849740650198797,0.00212733520584488,0.0019698865601343917,2
phase0_gru_bbbp_stereo_changed_aff82_d20_lowtrain05,bbbp,exact_20x,exact,20,541,204,82,122,0.016224010325059657,0.011436916338127164,0.004787093986932493,0.8292682926829268,0.8934426229508197,0.013580467137572258,0.022557573227785923,0.02464817531301113,2
phase0_gru_bbbp_stereo_changed_aff82_d20_lowtrain05,bbbp,exact_20x,exact,20,563,204,82,122,0.0012661162763834036,0.0005887135878571732,0.0006774026885262304,0.4878048780487805,0.319672131147541,-0.011942503780276538,-0.014401027552627921,-0.015123724830869524,2
phase0_gru_bbbp_stereo_changed_aff82_d20_lowtrain05,bbbp,random_20x,random,20,307,204,82,122,-0.0010901635012975593,-0.00031657016179601063,-0.0007735933395015488,0.4024390243902439,0.639344262295082,-0.002482745784458276,-0.0011905270125455395,-0.0008584172692970638,2
phase0_gru_bbbp_stereo_changed_aff82_d20_lowtrain05,bbbp,random_20x,random,20,331,204,82,122,-0.14147435614793766,0.02608003332966664,-0.1675543894776043,0.2804878048780488,0.3770491803278688,-0.09420636503224489,-0.21391001338082732,-0.23603313974181858,2
phase0_gru_bbbp_stereo_changed_aff82_d20_lowtrain05,bbbp,random_20x,random,20,353,204,82,122,-0.009911508685568494,-0.004377462458415119,-0.005534046227153375,0.3048780487804878,0.4672131147540984,0.0036225554531570912,0.0027279057619158695,0.002467117650287444,2
phase0_gru_bbbp_stereo_changed_aff82_d20_lowtrain05,bbbp,random_20x,random,20,379,204,82,122,-0.0030053303372569165,6.730830083127359e-05,-0.00307263863808819,0.36585365853658536,0.6065573770491803,-0.0009606400579665279,-0.0022989671514902867,-0.00259441962878038,2
phase0_gru_bbbp_stereo_changed_aff82_d20_lowtrain05,bbbp,random_20x,random,20,401,204,82,122,-0.004781778992676153,0.0003154409713432417,-0.005097219964019394,0.36585365853658536,0.45901639344262296,-0.004568606171200336,-0.00931324342820526,-0.010472559201938675,2
phase0_gru_bbbp_stereo_changed_aff82_d20_lowtrain05,bbbp,random_20x,random,20,421,204,82,122,-0.008274767116257327,0.0023015382409584412,-0.010576305357215769,0.47560975609756095,0.5491803278688525,-0.001902145471557315,-0.0104044656718738,-0.012214386428587144,2
phase0_gru_bbbp_stereo_changed_aff82_d20_lowtrain05,bbbp,random_20x,random,20,443,204,82,122,0.0020948142358442586,-0.0002581288457894071,0.0023529430816336657,0.5609756097560976,0.5655737704918032,0.0016525462852368302,0.006067175105632674,0.007063743974194854,2
phase0_gru_bbbp_stereo_changed_aff82_d20_lowtrain05,bbbp,random_20x,random,20,467,204,82,122,-0.004188342792231852,-0.006336813586473952,0.0021484707942421005,0.3170731707317073,0.22131147540983606,0.006829058245417456,0.00660782696624855,0.006258179479421759,2
phase0_gru_bbbp_stereo_changed_aff82_d20_lowtrain05,bbbp,random_20x,random,20,491,204,82,122,-0.00448213173530814,-0.00201800925901434,-0.0024641224762938004,0.4634146341463415,0.6311475409836066,0.021567905449902766,0.03696587822862597,0.04014631577474026,2
phase0_gru_bbbp_stereo_changed_aff82_d20_lowtrain05,bbbp,random_20x,random,20,509,204,82,122,0.0009213795930874142,-0.00025308944407055747,0.0011744690371579716,0.7317073170731707,0.6475409836065574,0.010366134692168242,0.005272158535151931,0.00421935616021935,2
phase0_gru_bbbp_stereo_changed_aff82_d20_lowtrain05,bbbp,random_20x,random,20,541,204,82,122,0.001498084242750959,-0.003972866038074261,0.00547095028082522,0.5609756097560976,0.22950819672131148,0.00731314036941871,0.012755176947980089,0.013912412315788103,2
phase0_gru_bbbp_stereo_changed_aff82_d20_lowtrain05,bbbp,random_20x,random,20,563,204,82,122,0.0015203243166935106,-0.0026948068550497807,0.004215131171743291,0.5121951219512195,0.2540983606557377,-0.0037986697441212726,-0.0038381131830179916,-0.0039273832190004875,2
phase0_gru_bbbp_stereo_changed_aff82_d20_lowtrain05,bbbp,stereo_20x,stereo,20,307,204,82,122,0.004778949225821144,-0.002400746538502264,0.007179695764323408,0.7804878048780488,0.45081967213114754,0.007052717104893456,0.008725621617080435,0.009219753972366289,2
phase0_gru_bbbp_stereo_changed_aff82_d20_lowtrain05,bbbp,stereo_20x,stereo,20,331,204,82,122,-0.14623800851404672,0.023793502542816227,-0.17003151105686296,0.2804878048780488,0.36885245901639346,-0.08646713766322228,-0.21166536105550277,-0.2348664527570302,2
phase0_gru_bbbp_stereo_changed_aff82_d20_lowtrain05,bbbp,stereo_20x,stereo,20,353,204,82,122,0.002522511180581114,0.0004767641944230622,0.002045746986158052,0.7560975609756098,0.7049180327868853,0.0027038139694380275,-0.0005771286523345508,-0.0015297460303660484,2
phase0_gru_bbbp_stereo_changed_aff82_d20_lowtrain05,bbbp,stereo_20x,stereo,20,379,204,82,122,-0.0016735052553618732,-0.0018696335495495381,0.00019612829418766495,0.35365853658536583,0.13934426229508196,0.0006424436119039818,-0.0025083359278578877,-0.003278592841126646,2
phase0_gru_bbbp_stereo_changed_aff82_d20_lowtrain05,bbbp,stereo_20x,stereo,20,401,204,82,122,0.013655926850510806,0.012312301602519926,0.0013436252479908806,0.6219512195121951,0.860655737704918,0.002337039936436594,0.005811357172722317,0.007908115426951558,2
phase0_gru_bbbp_stereo_changed_aff82_d20_lowtrain05,bbbp,stereo_20x,stereo,20,421,204,82,122,0.007550520970054518,0.001905880334069503,0.005644640635985016,0.6829268292682927,0.4098360655737705,-0.0016544410683463177,-0.0010310153952536461,-0.0010237487933059594,2
phase0_gru_bbbp_stereo_changed_aff82_d20_lowtrain05,bbbp,stereo_20x,stereo,20,443,204,82,122,-0.003334854070733235,-0.0011366010933626005,-0.0021982529773706344,0.34146341463414637,0.1885245901639344,-0.002000096538189262,-0.006536865927669941,-0.007628797009127567,2
phase0_gru_bbbp_stereo_changed_aff82_d20_lowtrain05,bbbp,stereo_20x,stereo,20,467,204,82,122,-0.006386468959290812,0.00021093290635064058,-0.006597401865641453,0.4268292682926829,0.47540983606557374,0.002414043788179082,0.0014389913265179612,0.0009157888412677923,2
phase0_gru_bbbp_stereo_changed_aff82_d20_lowtrain05,bbbp,stereo_20x,stereo,20,491,204,82,122,0.005199184743460362,-0.00250732126172448,0.007706506005184842,0.6951219512195121,0.47540983606557374,0.0038214793908985557,0.013524191551452848,0.01542752488245998,2
phase0_gru_bbbp_stereo_changed_aff82_d20_lowtrain05,bbbp,stereo_20x,stereo,20,509,204,82,122,0.0014126822579561258,-0.0008049551855589538,0.0022176374435150794,0.6585365853658537,0.5245901639344263,-0.0011112683058090485,0.0040905623915636225,0.005199259069831869,2
phase0_gru_bbbp_stereo_changed_aff82_d20_lowtrain05,bbbp,stereo_20x,stereo,20,541,204,82,122,-0.0036901526334809126,-0.007764747060957506,0.004074594427476593,0.3902439024390244,0.13934426229508196,-0.004295830678179553,-0.0061421233779322066,-0.00661945456388242,2
phase0_gru_bbbp_stereo_changed_aff82_d20_lowtrain05,bbbp,stereo_20x,stereo,20,563,204,82,122,0.0011897742203096097,-0.001487583296037602,0.0026773575163472115,0.5,0.20491803278688525,-0.007794343515061357,-0.007810409537551635,-0.007877040144329144,2
phase0_tf_aff128_probe,bbbp,decoy_20x,decoy,20,307,204,128,76,0.0045347920968197295,0.013668570079301523,-0.009133777982481793,0.5625,0.631578947368421,-0.010642330974509525,-0.011120027770252464,-0.009463206257532865,2
phase0_tf_aff128_probe,bbbp,decoy_20x,decoy,20,331,204,128,76,-0.008688979898579419,-0.006516272104100171,-0.0021727077944792474,0.2734375,0.32894736842105265,0.005711096235394564,0.010849321247615774,0.007093505270993901,2
phase0_tf_aff128_probe,bbbp,decoy_20x,decoy,20,353,204,128,76,-0.004785676370374856,0.020089382746894115,-0.02487505911726897,0.515625,0.6052631578947368,-0.04597943736574306,-0.0460064893586185,-0.03510590860453722,2
phase0_tf_aff128_probe,bbbp,decoy_20x,decoy,20,379,204,128,76,0.005814754258608448,-0.0035683383527947217,0.00938309261140317,0.546875,0.39473684210526316,0.004794575604084132,0.009096462478023929,0.008064159516406513,2
phase0_tf_aff128_probe,bbbp,random_20x,random,20,307,204,128,76,-0.058950646372977644,-0.06886297434960542,0.009912327976627777,0.21875,0.2631578947368421,-0.008656569790701618,-0.009835599966866598,0.009034372538857412,2
phase0_tf_aff128_probe,bbbp,random_20x,random,20,331,204,128,76,-0.01452515518758447,0.022196587763334573,-0.03672174295091904,0.1875,0.35526315789473684,0.0014568047341448898,-0.0037324175758000717,0.012708583588783563,2
phase0_tf_aff128_probe,bbbp,random_20x,random,20,353,204,128,76,-0.050060570996720344,-0.14414661975675508,0.09408604876003474,0.3984375,0.32894736842105265,-0.0038337984626263255,0.005445146703501585,0.034781790152737926,2
phase0_tf_aff128_probe,bbbp,random_20x,random,20,379,204,128,76,0.0004096402553841478,-0.02702566527908571,0.027435305534469857,0.53125,0.27631578947368424,0.018619733020899962,0.03066095069057506,-0.006348137302102569,2
phase0_tf_aff128_probe,hiv,decoy_20x,decoy,20,307,4112,128,3984,-0.0905246171168983,0.006272571894478606,-0.0967971890113769,0.359375,0.40085341365461846,-0.0010861062489193607,-0.02850054782615373,-0.02850054782615373,2
phase0_tf_aff128_probe,hiv,decoy_20x,decoy,20,331,4112,128,3984,0.03024176391772925,-0.0013783464664555943,0.031620110384184844,0.6875,0.7798694779116466,0.06840828953344065,0.09182136719913174,0.09182136719913174,2
phase0_tf_aff128_probe,hiv,decoy_20x,decoy,20,353,4112,128,3984,-0.11201262148097157,-0.002612371730756567,-0.109400249750215,0.46875,0.5072791164658634,0.01777370322960975,0.021596793473810497,0.021596793473810497,2
phase0_tf_aff128_probe,hiv,decoy_20x,decoy,20,379,4112,128,3984,-0.1569315557135269,0.0056722796106913,-0.1626038353242182,0.5,0.6388052208835341,-0.008774757460192184,-0.11183535198165245,-0.11183535198165245,2
phase0_tf_aff128_probe,hiv,exact_20x,exact,20,307,4112,128,3984,-0.06637940183281898,0.004114412848489831,-0.07049381468130882,0.5390625,0.8087349397590361,0.02188004690813601,0.02920731378161765,0.02920731378161765,2
phase0_tf_aff128_probe,hiv,exact_20x,exact,20,331,4112,128,3984,0.07278386200778182,-0.011326522615001385,0.08411038462278321,0.59375,0.4879518072289157,0.020127207776744954,0.027994417947401793,0.027994417947401793,2
phase0_tf_aff128_probe,hiv,exact_20x,exact,20,353,4112,128,3984,-0.139010063605383,0.0014680046662987494,-0.14047806827168177,0.5,0.6503514056224899,0.016321370635400734,0.019201876284671696,0.019201876284671696,2
phase0_tf_aff128_probe,hiv,exact_20x,exact,20,379,4112,128,3984,-0.07876419217791411,0.006650391120807713,-0.08541458329872183,0.609375,0.7407128514056225,-0.02211769184797402,-0.07086350176855112,-0.07086350176855112,2
phase0_tf_aff128_probe,tox21_ahr,decoy_1x,decoy,1,307,655,128,527,0.02226440841332078,-0.008216767711476542,0.030481176124797324,0.28125,0.09108159392789374,-0.027021517583778604,-0.037755161402128555,-0.05836231837806176,2
phase0_tf_aff128_probe,tox21_ahr,decoy_1x,decoy,1,331,655,128,527,-0.0059184313286096,-0.004300744698667438,-0.001617686629942162,0.5546875,0.7210626185958254,0.010155341506513399,0.021612666526010113,0.03867641209551706,2
phase0_tf_aff128_probe,tox21_ahr,decoy_1x,decoy,1,353,655,128,527,0.02781898947432637,0.00013668651372702743,0.027682302960599342,0.640625,0.7912713472485768,0.027142554583747813,0.03180762382777324,0.07619751711769548,2
phase0_tf_aff128_probe,tox21_ahr,decoy_1x,decoy,1,379,655,128,527,0.0001125991111621226,-0.03987236267249091,0.03998496178365303,0.59375,0.6888045540796964,0.0348765740674561,0.06353159840473331,0.12229123644127168,2
phase0_tf_aff128_probe,tox21_ahr,decoy_20x,decoy,20,307,655,128,527,-0.009909539250656966,-0.004928700385555148,-0.004980838865101818,0.2265625,0.127134724857685,-0.035258214740137406,-0.04974308111392641,-0.07940977185942041,2
phase0_tf_aff128_probe,tox21_ahr,decoy_20x,decoy,20,331,655,128,527,-0.13760271470528096,-0.01689627694506799,-0.12070643776021298,0.59375,0.8444022770398482,-0.0077020040406429735,-0.011548043259431102,-0.02299336712440869,2
phase0_tf_aff128_probe,tox21_ahr,decoy_20x,decoy,20,353,655,128,527,0.02935465332120656,-0.0027881611909088165,0.03214281451211538,0.6171875,0.7798861480075902,0.010370286498171066,0.007402243101727789,0.033857785163420986,2
phase0_tf_aff128_probe,tox21_ahr,decoy_20x,decoy,20,379,655,128,527,-0.0012968252412974939,-0.013729728772472843,0.012432903531175349,0.5390625,0.6925996204933587,0.011066980606794471,0.0258775272783487,0.05897677012780156,2
phase0_tf_aff128_probe,tox21_ahr,exact_20x,exact,20,307,655,128,527,-0.022593925008550286,-0.0013765255006938605,-0.021217399507856425,0.3359375,0.19734345351043645,-0.0327411103671125,-0.05203402791868778,-0.09388132219630348,2
phase0_tf_aff128_probe,tox21_ahr,exact_20x,exact,20,331,655,128,527,-0.09461349574849011,-0.009559891425228666,-0.08505360432326145,0.5546875,0.8216318785578748,-0.016905131659921163,-0.01664742322165954,-0.01297044077222816,2
phase0_tf_aff128_probe,tox21_ahr,exact_20x,exact,20,353,655,128,527,0.0489475226495415,-0.0017378309872390207,0.05068535363678052,0.484375,0.573055028462998,-0.001116317849399584,-0.004376795882015426,0.0005049625376218267,2
phase0_tf_aff128_probe,tox21_ahr,exact_20x,exact,20,379,655,128,527,-0.0247323599178344,-0.023754698876468232,-0.0009776610413661686,0.6328125,0.8178368121442126,0.0398719690773999,0.07338255468211868,0.15606076151638665,2
phase0_tf_aff128_probe,tox21_ahr,random_1x,random,1,307,655,128,527,0.009740407345816497,-0.0055900235895413874,0.015330430935357884,0.28125,0.1157495256166983,-0.03496557764386818,-0.053285266351611925,-0.09096282555377089,2
phase0_tf_aff128_probe,tox21_ahr,random_1x,random,1,331,655,128,527,-0.002780524082481887,-0.006892644307192636,0.004112120224710749,0.484375,0.5047438330170778,0.01535027831039363,0.02623413667779096,0.048326742530457927,2
phase0_tf_aff128_probe,tox21_ahr,random_1x,random,1,353,655,128,527,0.006336716003715976,0.0011075597673484915,0.005229156236367485,0.546875,0.6603415559772297,-0.004101093491777882,-0.007986097701060095,-0.013634290339965906,2
phase0_tf_aff128_probe,tox21_ahr,random_1x,random,1,379,655,128,527,-0.03760999743826687,-0.0008795926421597951,-0.03673040479610708,0.625,0.7836812144212524,0.026917428760465878,0.039819342283116135,0.06038541507719278,2
phase0_tf_aff128_probe,tox21_are,decoy_20x,decoy,20,307,584,128,456,-0.011058513307943947,-0.027165783895996574,0.016107270588052627,0.4765625,0.5087719298245614,0.024648698316152365,0.03724076005000502,0.049915944103765306,2
phase0_tf_aff128_probe,tox21_are,decoy_20x,decoy,20,331,584,128,456,0.018386547919362787,-0.005237279165732234,0.02362382708509502,0.4765625,0.2675438596491228,0.003839481740507744,0.001678603300684204,-0.010624107577728695,2
phase0_tf_aff128_probe,tox21_are,decoy_20x,decoy,20,353,584,128,456,0.00036548217758536426,-0.0037848512200932814,0.004150333397678646,0.4296875,0.45394736842105265,-0.0013429043150250466,-0.0012130060185355628,0.00030071173625937893,2
phase0_tf_aff128_probe,tox21_are,decoy_20x,decoy,20,379,584,128,456,-0.020281867822632187,0.005553088690105235,-0.02583495651273742,0.4921875,0.7149122807017544,-0.017606920910812326,-0.026334914425859626,-0.03688830477305641,2
phase0_tf_aff128_probe,tox21_are,exact_20x,exact,20,307,584,128,456,-0.06704220676328987,-0.034822839263238405,-0.032219367500051464,0.5546875,0.6666666666666666,0.026629702887339693,0.0331861268090675,0.04016387486171523,2
phase0_tf_aff128_probe,tox21_are,exact_20x,exact,20,331,584,128,456,0.04917578725144267,-0.005314894085913372,0.054490681337356045,0.5,0.2565789473684211,0.02421069183539154,0.03537708817618469,0.04111627916270723,2
phase0_tf_aff128_probe,tox21_are,exact_20x,exact,20,353,584,128,456,-0.00615837285295128,0.009518978823172417,-0.015677351676123698,0.5,0.38596491228070173,-0.0056630620238524165,-0.02579039216567118,-0.04183319072470745,2
phase0_tf_aff128_probe,tox21_are,exact_20x,exact,20,379,584,128,456,0.03490214538760484,-0.017040896703276725,0.05194304209088156,0.3671875,0.2565789473684211,0.011690954827764888,0.030426443898062216,0.047406722852233074,2
phase0_tf_aff128_probe,tox21_mmp,decoy_1x,decoy,1,307,582,128,454,-0.009102230425924056,0.009259344296045765,-0.018361574721969823,0.5390625,0.42070484581497797,-0.03070967523818713,-0.04871191631575772,-0.1043351741777154,2
phase0_tf_aff128_probe,tox21_mmp,decoy_1x,decoy,1,331,582,128,454,-0.05070817307569088,-0.01702810134656629,-0.033680071729124586,0.296875,0.24669603524229075,-0.044533651684827494,-0.06432019180217158,-0.09291759763088207,2
phase0_tf_aff128_probe,tox21_mmp,decoy_1x,decoy,1,353,582,128,454,-0.04828964965417981,-0.005591711415068168,-0.042697938239111645,0.6484375,0.76431718061674,-0.005455663277759759,-0.003572149201537085,-0.008134334856159366,2
phase0_tf_aff128_probe,tox21_mmp,decoy_1x,decoy,1,379,582,128,454,0.022925858385860913,-0.01897237472859774,0.04189823311445866,0.6328125,0.6211453744493393,0.01303562287994306,0.014945920479403622,0.025323930604672203,2
phase0_tf_aff128_probe,tox21_mmp,decoy_1x,decoy,1,401,582,128,454,-0.015312871430069219,0.010120829362176061,-0.02543370079224528,0.515625,0.4008810572687225,0.0039934898045517475,0.007045761768795046,0.00847568484303116,2
phase0_tf_aff128_probe,tox21_mmp,decoy_1x,decoy,1,421,582,128,454,0.03369228017982095,0.0005581654969290995,0.033134114682891846,0.4765625,0.3722466960352423,-0.011446425093765061,-0.014857229234631748,-0.02225384087923285,2
phase0_tf_aff128_probe,tox21_mmp,decoy_1x,decoy,1,443,582,128,454,-0.005090215941891074,-0.020626179562134885,0.015535963620243811,0.546875,0.6145374449339207,0.06444452557879143,0.08279721667489255,0.12766048218778536,2
phase0_tf_aff128_probe,tox21_mmp,decoy_1x,decoy,1,467,582,128,454,0.0003484511980786989,-0.002664978283617464,0.0030134294816961628,0.5546875,0.5440528634361234,0.0045422805484891925,-0.0005662142253872945,-0.013040981989598724,2
phase0_tf_aff128_probe,tox21_mmp,decoy_1x,decoy,1,491,582,128,454,-0.04756026563700289,0.02691165449729575,-0.07447192013429864,0.671875,0.7180616740088106,0.010655265581595907,0.0035536608566663352,-0.023950544895021658,2
phase0_tf_aff128_probe,tox21_mmp,decoy_1x,decoy,1,509,582,128,454,0.0034272047923877783,-0.027958209720739712,0.03138541451312749,0.375,0.33480176211453744,-0.009190668728496665,-0.001635988163861072,0.017740934603560483,2
phase0_tf_aff128_probe,tox21_mmp,decoy_1x,decoy,1,541,582,128,454,0.02532072109170257,-0.01647023019680368,0.04179095128850625,0.53125,0.4118942731277533,0.026733981027108774,0.0416775078451086,0.07666745240521261,2
phase0_tf_aff128_probe,tox21_mmp,decoy_1x,decoy,1,563,582,128,454,0.051383864949457354,0.0034730770186180556,0.0479107879308393,0.609375,0.7026431718061674,0.04776557960322035,0.06252361626391913,0.09620779492777216,2
phase0_tf_aff128_probe,tox21_mmp,exact_1x,exact,1,307,582,128,454,0.008335713064298035,0.004024162297731982,0.004311550766566054,0.4140625,0.2026431718061674,-0.012207164405924703,-0.019136545753824605,-0.053849280864478835,2
phase0_tf_aff128_probe,tox21_mmp,exact_1x,exact,1,331,582,128,454,-0.06971547030843796,0.0010546927672650825,-0.07077016307570304,0.421875,0.3700440528634361,-0.025254425009677728,-0.05950702449301378,-0.11931849700308449,2
phase0_tf_aff128_probe,tox21_mmp,exact_1x,exact,1,353,582,128,454,-0.02569962688721717,-0.0021185470572652313,-0.02358107982995194,0.328125,0.5198237885462555,-0.023933689009469405,-0.029006119758989174,-0.03456064227541747,2
phase0_tf_aff128_probe,tox21_mmp,exact_1x,exact,1,379,582,128,454,-0.00736898602917789,0.0023045965884750637,-0.009673582617652953,0.5546875,0.5506607929515418,-0.0015368840545147318,-0.0013733053757588333,-0.0012460847460664657,2
phase0_tf_aff128_probe,tox21_mmp,exact_1x,exact,1,401,582,128,454,0.006717538693919769,0.01868079130082403,-0.011963252606904262,0.5625,0.4779735682819383,-0.001801864429011646,-0.0033555857093753357,-0.01187260050304641,2
phase0_tf_aff128_probe,tox21_mmp,exact_1x,exact,1,421,582,128,454,0.01736411999445409,0.008873569118556471,0.008490550875897618,0.5390625,0.5726872246696035,-0.001453202710324994,-0.007401564030654567,-0.02096019320488967,2
phase0_tf_aff128_probe,tox21_mmp,exact_1x,exact,1,443,582,128,454,-0.05651029624277725,-0.019370818838870995,-0.03713947740390626,0.4375,0.48237885462555063,-0.014296734472081865,-0.01418226799389954,-0.013901367965706776,2
phase0_tf_aff128_probe,tox21_mmp,exact_1x,exact,1,467,582,128,454,0.015949881286360323,-0.048583992580485236,0.06453387386684556,0.296875,0.2665198237885463,0.007511348667215936,0.03932372825507219,0.10170043125463311,2
phase0_tf_aff128_probe,tox21_mmp,exact_1x,exact,1,491,582,128,454,-0.011527834227308624,0.025346858681298563,-0.03687469290860719,0.7265625,0.7026431718061674,0.025170071110764275,0.009253884304179921,-0.037509326026218696,2
phase0_tf_aff128_probe,tox21_mmp,exact_1x,exact,1,509,582,128,454,0.041829785564914346,-0.012561792909836453,0.0543915784747508,0.40625,0.35462555066079293,-0.011665073145426079,-0.005102012101025701,0.013196249187759804,2
phase0_tf_aff128_probe,tox21_mmp,exact_1x,exact,1,541,582,128,454,0.02505575871327892,-0.01884776954477579,0.043903528258054714,0.5390625,0.5308370044052864,0.07378744157978562,0.09833318909379798,0.15697709914284438,2
phase0_tf_aff128_probe,tox21_mmp,exact_1x,exact,1,563,582,128,454,0.005490137264132493,-0.020628204922056404,0.026118342186188897,0.296875,0.21806167400881057,0.01563049752544804,0.036054641243847455,0.07148192053906954,2
phase0_tf_aff128_probe,tox21_mmp,parent_1x,parent,1,307,582,128,454,0.04283125069923698,0.006934245777550244,0.03589700492168674,0.3671875,0.1894273127753304,-0.006172205123605695,-0.008649675248554433,-0.04065549122550205,2
phase0_tf_aff128_probe,tox21_mmp,parent_1x,parent,1,331,582,128,454,0.04124048131052405,-0.020439834223182195,0.061680315533706245,0.421875,0.5088105726872246,0.030495944700576885,0.031772052154438686,0.04700135730804189,2
phase0_tf_aff128_probe,tox21_mmp,parent_1x,parent,1,353,582,128,454,-0.0037135721649974585,-0.016998947388800232,0.013285375223802773,0.6640625,0.775330396475771,0.013491368279755,0.035271671152701564,0.0635242280041419,2
phase0_tf_aff128_probe,tox21_mmp,parent_1x,parent,1,379,582,128,454,0.023415208095684654,-0.03791350034365045,0.061328708439335106,0.65625,0.6453744493392071,0.04119582062766908,0.046217844957413295,0.07102761554660901,2
phase0_tf_aff128_probe,tox21_mmp,parent_1x,parent,1,401,582,128,454,-0.019926796900108457,0.005950097930063754,-0.02587689483017221,0.6640625,0.762114537444934,0.03937903944464409,0.04538265825869274,0.06178022097125081,2
phase0_tf_aff128_probe,tox21_mmp,parent_1x,parent,1,421,582,128,454,-0.03674451960250734,-0.007691107198005212,-0.029053412404502127,0.6796875,0.7731277533039648,0.044940355774321636,0.05756975156721161,0.0877667786634837,2
phase0_tf_aff128_probe,tox21_mmp,parent_1x,parent,1,443,582,128,454,-0.016813397989608358,-0.026696953856866268,0.00988355586725791,0.5,0.5638766519823789,0.03652219174303636,0.05414158780146681,0.097210304102906,2
phase0_tf_aff128_probe,tox21_mmp,parent_1x,parent,1,467,582,128,454,-0.025348591501824544,-0.0029403623111447594,-0.022408229190679786,0.4609375,0.3876651982378855,0.011603944763992985,0.012797164892529512,0.003366063868690601,2
phase0_tf_aff128_probe,tox21_mmp,parent_1x,parent,1,491,582,128,454,-0.03336266000405885,-9.294922590780987e-05,-0.033269710778151045,0.671875,0.7092511013215859,0.016311661563290045,0.009045072786310693,-0.002150732353315596,2
phase0_tf_aff128_probe,tox21_mmp,parent_1x,parent,1,509,582,128,454,0.05656440590973943,-0.022798912804819944,0.07936331871455937,0.4609375,0.3392070484581498,0.04548664219153148,0.060637317727638376,0.09763313782547584,2
phase0_tf_aff128_probe,tox21_mmp,parent_1x,parent,1,541,582,128,454,-0.013478720560669908,-0.01782181284632452,0.004343092285654613,0.3515625,0.2422907488986784,8.181611869731431e-05,-0.0031111640659234902,-0.014650132397863806,2
phase0_tf_aff128_probe,tox21_mmp,parent_1x,parent,1,563,582,128,454,0.012193930684588858,-0.013878168119733029,0.02607209880432189,0.5703125,0.5462555066079295,0.022356544718098927,0.014373147363312995,-0.004999119795794139,2
phase0_tf_bbbp_stereo_changed_aff82_d20,bbbp,decoy_20x,decoy,20,307,204,82,122,-0.006871554137366574,-0.0035471554013488268,-0.0033243987360177473,0.4268292682926829,0.5901639344262295,-0.007808865841935481,-0.0906941918741412,-0.1080127696491996,2
phase0_tf_bbbp_stereo_changed_aff82_d20,bbbp,decoy_20x,decoy,20,331,204,82,122,-0.019165928498273938,-0.02112789717350216,0.001961968675228222,0.2682926829268293,0.22131147540983606,-0.10633587412176665,-0.15707920277097134,-0.16536845297423866,2
phase0_tf_bbbp_stereo_changed_aff82_d20,bbbp,decoy_20x,decoy,20,353,204,82,122,0.021642501942995135,-0.02255633876842187,0.044198840711417005,0.5487804878048781,0.5163934426229508,-0.0013058655895292343,0.034010887798111185,0.04126953784279895,2
phase0_tf_bbbp_stereo_changed_aff82_d20,bbbp,decoy_20x,decoy,20,379,204,82,122,0.04051674835429322,-0.00922385985451583,0.049740608208809045,0.6585365853658537,0.4426229508196721,-0.10008702742426101,-0.14836059153145897,-0.16079510158294819,2
phase0_tf_bbbp_stereo_changed_aff82_d20,bbbp,decoy_20x,decoy,20,401,204,82,122,-0.011872655689352904,0.05380505928769708,-0.06567771497704998,0.43902439024390244,0.6311475409836066,-0.12358109998969746,-0.14219347752561193,-0.1466438364823978,2
phase0_tf_bbbp_stereo_changed_aff82_d20,bbbp,decoy_20x,decoy,20,421,204,82,122,0.021881920944263302,0.022932777723266948,-0.0010508567790036456,0.7439024390243902,0.7459016393442623,0.0048463649640106896,-0.0013942646204458864,-0.0004401158278926525,2
phase0_tf_bbbp_stereo_changed_aff82_d20,bbbp,decoy_20x,decoy,20,443,204,82,122,-0.024737235294972966,-0.00388610996611295,-0.020851125328860017,0.573170731707317,0.5327868852459017,-0.10400807853764557,-0.13719432219465075,-0.144688676559874,2
phase0_tf_bbbp_stereo_changed_aff82_d20,bbbp,decoy_20x,decoy,20,467,204,82,122,0.025852962487899686,0.021928507987348772,0.003924454500550914,0.43902439024390244,0.47540983606557374,0.051309421465728394,0.02034469092153258,0.01160019891127563,2
phase0_tf_bbbp_stereo_changed_aff82_d20,bbbp,decoy_20x,decoy,20,491,204,82,122,-0.0008293583012390424,0.0010045195593819229,-0.0018338778606209654,0.3780487804878049,0.4344262295081967,-0.034216251088605064,-0.06294282072730341,-0.0717018577752906,2
phase0_tf_bbbp_stereo_changed_aff82_d20,bbbp,decoy_20x,decoy,20,509,204,82,122,0.03771549813085941,0.00895774222482912,0.02875775590603029,0.7073170731707317,0.7377049180327869,0.04916091294442853,0.195634810008585,0.22706533206887128,2
phase0_tf_bbbp_stereo_changed_aff82_d20,bbbp,decoy_20x,decoy,20,541,204,82,122,-0.03923844750516297,0.004543325317962491,-0.04378177282312546,0.6951219512195121,0.7049180327868853,-0.06791531036446305,-0.11067504879885336,-0.11900149034863143,2
phase0_tf_bbbp_stereo_changed_aff82_d20,bbbp,decoy_20x,decoy,20,563,204,82,122,0.07773330020036821,-0.010077957437969133,0.08781125763833734,0.36585365853658536,0.48360655737704916,0.08300857958045699,0.08918726948796822,0.08663601468086096,2
phase0_tf_bbbp_stereo_changed_aff82_d20,bbbp,exact_20x,exact,20,307,204,82,122,0.030397698033328462,0.014212764814862458,0.016184933218466004,0.4878048780487805,0.5655737704918032,-0.03377768586895932,-0.10579283315521792,-0.12038390348629056,2
phase0_tf_bbbp_stereo_changed_aff82_d20,bbbp,exact_20x,exact,20,331,204,82,122,0.013021747911030926,-0.006615846070506769,0.019637593981537693,0.5609756097560976,0.3442622950819672,-0.09818512038807392,-0.06420318254864044,-0.05684570800212381,2
phase0_tf_bbbp_stereo_changed_aff82_d20,bbbp,exact_20x,exact,20,353,204,82,122,0.01868119306589773,0.009954696631852968,0.008726496434044762,0.5975609756097561,0.7213114754098361,-0.07117034087323526,-0.036175618915892986,-0.028015422379315057,2
phase0_tf_bbbp_stereo_changed_aff82_d20,bbbp,exact_20x,exact,20,379,204,82,122,0.03303414643401416,0.04594352500146774,-0.012909378567453583,0.5121951219512195,0.5,-0.04107946986383393,-0.025887017693963912,-0.024634200280533244,2
phase0_tf_bbbp_stereo_changed_aff82_d20,bbbp,exact_20x,exact,20,401,204,82,122,-0.0021287381830738766,0.06460980720985987,-0.06673854539293375,0.7682926829268293,0.7950819672131147,-0.02343772999002087,-0.007026745264655228,-0.002794785688668377,2
phase0_tf_bbbp_stereo_changed_aff82_d20,bbbp,exact_20x,exact,20,421,204,82,122,-0.03338276987282059,-0.06044044216224527,0.027057672289424677,0.7439024390243902,0.6721311475409836,0.11212389210400259,0.14265085929078558,0.15464173695354116,2
phase0_tf_bbbp_stereo_changed_aff82_d20,bbbp,exact_20x,exact,20,443,204,82,122,-0.014117484321681468,0.003982567869615347,-0.018100052191296814,0.4268292682926829,0.5491803278688525,0.055015750897839,0.002225505854075433,-0.010394883724811753,2
phase0_tf_bbbp_stereo_changed_aff82_d20,bbbp,exact_20x,exact,20,467,204,82,122,0.03799730893678781,0.06633021629064298,-0.028332907353855172,0.6463414634146342,0.6885245901639344,-0.025883545141052886,-0.1043506969432075,-0.1230389634404335,2
phase0_tf_bbbp_stereo_changed_aff82_d20,bbbp,exact_20x,exact,20,491,204,82,122,-0.04054610686740134,-0.06858986805834365,0.02804376119094231,0.35365853658536583,0.3442622950819672,0.09065585716476382,0.10844164587072387,0.10936337403329276,2
phase0_tf_bbbp_stereo_changed_aff82_d20,bbbp,exact_20x,exact,20,509,204,82,122,-0.058747983106025845,-0.012460788849313734,-0.046287194256712114,0.18292682926829268,0.5409836065573771,0.012440777784586632,0.04958680408014878,0.05614266500307678,2
phase0_tf_bbbp_stereo_changed_aff82_d20,bbbp,exact_20x,exact,20,541,204,82,122,-0.056772538381287964,0.009624613708526377,-0.06639715208981434,0.5487804878048781,0.4426229508196721,-0.10039339159964297,-0.1353996456831319,-0.14251289053807614,2
phase0_tf_bbbp_stereo_changed_aff82_d20,bbbp,exact_20x,exact,20,563,204,82,122,0.02320238397025116,-0.08201789796031768,0.10522028193056884,0.45121951219512196,0.45901639344262296,0.1699609719918153,0.26514063542855026,0.2867663993084663,2
phase0_tf_bbbp_stereo_changed_aff82_d20,bbbp,random_20x,random,20,307,204,82,122,0.04671422966824071,-0.044695692678882945,0.09140992234712365,0.7926829268292683,0.5081967213114754,0.03194641520450792,-0.058091909456509404,-0.07684998523929304,2
phase0_tf_bbbp_stereo_changed_aff82_d20,bbbp,random_20x,random,20,331,204,82,122,0.039399945276516794,0.01912620165728827,0.020273743619228523,0.7560975609756098,0.5,-0.061229813085084545,-0.14683671529949122,-0.16418397359363693,2
phase0_tf_bbbp_stereo_changed_aff82_d20,bbbp,random_20x,random,20,353,204,82,122,0.0011428074638654604,-0.04445525833985722,0.045598065803722686,0.2926829268292683,0.28688524590163933,0.021794992925310737,0.05677035425957263,0.06249670367733068,2
phase0_tf_bbbp_stereo_changed_aff82_d20,bbbp,random_20x,random,20,379,204,82,122,0.037286462648430975,0.02306571167695228,0.014220750971478693,0.3902439024390244,0.48360655737704916,-0.09026401297313258,-0.031290728522771594,-0.021232103864470865,2
phase0_tf_bbbp_stereo_changed_aff82_d20,bbbp,random_20x,random,20,401,204,82,122,0.0065140035912031125,0.06705094924669897,-0.060536945655495854,0.7439024390243902,0.819672131147541,-0.054437665239255736,-0.06557299916920545,-0.06778191254835135,2
phase0_tf_bbbp_stereo_changed_aff82_d20,bbbp,random_20x,random,20,421,204,82,122,-0.0006349507219544135,0.013085482351970485,-0.013720433073924898,0.6707317073170732,0.639344262295082,-0.020902376167332093,0.03251603902995598,0.04634664008971543,2
phase0_tf_bbbp_stereo_changed_aff82_d20,bbbp,random_20x,random,20,443,204,82,122,0.002452960624018826,-0.002939364687753385,0.00539232531177221,0.7804878048780488,0.6557377049180327,0.0007564661743894203,-0.1060322197616642,-0.12822421720797636,2
phase0_tf_bbbp_stereo_changed_aff82_d20,bbbp,random_20x,random,20,467,204,82,122,0.06387920259702497,0.03799202596982484,0.02588717662720013,0.6829268292682927,0.7704918032786885,0.01601696304455781,0.08094114130528068,0.09408774739751705,2
phase0_tf_bbbp_stereo_changed_aff82_d20,bbbp,random_20x,random,20,491,204,82,122,-0.005643381839390938,-0.0032991647231774353,-0.002344217116213503,0.47560975609756095,0.45081967213114754,0.009829029292938628,0.0122645065186343,0.01173584540576708,2
phase0_tf_bbbp_stereo_changed_aff82_d20,bbbp,random_20x,random,20,509,204,82,122,0.013282654261807116,-0.0015896463949905163,0.014872300656797632,0.6829268292682927,0.6147540983606558,-0.06369720117378241,-0.06527290528045426,-0.06533405633949388,2
phase0_tf_bbbp_stereo_changed_aff82_d20,bbbp,random_20x,random,20,541,204,82,122,-0.04256084285358466,0.043500543339177966,-0.08606138619276263,0.5853658536585366,0.7540983606557377,-0.09838620749382478,-0.1176543738156955,-0.12124063797795842,2
phase0_tf_bbbp_stereo_changed_aff82_d20,bbbp,random_20x,random,20,563,204,82,122,-0.02240260510432828,-0.024546189187857954,0.0021435840835296732,0.3780487804878049,0.5,0.04861590796803203,0.08556402737294731,0.09331137908971204,2
phase0_tf_bbbp_stereo_changed_aff82_d20,bbbp,stereo_20x,stereo,20,307,204,82,122,-0.025640930983283364,-0.021322739877371637,-0.004318191105911726,0.6951219512195121,0.6557377049180327,-0.11081972981661681,-0.11747211545077857,-0.11930148937830516,2
phase0_tf_bbbp_stereo_changed_aff82_d20,bbbp,stereo_20x,stereo,20,331,204,82,122,0.0037142995790374047,-0.005849111413002986,0.00956341099204039,0.5609756097560976,0.22950819672131148,-0.1683446545582315,-0.23969280345816946,-0.25353558265751286,2
phase0_tf_bbbp_stereo_changed_aff82_d20,bbbp,stereo_20x,stereo,20,353,204,82,122,-0.015218008687242681,0.006004065887804036,-0.02122207457504672,0.6829268292682927,0.5737704918032787,-0.0502181782032807,-0.0053695464152337,0.0055223405459221,2
phase0_tf_bbbp_stereo_changed_aff82_d20,bbbp,stereo_20x,stereo,20,379,204,82,122,0.05277404336758502,0.018858831169724952,0.03391521219786006,0.43902439024390244,0.38524590163934425,-0.015522038163419134,-0.004304765379304164,-0.004551953078498581,2
phase0_tf_bbbp_stereo_changed_aff82_d20,bbbp,stereo_20x,stereo,20,401,204,82,122,-0.005921790421735958,0.015706567742602262,-0.02162835816433822,0.6341463414634146,0.5327868852459017,-0.05040457513204569,-0.037959571139465735,-0.03537889601317738,2
phase0_tf_bbbp_stereo_changed_aff82_d20,bbbp,stereo_20x,stereo,20,421,204,82,122,-0.021825799718499177,-0.01596279573611549,-0.005863003982383687,0.6097560975609756,0.5163934426229508,0.013485713559093601,-0.017040071289653205,-0.0226815602426101,2
phase0_tf_bbbp_stereo_changed_aff82_d20,bbbp,stereo_20x,stereo,20,443,204,82,122,0.008536391800678368,0.02158536476495324,-0.01304897296427487,0.6097560975609756,0.5573770491803278,-0.019342499405722045,-0.00224447022009768,0.001128738830483908,2
phase0_tf_bbbp_stereo_changed_aff82_d20,bbbp,stereo_20x,stereo,20,467,204,82,122,0.0036166172883495998,0.05375702795190891,-0.050140410663559315,0.6341463414634146,0.7049180327868853,-0.009133852317601415,-0.08439132230836803,-0.10146199670766973,2
phase0_tf_bbbp_stereo_changed_aff82_d20,bbbp,stereo_20x,stereo,20,491,204,82,122,-0.04074582242883924,0.02119613877024319,-0.061941961199082435,0.7195121951219512,0.639344262295082,-0.06638991963388363,-0.1315413456567111,-0.14307823708083114,2
phase0_tf_bbbp_stereo_changed_aff82_d20,bbbp,stereo_20x,stereo,20,509,204,82,122,-0.040637475801858974,-0.0017743710825433587,-0.038863104719315616,0.6341463414634146,0.7377049180327869,0.013352225227051928,0.14738702201866116,0.17660584661124645,2
phase0_tf_bbbp_stereo_changed_aff82_d20,bbbp,stereo_20x,stereo,20,541,204,82,122,-0.054107746631815654,-0.0175597354174271,-0.036548011214388554,0.6707317073170732,0.6229508196721312,-0.06562263339510971,-0.07878116475255074,-0.08233449090995025,2
phase0_tf_bbbp_stereo_changed_aff82_d20,bbbp,stereo_20x,stereo,20,563,204,82,122,0.04267135007511371,-0.042622891934130526,0.08529424200924424,0.5365853658536586,0.4672131147540984,0.09630377538471074,0.21295695657878347,0.237288494765608,2
phase0_tf_bbbp_stereo_changed_aff82_d20_lowtrain02,bbbp,decoy_20x,decoy,20,307,204,82,122,0.00847784438874663,-0.01640631875298063,0.02488416314172726,0.47560975609756095,0.2540983606557377,0.004260885250822299,-0.0003274235659652585,-0.001346641015886857,2
phase0_tf_bbbp_stereo_changed_aff82_d20_lowtrain02,bbbp,decoy_20x,decoy,20,331,204,82,122,-0.009541985646980552,-0.0005612675039494551,-0.008980718143031096,0.4634146341463415,0.5163934426229508,0.004517060448882337,-0.005302299717159,-0.007859097797257849,2
phase0_tf_bbbp_stereo_changed_aff82_d20_lowtrain02,bbbp,decoy_20x,decoy,20,353,204,82,122,-0.012745602828700374,-0.003050517596182285,-0.009695085232518089,0.4268292682926829,0.5163934426229508,-0.0008582624133399996,-0.01372798060873042,-0.017714476772923947,2
phase0_tf_bbbp_stereo_changed_aff82_d20_lowtrain02,bbbp,decoy_20x,decoy,20,379,204,82,122,0.02896038079407156,-0.003924200402908638,0.0328845811969802,0.6219512195121951,0.28688524590163933,-0.0014125226227012858,-9.534351874614199e-05,-0.00011712056352016897,2
phase0_tf_bbbp_stereo_changed_aff82_d20_lowtrain02,bbbp,decoy_20x,decoy,20,401,204,82,122,0.012421937795673929,0.012683689426325383,-0.000261751630651454,0.47560975609756095,0.6229508196721312,0.002282661021564686,-0.0013584418457031555,-0.002584837467406854,2
phase0_tf_bbbp_stereo_changed_aff82_d20_lowtrain02,bbbp,decoy_20x,decoy,20,421,204,82,122,-0.02887175345747937,-0.009518755783067368,-0.019352997674412002,0.3048780487804878,0.27049180327868855,-0.06400080878004165,-0.0014792699236023557,0.011888007726037209,2
phase0_tf_bbbp_stereo_changed_aff82_d20_lowtrain02,bbbp,decoy_20x,decoy,20,443,204,82,122,0.042809220712359354,0.02310385640527381,0.019705364307085544,0.5609756097560976,0.8934426229508197,0.007364285212551724,0.0525651166583112,0.06702832680703057,2
phase0_tf_bbbp_stereo_changed_aff82_d20_lowtrain02,bbbp,decoy_20x,decoy,20,467,204,82,122,0.08889470749148508,0.01883803112585036,0.07005667636563472,0.8170731707317073,0.6475409836065574,0.021985985718564804,-0.025993620300856862,-0.03632083485727261,2
phase0_tf_bbbp_stereo_changed_aff82_d20_lowtrain02,bbbp,decoy_20x,decoy,20,491,204,82,122,0.004582780708626999,0.02271021841490855,-0.01812743770628155,0.5609756097560976,0.8934426229508197,-0.0035721445133637675,0.01492488249607731,0.01895214930428952,2
phase0_tf_bbbp_stereo_changed_aff82_d20_lowtrain02,bbbp,decoy_20x,decoy,20,509,204,82,122,0.011320242612827111,-0.006112781093745938,0.01743302370657305,0.5609756097560976,0.5327868852459017,0.0032620897707148697,0.018671800222052358,0.0222764603195622,2
phase0_tf_bbbp_stereo_changed_aff82_d20_lowtrain02,bbbp,decoy_20x,decoy,20,541,204,82,122,0.048290778769225606,0.013692846445397276,0.03459793232382833,0.6829268292682927,0.7377049180327869,0.008512229980973729,0.025639152837502836,0.03122348493425807,2
phase0_tf_bbbp_stereo_changed_aff82_d20_lowtrain02,bbbp,decoy_20x,decoy,20,563,204,82,122,0.0042920495133574365,-0.03709835687377413,0.04139040638713157,0.5365853658536586,0.5163934426229508,0.02002792641537783,0.05010391692359051,0.05490223188538009,2
phase0_tf_bbbp_stereo_changed_aff82_d20_lowtrain02,bbbp,exact_20x,exact,20,307,204,82,122,-0.09069827189896165,-0.042403055080136316,-0.048295216818825336,0.23170731707317074,0.3114754098360656,0.00459180329269171,-0.04984878924732418,-0.05717599885439062,2
phase0_tf_bbbp_stereo_changed_aff82_d20_lowtrain02,bbbp,exact_20x,exact,20,331,204,82,122,0.0001454284278358006,-0.010195957221945775,0.010341385649781576,0.5365853658536586,0.319672131147541,0.008341843542848351,0.00597666596328868,0.005227591705320632,2
phase0_tf_bbbp_stereo_changed_aff82_d20_lowtrain02,bbbp,exact_20x,exact,20,353,204,82,122,-0.010380983716104094,0.006890965534038224,-0.01727194925014232,0.4878048780487805,0.7295081967213115,0.0024775040264837234,-0.006187893472286989,-0.008396385752484322,2
phase0_tf_bbbp_stereo_changed_aff82_d20_lowtrain02,bbbp,exact_20x,exact,20,379,204,82,122,0.02204651112963512,0.008760537158270357,0.013285973971364762,0.6585365853658537,0.819672131147541,0.004172568597393858,0.01765212584328225,0.02100480186961203,2
phase0_tf_bbbp_stereo_changed_aff82_d20_lowtrain02,bbbp,exact_20x,exact,20,401,204,82,122,0.006682620088501671,0.009592309594154356,-0.0029096895056526855,0.47560975609756095,0.5081967213114754,0.019009968669850524,0.023091560525644823,0.022886529666354613,2
phase0_tf_bbbp_stereo_changed_aff82_d20_lowtrain02,bbbp,exact_20x,exact,20,421,204,82,122,-0.07074854790982676,-0.021633414673756374,-0.04911513323607039,0.2926829268292683,0.28688524590163933,-0.0323037680118915,0.04620049647086541,0.06298111895342853,2
phase0_tf_bbbp_stereo_changed_aff82_d20_lowtrain02,bbbp,exact_20x,exact,20,443,204,82,122,0.023642713703760285,0.0037935677854741144,0.01984914591828617,0.573170731707317,0.7295081967213115,0.0001851206914099679,0.018270380252590923,0.02588324626120038,2
phase0_tf_bbbp_stereo_changed_aff82_d20_lowtrain02,bbbp,exact_20x,exact,20,467,204,82,122,0.05522448669483022,0.03197115387187385,0.023253332822956364,0.6829268292682927,0.7459016393442623,-0.008535318057966285,-0.0004983611299235868,0.0048682307614607845,2
phase0_tf_bbbp_stereo_changed_aff82_d20_lowtrain02,bbbp,exact_20x,exact,20,491,204,82,122,0.007094199519331857,0.022100254038318258,-0.0150060545189864,0.5975609756097561,0.8934426229508197,0.00437340155048116,0.02770865399387706,0.03252991722856524,2
phase0_tf_bbbp_stereo_changed_aff82_d20_lowtrain02,bbbp,exact_20x,exact,20,509,204,82,122,0.008598440667478049,-0.009911634944012909,0.018510075611490956,0.4878048780487805,0.319672131147541,0.003501575466441441,0.009885340718399659,0.010128026257019663,2
phase0_tf_bbbp_stereo_changed_aff82_d20_lowtrain02,bbbp,exact_20x,exact,20,541,204,82,122,0.04060520068174455,0.004936942693273555,0.035668257988470994,0.7317073170731707,0.5901639344262295,0.015070141738030146,0.019532748105325206,0.022148346745821224,2
phase0_tf_bbbp_stereo_changed_aff82_d20_lowtrain02,bbbp,exact_20x,exact,20,563,204,82,122,-0.024623366572508004,-0.03209484179244667,0.007471475219938666,0.3902439024390244,0.3770491803278688,-0.03490018261994993,-0.04505271289885838,-0.04737436145497271,2
phase0_tf_bbbp_stereo_changed_aff82_d20_lowtrain02,bbbp,stereo_20x,stereo,20,307,204,82,122,-0.09318463240818281,-0.04515187790403601,-0.0480327545041468,0.21951219512195122,0.29508196721311475,0.00591373421282726,-0.04977954972427988,-0.057541544428397755,2
phase0_tf_bbbp_stereo_changed_aff82_d20_lowtrain02,bbbp,stereo_20x,stereo,20,331,204,82,122,0.006618723454998771,-0.017324995188439482,0.023943718643438253,0.6097560975609756,0.13114754098360656,0.0008951831206717026,-0.013413967224662596,-0.017089643746354098,2
phase0_tf_bbbp_stereo_changed_aff82_d20_lowtrain02,bbbp,stereo_20x,stereo,20,353,204,82,122,-0.01880891348530608,-0.022270292165826586,0.0034613786805205056,0.35365853658536583,0.08196721311475409,-0.011693141947385938,-0.03745744394170122,-0.0442401034242382,2
phase0_tf_bbbp_stereo_changed_aff82_d20_lowtrain02,bbbp,stereo_20x,stereo,20,379,204,82,122,0.03184733303581795,0.00236703931796746,0.029480293717850492,0.524390243902439,0.4426229508196721,-0.012310244562074413,0.012392398972182642,0.01888761273477202,2
phase0_tf_bbbp_stereo_changed_aff82_d20_lowtrain02,bbbp,stereo_20x,stereo,20,401,204,82,122,0.007142527460506783,0.02866523491493502,-0.02152270745442824,0.5853658536585366,0.8852459016393442,-0.06265593806468878,0.029958279836779744,0.05197104711155226,2
phase0_tf_bbbp_stereo_changed_aff82_d20_lowtrain02,bbbp,stereo_20x,stereo,20,421,204,82,122,-0.0649630182490843,-0.012829234701443882,-0.05213378354764042,0.3048780487804878,0.28688524590163933,-0.06607887884873731,0.022519915876806837,0.041438491238164676,2
phase0_tf_bbbp_stereo_changed_aff82_d20_lowtrain02,bbbp,stereo_20x,stereo,20,443,204,82,122,0.008810648830925541,0.002340988179699317,0.006469660651226224,0.5975609756097561,0.6639344262295082,-0.0013891046666443252,0.009195101595396328,0.014024943545554298,2
phase0_tf_bbbp_stereo_changed_aff82_d20_lowtrain02,bbbp,stereo_20x,stereo,20,467,204,82,122,0.026841772583926598,0.017914187254720056,0.008927585329206542,0.5975609756097561,0.8360655737704918,0.02284584079093116,0.016823198396439948,0.01908741537257804,2
phase0_tf_bbbp_stereo_changed_aff82_d20_lowtrain02,bbbp,stereo_20x,stereo,20,491,204,82,122,0.004862649411689939,0.03365022347110218,-0.02878757405941224,0.5365853658536586,0.9016393442622951,0.012733401406825863,0.041345012136745345,0.04921242965580074,2
phase0_tf_bbbp_stereo_changed_aff82_d20_lowtrain02,bbbp,stereo_20x,stereo,20,509,204,82,122,-0.05038948538826733,-0.01915779722030046,-0.031231688167966874,0.35365853658536583,0.5245901639344263,-0.0083337585291553,-0.0009993717861853874,0.00032863010828560434,2
phase0_tf_bbbp_stereo_changed_aff82_d20_lowtrain02,bbbp,stereo_20x,stereo,20,541,204,82,122,0.02270377590888884,0.008730656482645729,0.013973119426243113,0.7195121951219512,0.6967213114754098,0.013772901733221016,0.016474724117410407,0.01811796354006343,2
phase0_tf_bbbp_stereo_changed_aff82_d20_lowtrain02,bbbp,stereo_20x,stereo,20,563,204,82,122,-0.04265660120219719,-0.025244611025345122,-0.01741199017685207,0.2682926829268293,0.1885245901639344,-0.04908887922877167,-0.06182067504969029,-0.06444236198025768,2
phase0_tf_bbbp_stereo_changed_aff82_d20_lowtrain05,bbbp,decoy_20x,decoy,20,307,204,82,122,-0.0021853901264144177,-0.008555837830559155,0.006370447704144737,0.5,0.3524590163934426,-0.001559345438586185,-0.02461179336484767,-0.031085596577150723,2
phase0_tf_bbbp_stereo_changed_aff82_d20_lowtrain05,bbbp,decoy_20x,decoy,20,331,204,82,122,-0.031136896006944685,-0.01020786960105427,-0.020929026405890415,0.3902439024390244,0.27049180327868855,-0.013125859443815668,-0.05220916138993576,-0.062274287143732864,2
phase0_tf_bbbp_stereo_changed_aff82_d20_lowtrain05,bbbp,decoy_20x,decoy,20,353,204,82,122,-0.09385987607444206,0.00936094305065812,-0.10322081912510017,0.3780487804878049,0.7540983606557377,-0.004211793250246787,-0.009458027099977126,-0.009854120901502799,2
phase0_tf_bbbp_stereo_changed_aff82_d20_lowtrain05,bbbp,decoy_20x,decoy,20,379,204,82,122,3.1216115486388643e-06,-0.005650453635903663,0.005653575247452302,0.524390243902439,0.18032786885245902,-0.004091557870726521,-0.002705854338270919,-0.0022744848799451317,2
phase0_tf_bbbp_stereo_changed_aff82_d20_lowtrain05,bbbp,decoy_20x,decoy,20,401,204,82,122,-0.008412035136688043,0.014797301520211779,-0.023209336656899823,0.524390243902439,0.680327868852459,-0.05954307599083353,-0.014599144623627915,-0.0037290137640749385,2
phase0_tf_bbbp_stereo_changed_aff82_d20_lowtrain05,bbbp,decoy_20x,decoy,20,421,204,82,122,-0.11481660277378268,-0.0705624085652535,-0.04425419420852918,0.2073170731707317,0.1557377049180328,-0.0039023708175291993,0.027714792281769204,0.030639710645424017,2
phase0_tf_bbbp_stereo_changed_aff82_d20_lowtrain05,bbbp,decoy_20x,decoy,20,443,204,82,122,0.07691240546906866,0.013436730767859777,0.06347567470120888,0.5487804878048781,0.7786885245901639,-0.02297460805928997,0.06923967866393613,0.09081565784262469,2
phase0_tf_bbbp_stereo_changed_aff82_d20_lowtrain05,bbbp,decoy_20x,decoy,20,467,204,82,122,-0.0019818723383473267,-0.04012864808261882,0.03814677574427149,0.3780487804878049,0.26229508196721313,0.029903223278777036,0.05749042565966707,0.052979970243948814,2
phase0_tf_bbbp_stereo_changed_aff82_d20_lowtrain05,bbbp,decoy_20x,decoy,20,491,204,82,122,-0.0488293367642455,-0.07765681519493704,0.02882747843069154,0.2926829268292683,0.18032786885245902,-0.009594096291358212,-0.029415617085695938,-0.039683860421451264,2
phase0_tf_bbbp_stereo_changed_aff82_d20_lowtrain05,bbbp,decoy_20x,decoy,20,509,204,82,122,-0.0038101044369906844,0.003098606422054966,-0.006908710859045651,0.5609756097560976,0.45081967213114754,-0.04023297357121368,-0.04549141313071197,-0.04646871221856143,2
phase0_tf_bbbp_stereo_changed_aff82_d20_lowtrain05,bbbp,decoy_20x,decoy,20,541,204,82,122,0.043619352142985277,-0.0065825195586095165,0.05020187170159479,0.6951219512195121,0.4180327868852459,0.015634567602047858,0.006845551463778786,0.004723644650783046,2
phase0_tf_bbbp_stereo_changed_aff82_d20_lowtrain05,bbbp,decoy_20x,decoy,20,563,204,82,122,0.1336910061356498,0.037033463431308505,0.09665754270434129,0.7317073170731707,0.7786885245901639,0.055765897750989724,0.07549596113976743,0.0786783240062019,2
phase0_tf_bbbp_stereo_changed_aff82_d20_lowtrain05,bbbp,decoy_20x,decoy,20,601,204,82,122,-0.02488914241151112,0.022570755515919364,-0.04745989792743048,0.5365853658536586,0.8934426229508197,0.009237662736673674,0.01486547895640421,0.01650247862865096,2
phase0_tf_bbbp_stereo_changed_aff82_d20_lowtrain05,bbbp,decoy_20x,decoy,20,631,204,82,122,-0.05056610371826625,-0.0009291565167855071,-0.04963694720148075,0.2804878048780488,0.3360655737704918,-0.03692632952529838,-0.10213219265626293,-0.11326757158792712,2
phase0_tf_bbbp_stereo_changed_aff82_d20_lowtrain05,bbbp,decoy_20x,decoy,20,653,204,82,122,-0.0007437338552823951,-0.010687247285100277,0.009943513429817882,0.524390243902439,0.5409836065573771,0.015781774505874518,0.007990958935912222,0.006470291580727197,2
phase0_tf_bbbp_stereo_changed_aff82_d20_lowtrain05,bbbp,decoy_20x,decoy,20,677,204,82,122,0.09068591315753577,0.026460861726129655,0.06422505143140611,0.6829268292682927,0.7540983606557377,0.06359888830708321,0.10574348884822588,0.11539120484405879,2
phase0_tf_bbbp_stereo_changed_aff82_d20_lowtrain05,bbbp,decoy_20x,decoy,20,701,204,82,122,0.0549694018256737,-0.01191285785409759,0.0668822596797713,0.7926829268292683,0.7049180327868853,0.04894650162284982,0.03830137074644852,0.039071131783171203,2
phase0_tf_bbbp_stereo_changed_aff82_d20_lowtrain05,bbbp,decoy_20x,decoy,20,733,204,82,122,0.021503888570317407,0.010038660549115936,0.01146522802120147,0.5609756097560976,0.5573770491803278,-0.020450738672490205,-0.042856872979694705,-0.04756189069901104,2
phase0_tf_bbbp_stereo_changed_aff82_d20_lowtrain05,bbbp,decoy_20x,decoy,20,757,204,82,122,0.0027056692576989936,0.009012555611915272,-0.006306886354216279,0.5487804878048781,0.8360655737704918,0.008441423575700178,0.017408972483538582,0.019327722933451558,2
phase0_tf_bbbp_stereo_changed_aff82_d20_lowtrain05,bbbp,decoy_20x,decoy,20,787,204,82,122,0.027934270933633893,-0.010711684853571364,0.038645955787205255,0.6585365853658537,0.45901639344262296,0.06779853172863542,0.1064188047460193,0.11458829431376338,2
phase0_tf_bbbp_stereo_changed_aff82_d20_lowtrain05,bbbp,decoy_20x,decoy,20,811,204,82,122,0.020733191995177334,0.019136610120290616,0.0015965818748867183,0.6219512195121951,0.4918032786885246,-0.02466149671232501,-0.013669852007673287,-0.017024355192971023,2
phase0_tf_bbbp_stereo_changed_aff82_d20_lowtrain05,bbbp,decoy_20x,decoy,20,839,204,82,122,0.030681955287369285,-0.0001561703068799735,0.03083812559424926,0.5853658536585366,0.5081967213114754,-0.01820759751288137,-0.0042332338681341205,-0.0017885990836968985,2
phase0_tf_bbbp_stereo_changed_aff82_d20_lowtrain05,bbbp,decoy_20x,decoy,20,863,204,82,122,-0.04266942274279711,-0.008901791738682116,-0.03376763100411499,0.3048780487804878,0.29508196721311475,-0.009079545962019153,-0.047295681939509185,-0.054908391847136605,2
phase0_tf_bbbp_stereo_changed_aff82_d20_lowtrain05,bbbp,decoy_20x,decoy,20,887,204,82,122,-0.03236150300902564,0.017425500375569843,-0.049787003384595484,0.43902439024390244,0.5819672131147541,0.00575300689129063,-0.04044572154716681,-0.04827037714345473,2
phase0_tf_bbbp_stereo_changed_aff82_d20_lowtrain05,bbbp,exact_20x,exact,20,307,204,82,122,0.0011776558509687082,0.0005786106234691191,0.000599045227499589,0.524390243902439,0.36065573770491804,-0.00883281599908441,-0.013920998873969673,-0.015588226470584726,2
phase0_tf_bbbp_stereo_changed_aff82_d20_lowtrain05,bbbp,exact_20x,exact,20,331,204,82,122,-0.0004271150725643701,-0.01007129264171007,0.0096441775691457,0.5365853658536586,0.2459016393442623,0.002123284402033687,-0.013495885686506953,-0.017797463453152813,2
phase0_tf_bbbp_stereo_changed_aff82_d20_lowtrain05,bbbp,exact_20x,exact,20,353,204,82,122,-0.04664460669566945,-0.009530925863712535,-0.037113680831956916,0.573170731707317,0.6065573770491803,-0.030207445562257938,0.01778839198261202,0.02744840908642536,2
phase0_tf_bbbp_stereo_changed_aff82_d20_lowtrain05,bbbp,exact_20x,exact,20,379,204,82,122,0.016033321255590854,-0.008220187220417086,0.02425350847600794,0.573170731707317,0.18032786885245902,0.005733240447694788,0.01122291137224115,0.012131647826249968,2
phase0_tf_bbbp_stereo_changed_aff82_d20_lowtrain05,bbbp,exact_20x,exact,20,401,204,82,122,0.008692037495898034,-0.005020802275689893,0.013712839771587926,0.6219512195121951,0.680327868852459,0.04091451063083359,0.1007566835331343,0.114778324071503,2
phase0_tf_bbbp_stereo_changed_aff82_d20_lowtrain05,bbbp,exact_20x,exact,20,421,204,82,122,-0.08968205077619087,-0.06300928910858318,-0.026672761667607695,0.21951219512195122,0.14754098360655737,-0.01757260437277247,0.03540544889671816,0.043763180917173135,2
phase0_tf_bbbp_stereo_changed_aff82_d20_lowtrain05,bbbp,exact_20x,exact,20,443,204,82,122,0.07582057830764026,-0.007999196526457053,0.08381977483409732,0.4634146341463415,0.22131147540983606,-0.02366343665662185,0.04505123897109399,0.06086859998422636,2
phase0_tf_bbbp_stereo_changed_aff82_d20_lowtrain05,bbbp,exact_20x,exact,20,467,204,82,122,-0.025232993884057534,-0.023218134433397496,-0.002014859450660038,0.35365853658536583,0.27049180327868855,-0.05813971692627793,-0.034799728531208725,-0.039734742484774245,2
phase0_tf_bbbp_stereo_changed_aff82_d20_lowtrain05,bbbp,exact_20x,exact,20,491,204,82,122,-0.06262453050329918,-0.061737957944879775,-0.0008865725584194031,0.2804878048780488,0.21311475409836064,-0.011700896125420468,-0.026575500493165708,-0.03556900027856626,2
phase0_tf_bbbp_stereo_changed_aff82_d20_lowtrain05,bbbp,exact_20x,exact,20,509,204,82,122,0.04073257240035186,0.013481861133067345,0.02725071126728451,0.4024390243902439,0.4180327868852459,0.06077362029183231,0.031447713605437244,0.025574710665851846,2
phase0_tf_bbbp_stereo_changed_aff82_d20_lowtrain05,bbbp,exact_20x,exact,20,541,204,82,122,0.15547892510345795,0.021146235743262735,0.1343326893601952,0.7560975609756098,0.7540983606557377,0.050827860285804216,0.09814866563733404,0.1128450641860113,2
phase0_tf_bbbp_stereo_changed_aff82_d20_lowtrain05,bbbp,exact_20x,exact,20,563,204,82,122,0.01830011824282204,-0.007413277494125682,0.02571339573694772,0.5609756097560976,0.5245901639344263,0.012484879105916294,0.03431708323552444,0.04019049620497366,2
phase0_tf_bbbp_stereo_changed_aff82_d20_lowtrain05,bbbp,exact_20x,exact,20,601,204,82,122,-0.025337153636827713,0.015125062866289105,-0.04046221650311682,0.5365853658536586,0.8688524590163934,0.010651827022604032,0.004405124015219541,0.0026774589551006017,2
phase0_tf_bbbp_stereo_changed_aff82_d20_lowtrain05,bbbp,exact_20x,exact,20,631,204,82,122,-0.05909929565358454,-0.01128431536318338,-0.047814980290401154,0.2804878048780488,0.32786885245901637,-0.01058231986615163,-0.055635410304892344,-0.06215355891239589,2
phase0_tf_bbbp_stereo_changed_aff82_d20_lowtrain05,bbbp,exact_20x,exact,20,653,204,82,122,-0.004555630429488858,-0.015955180418295932,0.011399549988807073,0.4634146341463415,0.19672131147540983,-0.0060703017595093375,-0.008817978076642323,-0.009183936687138081,2
phase0_tf_bbbp_stereo_changed_aff82_d20_lowtrain05,bbbp,exact_20x,exact,20,677,204,82,122,-0.026896505911902693,-0.005206916053764149,-0.021689589858138545,0.2926829268292683,0.5081967213114754,-0.018700449356369716,-0.01573284714312707,-0.015956190372063386,2
phase0_tf_bbbp_stereo_changed_aff82_d20_lowtrain05,bbbp,exact_20x,exact,20,701,204,82,122,0.04211878126896009,-0.0016007991660325327,0.043719580434992626,0.6097560975609756,0.5409836065573771,0.04619024894199336,0.09262822723224023,0.10229823298700443,2
phase0_tf_bbbp_stereo_changed_aff82_d20_lowtrain05,bbbp,exact_20x,exact,20,733,204,82,122,0.03740597116511043,-0.011672247964583455,0.04907821912969389,0.7439024390243902,0.5409836065573771,0.007655586390504454,-0.015360510159154465,-0.020243625336387933,2
phase0_tf_bbbp_stereo_changed_aff82_d20_lowtrain05,bbbp,exact_20x,exact,20,757,204,82,122,0.018513046205043796,-0.006947830075123271,0.025460876280167067,0.7073170731707317,0.3770491803278688,0.019315276967358234,0.028563639480849154,0.030528559147042396,2
phase0_tf_bbbp_stereo_changed_aff82_d20_lowtrain05,bbbp,exact_20x,exact,20,787,204,82,122,0.01313849602167199,-0.022434364790554915,0.03557286081222691,0.4634146341463415,0.21311475409836064,-0.017822162543028864,-0.028510015633395,-0.03130836543753446,2
phase0_tf_bbbp_stereo_changed_aff82_d20_lowtrain05,bbbp,exact_20x,exact,20,811,204,82,122,-0.008535582458645828,0.004266971630639719,-0.012802554089285547,0.4268292682926829,0.3360655737704918,-0.05189572890627972,0.0410230305845693,0.05133107725699686,2
phase0_tf_bbbp_stereo_changed_aff82_d20_lowtrain05,bbbp,exact_20x,exact,20,839,204,82,122,-0.0024744616594256463,-0.01900376110780435,0.016529299448378703,0.3780487804878049,0.21311475409836064,-0.010067401821896721,-0.03192933561543316,-0.036240927950910565,2
phase0_tf_bbbp_stereo_changed_aff82_d20_lowtrain05,bbbp,exact_20x,exact,20,863,204,82,122,-0.055985792744450445,-0.006564570987810864,-0.04942122175663958,0.4634146341463415,0.319672131147541,0.004158720361009727,-0.04786677317692451,-0.058258058746639495,2
phase0_tf_bbbp_stereo_changed_aff82_d20_lowtrain05,bbbp,exact_20x,exact,20,887,204,82,122,-0.013725871856256237,0.020729494693337895,-0.034455366549594135,0.4634146341463415,0.6885245901639344,0.0017676954402569,-0.012756459698554594,-0.014830439331514927,2
phase0_tf_bbbp_stereo_changed_aff82_d20_lowtrain05,bbbp,random_20x,random,20,307,204,82,122,0.016795353736819292,0.008175818157977738,0.008619535578841554,0.7317073170731707,0.5327868852459017,-0.002453659200182368,-0.013096269079692606,-0.01599407860515483,2
phase0_tf_bbbp_stereo_changed_aff82_d20_lowtrain05,bbbp,random_20x,random,20,331,204,82,122,-0.04403236290303671,-0.008828658671652686,-0.035203704231384025,0.4268292682926829,0.36885245901639346,-0.012905304837636578,-0.0545269215984734,-0.06537310525392565,2
phase0_tf_bbbp_stereo_changed_aff82_d20_lowtrain05,bbbp,random_20x,random,20,353,204,82,122,-0.13394877141932163,0.027185228210492206,-0.16113399962981384,0.3780487804878049,0.5737704918032787,-0.09134013949210941,-0.10117382151869742,-0.10206368784713854,2
phase0_tf_bbbp_stereo_changed_aff82_d20_lowtrain05,bbbp,random_20x,random,20,379,204,82,122,0.023163899597598275,-0.01061305709061076,0.033776956688209035,0.4634146341463415,0.14754098360655737,-0.0075622063921542415,0.017119651168849153,0.023023917822158638,2
phase0_tf_bbbp_stereo_changed_aff82_d20_lowtrain05,bbbp,random_20x,random,20,401,204,82,122,0.01569072179859732,0.009083071219750124,0.006607650578847197,0.6585365853658537,0.8032786885245902,0.04586657357222723,0.12246176704842836,0.14031458148252757,2
phase0_tf_bbbp_stereo_changed_aff82_d20_lowtrain05,bbbp,random_20x,random,20,421,204,82,122,0.012461073605752581,-0.010738566426224396,0.023199640031976977,0.6585365853658537,0.5655737704918032,0.0303022512703434,0.03427319971711016,0.03591586885510564,2
phase0_tf_bbbp_stereo_changed_aff82_d20_lowtrain05,bbbp,random_20x,random,20,443,204,82,122,0.07165101043334822,0.032691996483529204,0.038959013949819016,0.6707317073170732,0.9016393442622951,0.01769192198282732,0.09531585910995626,0.11391631388559291,2
phase0_tf_bbbp_stereo_changed_aff82_d20_lowtrain05,bbbp,random_20x,random,20,467,204,82,122,-0.0351514080312194,-0.04107901702833469,0.005927608997115294,0.36585365853658536,0.18032786885245902,0.020137853524999194,0.023505035030992136,0.013252175375163211,2
phase0_tf_bbbp_stereo_changed_aff82_d20_lowtrain05,bbbp,random_20x,random,20,491,204,82,122,-0.05956064096492966,-0.07412848160525815,0.014567840640328483,0.2682926829268293,0.20491803278688525,-0.014985878927872287,-0.0390929441977532,-0.05033277994138222,2
phase0_tf_bbbp_stereo_changed_aff82_d20_lowtrain05,bbbp,random_20x,random,20,509,204,82,122,0.025095465842907023,0.053016583847462155,-0.027921118004555132,0.34146341463414637,0.30327868852459017,-0.04034740071268997,-0.12140165846547046,-0.13800977724974248,2
phase0_tf_bbbp_stereo_changed_aff82_d20_lowtrain05,bbbp,random_20x,random,20,541,204,82,122,0.04536845898482858,-0.002865162479584336,0.048233621464412915,0.6707317073170732,0.47540983606557374,0.01973717178237383,0.03115100557423704,0.03431218579389132,2
phase0_tf_bbbp_stereo_changed_aff82_d20_lowtrain05,bbbp,random_20x,random,20,563,204,82,122,0.11986829794761611,0.00263943512481256,0.11722886282280355,0.6829268292682927,0.6639344262295082,0.0482978636151884,0.1088123321825747,0.12251589614747956,2
phase0_tf_bbbp_stereo_changed_aff82_d20_lowtrain05,bbbp,stereo_20x,stereo,20,307,204,82,122,-0.0009435994050851672,-0.008214777732481726,0.007271178327396558,0.5,0.3770491803278688,0.016590893514704948,0.01294202543657442,0.011868313387333298,2
phase0_tf_bbbp_stereo_changed_aff82_d20_lowtrain05,bbbp,stereo_20x,stereo,20,331,204,82,122,-0.012718066936585951,0.0012948607079318276,-0.014012927644517779,0.4634146341463415,0.47540983606557374,-0.005797372659338149,-0.014975963390300814,-0.01751170497679527,2
phase0_tf_bbbp_stereo_changed_aff82_d20_lowtrain05,bbbp,stereo_20x,stereo,20,353,204,82,122,0.05273269784704941,-0.00031017716668669594,0.053042875013736106,0.7682926829268293,0.6475409836065574,0.010196280154374612,0.016571222829267002,0.017406072485108934,2
phase0_tf_bbbp_stereo_changed_aff82_d20_lowtrain05,bbbp,stereo_20x,stereo,20,379,204,82,122,-0.029393580810325903,-0.016285744968984953,-0.01310783584134095,0.36585365853658536,0.12295081967213115,-0.006749740659359932,-0.03084649227928515,-0.03740835021098161,2
phase0_tf_bbbp_stereo_changed_aff82_d20_lowtrain05,bbbp,stereo_20x,stereo,20,401,204,82,122,0.01719315890677092,0.027673397625445354,-0.010480238718674435,0.6097560975609756,0.860655737704918,-0.006593650471945323,0.08747856993763722,0.11094515079600872,2
phase0_tf_bbbp_stereo_changed_aff82_d20_lowtrain05,bbbp,stereo_20x,stereo,20,421,204,82,122,-0.06814798730902555,-0.04280935633988654,-0.025338630969139006,0.23170731707317074,0.20491803278688525,-0.0025908663530790355,0.05350298150831452,0.0632021914288369,2
phase0_tf_bbbp_stereo_changed_aff82_d20_lowtrain05,bbbp,stereo_20x,stereo,20,443,204,82,122,0.03583632046129645,0.004646884124787129,0.03118943633650932,0.5365853658536586,0.7131147540983607,0.0015253099264679326,0.04449292752514567,0.05462408310731446,2
phase0_tf_bbbp_stereo_changed_aff82_d20_lowtrain05,bbbp,stereo_20x,stereo,20,467,204,82,122,-0.05302104090408581,-0.032589383438595985,-0.020431657465489826,0.2682926829268293,0.22950819672131148,-0.01368295718939877,0.009685798646250273,0.0073667739441202786,2
phase0_tf_bbbp_stereo_changed_aff82_d20_lowtrain05,bbbp,stereo_20x,stereo,20,491,204,82,122,-0.0205149380263032,-0.04134577918858802,0.02083084116228482,0.4024390243902439,0.2540983606557377,0.028680751896893064,0.05249924570423909,0.05431875695710643,2
phase0_tf_bbbp_stereo_changed_aff82_d20_lowtrain05,bbbp,stereo_20x,stereo,20,509,204,82,122,0.04838915459993409,0.041652382885823486,0.0067367717141106065,0.4634146341463415,0.48360655737704916,0.01557340244477666,-0.07979346433460316,-0.0996404331355449,2
phase0_tf_bbbp_stereo_changed_aff82_d20_lowtrain05,bbbp,stereo_20x,stereo,20,541,204,82,122,0.04810838019702493,0.015542274737944367,0.03256610545908056,0.6951219512195121,0.7540983606557377,0.01707095145645493,0.04776072640630023,0.056232730544536064,2
phase0_tf_bbbp_stereo_changed_aff82_d20_lowtrain05,bbbp,stereo_20x,stereo,20,563,204,82,122,0.10326675689075052,0.0189924032778525,0.08427435361289802,0.7317073170731707,0.7213114754098361,0.024689899188315823,0.07300161118553751,0.0863576150417161,2
phase0_tf_bbbp_stereo_changed_aff82_d20_lowtrain05,bbbp,stereo_20x,stereo,20,601,204,82,122,-0.012282064956862758,0.006676856367314445,-0.018958921324177203,0.4634146341463415,0.819672131147541,0.010873150515502278,0.006656555702575314,0.005196295389379293,2
phase0_tf_bbbp_stereo_changed_aff82_d20_lowtrain05,bbbp,stereo_20x,stereo,20,631,204,82,122,-0.0787714712049176,-0.005855762979901237,-0.07291570822501636,0.2682926829268293,0.32786885245901637,-0.026816599858287438,-0.08008652836936528,-0.08788183473354169,2
phase0_tf_bbbp_stereo_changed_aff82_d20_lowtrain05,bbbp,stereo_20x,stereo,20,653,204,82,122,0.014818117022514338,-0.0026037416375074133,0.01742185866002175,0.6219512195121951,0.4016393442622951,-0.01099430506789234,-0.011696827637151476,-0.011588536767243819,2
phase0_tf_bbbp_stereo_changed_aff82_d20_lowtrain05,bbbp,stereo_20x,stereo,20,677,204,82,122,-0.005482601955896477,-0.006091732043223301,0.000609130087326824,0.43902439024390244,0.27049180327868855,-7.638111915760082e-05,-0.004665908051953453,-0.006064608705835447,2
phase0_tf_bbbp_stereo_changed_aff82_d20_lowtrain05,bbbp,stereo_20x,stereo,20,701,204,82,122,0.011721961063946164,0.00476467952926139,0.006957281534684774,0.45121951219512196,0.5655737704918032,0.014169524807482736,0.0038416863498962855,2.3534843520675586e-05,2
phase0_tf_bbbp_stereo_changed_aff82_d20_lowtrain05,bbbp,stereo_20x,stereo,20,733,204,82,122,0.05063291748122471,0.036688711417869474,0.013944206063355238,0.7195121951219512,0.8442622950819673,-0.05169895950054082,-0.007181028546028913,0.0021581085880599538,2
phase0_tf_bbbp_stereo_changed_aff82_d20_lowtrain05,bbbp,stereo_20x,stereo,20,757,204,82,122,0.049094527414659174,0.027788766888809994,0.02130576052584918,0.5853658536585366,0.8934426229508197,0.00764505616053468,0.09339495971991629,0.11166473316161432,2
phase0_tf_bbbp_stereo_changed_aff82_d20_lowtrain05,bbbp,stereo_20x,stereo,20,787,204,82,122,0.008988186399020798,0.005521489933255263,0.0034666964657655347,0.43902439024390244,0.36885245901639346,-0.0037839321377655943,-0.03515062148869313,-0.04211551743533351,2
phase0_tf_bbbp_stereo_changed_aff82_d20_lowtrain05,bbbp,stereo_20x,stereo,20,811,204,82,122,0.01994682705347858,-0.018777286053680987,0.03872411310715956,0.6097560975609756,0.28688524590163933,0.08582609147679393,0.1714541437930351,0.1839359206567261,2
phase0_tf_bbbp_stereo_changed_aff82_d20_lowtrain05,bbbp,stereo_20x,stereo,20,839,204,82,122,0.010293517806907975,0.005732438664455881,0.0045610791424520935,0.47560975609756095,0.5983606557377049,-0.014334397428092987,-0.008498470689234096,-0.00691460665165892,2
phase0_tf_bbbp_stereo_changed_aff82_d20_lowtrain05,bbbp,stereo_20x,stereo,20,863,204,82,122,-0.01988297319266854,-0.001440783382439228,-0.018442189810229312,0.2682926829268293,0.4672131147540984,-0.017307369916571072,-0.026343178141694186,-0.028151397146904938,2
phase0_tf_bbbp_stereo_changed_aff82_d20_lowtrain05,bbbp,stereo_20x,stereo,20,887,204,82,122,-0.041885776899573283,0.08137125715796577,-0.12325703405753904,0.4024390243902439,0.7459016393442623,-0.10404253142655011,-0.1294284863986009,-0.13175438763258496,2
phase0_tf_bbbp_stereo_changed_aff82_d20_lowtrain25,bbbp,decoy_20x,decoy,20,307,204,82,122,0.053226152162362914,-0.02112592397959995,0.07435207614196286,0.7682926829268293,0.5409836065573771,0.034367385284530316,0.11147454701032262,0.12854195293677256,2
phase0_tf_bbbp_stereo_changed_aff82_d20_lowtrain25,bbbp,decoy_20x,decoy,20,331,204,82,122,0.024949962341385645,0.001623002285534729,0.023326960055850915,0.5609756097560976,0.39344262295081966,-0.06297956442383251,-0.01194477197094645,-0.0017783746157764985,2
phase0_tf_bbbp_stereo_changed_aff82_d20_lowtrain25,bbbp,decoy_20x,decoy,20,353,204,82,122,-0.020646204808499775,0.06127930098961367,-0.08192550579811345,0.4024390243902439,0.7704918032786885,0.04412626164560007,0.13286095219099836,0.15070320533047227,2
phase0_tf_bbbp_stereo_changed_aff82_d20_lowtrain25,bbbp,decoy_20x,decoy,20,379,204,82,122,-0.04379309833095205,0.04084583148207577,-0.08463892981302781,0.23170731707317074,0.39344262295081966,-0.003238942663394251,0.038965827921895534,0.05192295653785449,2
phase0_tf_bbbp_stereo_changed_aff82_d20_lowtrain25,bbbp,decoy_20x,decoy,20,401,204,82,122,0.01051719641176666,0.004947113911392261,0.0055700825003743995,0.6463414634146342,0.5491803278688525,-0.09720370578271853,-0.05724057087472366,-0.04926535012696265,2
phase0_tf_bbbp_stereo_changed_aff82_d20_lowtrain25,bbbp,decoy_20x,decoy,20,421,204,82,122,0.007081316897600157,0.00780467289026643,-0.0007233559926662731,0.7926829268292683,0.5819672131147541,-0.06752197301847362,-0.14669715339993866,-0.16328157401991253,2
phase0_tf_bbbp_stereo_changed_aff82_d20_lowtrain25,bbbp,decoy_20x,decoy,20,443,204,82,122,-0.01523126929816677,0.001213593179451636,-0.016444862477618404,0.4024390243902439,0.4262295081967213,-0.004554293055099565,-0.016721699420219525,-0.020545951805631492,2
phase0_tf_bbbp_stereo_changed_aff82_d20_lowtrain25,bbbp,decoy_20x,decoy,20,467,204,82,122,-0.044903060421347625,-0.022103045471623294,-0.02280001494972433,0.23170731707317074,0.1885245901639344,-0.01500135962929755,-0.01642133240950766,-0.018396757423131255,2
phase0_tf_bbbp_stereo_changed_aff82_d20_lowtrain25,bbbp,decoy_20x,decoy,20,491,204,82,122,-0.00382678197106211,0.028400840298807028,-0.03222762226986914,0.6707317073170732,0.8278688524590164,-0.055615136506384694,-0.009259682090186174,0.0005485561117733392,2
phase0_tf_bbbp_stereo_changed_aff82_d20_lowtrain25,bbbp,decoy_20x,decoy,20,509,204,82,122,0.043065072468868114,0.015401155962685096,0.027663916506183016,0.8170731707317073,0.7213114754098361,0.05766390610494335,0.0965885123040414,0.10525098658099954,2
phase0_tf_bbbp_stereo_changed_aff82_d20_lowtrain25,bbbp,decoy_20x,decoy,20,541,204,82,122,0.03862169297502899,-0.02265855778756811,0.0612802507625971,0.5609756097560976,0.2540983606557377,0.06100521719346337,0.1451560383946005,0.15899390631406576,2
phase0_tf_bbbp_stereo_changed_aff82_d20_lowtrain25,bbbp,decoy_20x,decoy,20,563,204,82,122,0.03355654747020907,0.013341693047311948,0.020214854422897124,0.7073170731707317,0.45901639344262296,-0.051531139386730096,-0.01073169474991096,-0.0018334733580454773,2
phase0_tf_bbbp_stereo_changed_aff82_d20_lowtrain25,bbbp,exact_20x,exact,20,307,204,82,122,-0.005614105066875128,-0.028049289187813388,0.02243518412093826,0.6707317073170732,0.5491803278688525,0.0414753429615318,0.09451365892321738,0.10586107450537635,2
phase0_tf_bbbp_stereo_changed_aff82_d20_lowtrain25,bbbp,exact_20x,exact,20,331,204,82,122,-0.042366553498318464,-0.04387154730158995,0.0015049938032714871,0.7560975609756098,0.7131147540983607,0.08101624534881695,0.09750423961136967,0.10295900309972855,2
phase0_tf_bbbp_stereo_changed_aff82_d20_lowtrain25,bbbp,exact_20x,exact,20,353,204,82,122,0.03134913772072006,0.045734596079917714,-0.014385458359197655,0.573170731707317,0.6229508196721312,0.00832685563396729,0.07120409987351313,0.08314367580739107,2
phase0_tf_bbbp_stereo_changed_aff82_d20_lowtrain25,bbbp,exact_20x,exact,20,379,204,82,122,-0.04375767677159206,0.03884855770796049,-0.08260623447955255,0.4024390243902439,0.4426229508196721,-0.015958171891542416,-0.04469792728593845,-0.04891615683073548,2
phase0_tf_bbbp_stereo_changed_aff82_d20_lowtrain25,bbbp,exact_20x,exact,20,401,204,82,122,0.03062829897716278,-0.00747229916150453,0.03810059813866731,0.5365853658536586,0.4098360655737705,-0.026647877918608953,0.013532102081844811,0.022048388414111338,2
phase0_tf_bbbp_stereo_changed_aff82_d20_lowtrain25,bbbp,exact_20x,exact,20,421,204,82,122,-0.08880179557131558,-0.01518779709080204,-0.07361399848051355,0.23170731707317074,0.1885245901639344,-0.044973995305710585,-0.12796402460959494,-0.1466887317274967,2
phase0_tf_bbbp_stereo_changed_aff82_d20_lowtrain25,bbbp,exact_20x,exact,20,443,204,82,122,0.021477988762099567,-0.0016465520516770762,0.023124540813776642,0.6463414634146342,0.45901639344262296,0.02147534931696129,0.01018167648351552,0.006659862601281888,2
phase0_tf_bbbp_stereo_changed_aff82_d20_lowtrain25,bbbp,exact_20x,exact,20,467,204,82,122,-0.05651052873127346,-0.05031477249242731,-0.006195756238846155,0.25609756097560976,0.12295081967213115,-0.016474908618360276,-0.015298887025509869,-0.01900568015798685,2
phase0_tf_bbbp_stereo_changed_aff82_d20_lowtrain25,bbbp,exact_20x,exact,20,491,204,82,122,0.016692554623615442,0.028933428579055873,-0.012240873955440431,0.6463414634146342,0.680327868852459,-0.01599936342176817,-0.05684924264061929,-0.06525171801451428,2
phase0_tf_bbbp_stereo_changed_aff82_d20_lowtrain25,bbbp,exact_20x,exact,20,509,204,82,122,0.02988592149099199,0.020557534987809243,0.009328386503182746,0.6097560975609756,0.7622950819672131,0.0991583679594985,0.10508412686200685,0.10471579146373391,2
phase0_tf_bbbp_stereo_changed_aff82_d20_lowtrain25,bbbp,exact_20x,exact,20,541,204,82,122,-0.013928139230190983,-0.048925948829283236,0.03499780959909225,0.2926829268292683,0.19672131147540983,-0.026120455092282828,0.007652888134488766,0.008326525989747759,2
phase0_tf_bbbp_stereo_changed_aff82_d20_lowtrain25,bbbp,exact_20x,exact,20,563,204,82,122,0.017136533608342077,-0.005182134491376215,0.022318668099718292,0.7073170731707317,0.5901639344262295,0.015354453072181713,0.0018212843465385312,-0.0010680642323489791,2
phase0_tf_bbbp_stereo_changed_aff82_d20_lowtrain25,bbbp,random_20x,random,20,307,204,82,122,-0.02022723444714778,0.005821490538169122,-0.026048724985316903,0.3170731707317073,0.5573770491803278,0.014993541360358215,0.027618282719626092,0.02998767657972793,2
phase0_tf_bbbp_stereo_changed_aff82_d20_lowtrain25,bbbp,random_20x,random,20,331,204,82,122,-0.037492283026506076,-0.047247616640009656,0.00975533361350358,0.7560975609756098,0.45081967213114754,-0.008750569544098252,-0.059794206191264715,-0.06915059496142871,2
phase0_tf_bbbp_stereo_changed_aff82_d20_lowtrain25,bbbp,random_20x,random,20,353,204,82,122,-0.01075653829498261,-0.05053908226545901,0.0397825439704764,0.7195121951219512,0.5819672131147541,0.062216835032477324,0.17740413049224413,0.2021168906978317,2
phase0_tf_bbbp_stereo_changed_aff82_d20_lowtrain25,bbbp,random_20x,random,20,379,204,82,122,-0.03965195923725643,0.054516097858975654,-0.09416805709623208,0.23170731707317074,0.4344262295081967,0.0007018591819309417,0.035848076062425606,0.04717094509757099,2
phase0_tf_bbbp_stereo_changed_aff82_d20_lowtrain25,bbbp,random_20x,random,20,401,204,82,122,-0.0036137480652186902,-0.010783920660004262,0.007170172594785572,0.47560975609756095,0.28688524590163933,-0.12470598510320613,-0.09995774563273908,-0.0942305458289829,2
phase0_tf_bbbp_stereo_changed_aff82_d20_lowtrain25,bbbp,random_20x,random,20,421,204,82,122,-0.008918282257892733,-0.0029509939467076396,-0.005967288311185093,0.7926829268292683,0.5737704918032787,-0.04095084280647773,-0.1214155575232298,-0.138371394933823,2
phase0_tf_bbbp_stereo_changed_aff82_d20_lowtrain25,bbbp,random_20x,random,20,443,204,82,122,0.03754758755335721,0.012967740933670374,0.024579846619686832,0.7560975609756098,0.6475409836065574,0.022481088813325036,0.062105029569463815,0.07164432655540916,2
phase0_tf_bbbp_stereo_changed_aff82_d20_lowtrain25,bbbp,random_20x,random,20,467,204,82,122,0.016236653324307463,-0.0024100750470991993,0.018646728371406664,0.6341463414634146,0.4180327868852459,0.03907276018689668,0.07029755102368643,0.07724767775586779,2
phase0_tf_bbbp_stereo_changed_aff82_d20_lowtrain25,bbbp,random_20x,random,20,491,204,82,122,0.007154743209844678,0.01765022607001125,-0.01049548286016657,0.4878048780487805,0.680327868852459,-0.044689611619142325,-0.017741786034506546,-0.011788774204600328,2
phase0_tf_bbbp_stereo_changed_aff82_d20_lowtrain25,bbbp,random_20x,random,20,509,204,82,122,-0.005166427073318784,0.01657997540457816,-0.021746402477896942,0.5,0.5983606557377049,0.004577549957363508,0.013355369221540217,0.013871335338622125,2
phase0_tf_bbbp_stereo_changed_aff82_d20_lowtrain25,bbbp,random_20x,random,20,541,204,82,122,0.008547817515890772,-0.0122223260056716,0.020770143521562374,0.5121951219512195,0.1721311475409836,-0.09168353422082381,-0.07607101892537238,-0.07885780711596645,2
phase0_tf_bbbp_stereo_changed_aff82_d20_lowtrain25,bbbp,random_20x,random,20,563,204,82,122,-0.02933216519744658,0.0006368410712504964,-0.029969006268697078,0.6341463414634146,0.5655737704918032,-0.05929649201971504,-0.0838491847036174,-0.08864764036510803,2
phase0_tf_bbbp_stereo_changed_aff82_d20_lowtrain25,bbbp,stereo_20x,stereo,20,307,204,82,122,0.013733551042472454,-0.05564008492854287,0.06937363597101533,0.524390243902439,0.39344262295081966,0.03879572311398919,0.047989295439344506,0.05004907896891726,2
phase0_tf_bbbp_stereo_changed_aff82_d20_lowtrain25,bbbp,stereo_20x,stereo,20,331,204,82,122,0.04084789804069372,0.00998715073496225,0.03086074730573147,0.573170731707317,0.5409836065573771,-0.05335402930327254,-0.02245901369653898,-0.016150309058909795,2
phase0_tf_bbbp_stereo_changed_aff82_d20_lowtrain25,bbbp,stereo_20x,stereo,20,353,204,82,122,0.026632489852334667,0.010693305668222611,0.015939184184112054,0.7195121951219512,0.6721311475409836,0.08763801525782475,0.20026362447893414,0.2253857102246491,2
phase0_tf_bbbp_stereo_changed_aff82_d20_lowtrain25,bbbp,stereo_20x,stereo,20,379,204,82,122,-0.057669402770243766,0.04178494128749752,-0.09945434405774128,0.21951219512195122,0.4016393442622951,-0.0016631051329673574,-0.0008655079863814411,0.003417431335622133,2
phase0_tf_bbbp_stereo_changed_aff82_d20_lowtrain25,bbbp,stereo_20x,stereo,20,401,204,82,122,-0.020495928801232726,0.011183904148027552,-0.03167983294926028,0.6219512195121951,0.5327868852459017,-0.05701065220065865,-0.04144522152408817,-0.038729844438972365,2
phase0_tf_bbbp_stereo_changed_aff82_d20_lowtrain25,bbbp,stereo_20x,stereo,20,421,204,82,122,-0.0572199754235221,-0.052677405723294275,-0.004542569700227823,0.24390243902439024,0.18032786885245902,0.012542447397174972,-0.04730148032357185,-0.06073315844718807,2
phase0_tf_bbbp_stereo_changed_aff82_d20_lowtrain25,bbbp,stereo_20x,stereo,20,443,204,82,122,-0.002628797347225794,-0.031193649090948652,0.028564851743722856,0.5609756097560976,0.2540983606557377,0.021960493583237584,0.03384982166413962,0.0359691085703742,2
phase0_tf_bbbp_stereo_changed_aff82_d20_lowtrain25,bbbp,stereo_20x,stereo,20,467,204,82,122,0.015895154736027473,-0.017657369817988794,0.033552524554016264,0.573170731707317,0.38524590163934425,0.007450576417071586,0.05441908877933532,0.06544171532996376,2
phase0_tf_bbbp_stereo_changed_aff82_d20_lowtrain25,bbbp,stereo_20x,stereo,20,491,204,82,122,0.01450840747211038,-0.010673373647522737,0.025181781119633116,0.5853658536585366,0.36065573770491804,-0.01200659519993627,-0.001078981160360376,0.00123765588830318,2
phase0_tf_bbbp_stereo_changed_aff82_d20_lowtrain25,bbbp,stereo_20x,stereo,20,509,204,82,122,0.035325016553809006,0.013756887132271387,0.02156812942153762,0.7682926829268293,0.5245901639344263,0.0326242906452234,-0.0015363479514949807,-0.010498052491360751,2
phase0_tf_bbbp_stereo_changed_aff82_d20_lowtrain25,bbbp,stereo_20x,stereo,20,541,204,82,122,0.05090451295055994,-0.044260443596657914,0.09516495654721785,0.6097560975609756,0.11475409836065574,0.0277426465780679,0.09101201372549102,0.09711451148318716,2
phase0_tf_bbbp_stereo_changed_aff82_d20_lowtrain25,bbbp,stereo_20x,stereo,20,563,204,82,122,0.008266582880623456,-0.004960373418069765,0.013226956298693221,0.7439024390243902,0.5819672131147541,-0.014911940073117136,-0.01440596208681889,-0.014118543617493966,2
phase0_tf_confirm_top_len158_extra,bace,decoy_1x,decoy,1,61,151,64,87,-0.028408385580405586,0.040421257416407265,-0.06882964299681285,0.453125,0.5977011494252874,-0.016682848993543803,-0.07158304024564072,-0.06315280841614648,2
phase0_tf_confirm_top_len158_extra,bace,decoy_1x,decoy,1,73,151,64,87,-0.012150996364653117,-0.007800119361658211,-0.004350877002994907,0.484375,0.45977011494252873,-0.013112773271148303,-0.013000599062833636,-0.012875095453861743,2
phase0_tf_confirm_top_len158_extra,bace,decoy_1x,decoy,1,89,151,64,87,-0.013070566114038229,-0.007825769569681984,-0.005244796544356245,0.40625,0.42528735632183906,-0.007455672277945344,-0.008390788332421753,-0.010816823663685114,2
phase0_tf_confirm_top_len158_extra,bace,decoy_1x,decoy,1,107,151,64,87,-0.0542008972261101,0.03661890636230337,-0.09081980358841346,0.25,0.4827586206896552,-0.06395064519245075,-0.09200866526511849,-0.09181199707558153,2
phase0_tf_confirm_top_len158_extra,bace,decoy_20x,decoy,20,61,151,64,87,-0.0415906577836722,0.12134879981649328,-0.16293945760016548,0.375,0.632183908045977,-0.05184655329200853,-0.14298177791423483,-0.12639199572615262,2
phase0_tf_confirm_top_len158_extra,bace,decoy_20x,decoy,20,73,151,64,87,0.007182349916547529,-0.001770370308010053,0.008952720224557582,0.5,0.4827586206896552,0.0041393757338793954,0.004390368276260414,0.004805592120706476,2
phase0_tf_confirm_top_len158_extra,bace,decoy_20x,decoy,20,89,151,64,87,-0.0020661391317844348,-0.02506157892873918,0.022995439796954745,0.515625,0.3563218390804598,0.011130607106383084,0.011506917291000247,0.012346596230893767,2
phase0_tf_confirm_top_len158_extra,bace,decoy_20x,decoy,20,107,151,64,87,-0.01832505105994641,-0.043550954810504264,0.025225903750557853,0.5625,0.4482758620689655,0.03640571774204412,0.03176818747210821,0.02817734972180508,2
phase0_tf_confirm_top_len158_extra,bace,exact_20x,exact,20,61,151,64,87,-0.12751534255221486,0.08592266597967035,-0.21343800853188521,0.25,0.5172413793103449,-0.00300563640015444,-0.1818098896488425,-0.15700723429478067,2
phase0_tf_confirm_top_len158_extra,bace,exact_20x,exact,20,73,151,64,87,-0.0119350734166801,-0.025413016478220633,0.013477943061540534,0.40625,0.2988505747126437,0.003426987294712483,0.004804319373835807,0.007403766965216531,2
phase0_tf_confirm_top_len158_extra,bace,exact_20x,exact,20,89,151,64,87,0.00746490014716984,-0.0075834516821236455,0.015048351829293486,0.5625,0.5172413793103449,0.0059738383108690896,0.006408178568130649,0.007463023758815976,2
phase0_tf_confirm_top_len158_extra,bace,exact_20x,exact,20,107,151,64,87,-0.029417914571240544,0.0373199597514909,-0.06673787432273144,0.390625,0.5632183908045977,-0.013681673108213596,-0.05682516924762091,-0.05730488808300087,2
phase0_tf_confirm_top_len158_extra,bace,random_1x,random,1,61,151,64,87,-0.05389957921579478,0.1228625279390949,-0.17676210715488969,0.4375,0.5977011494252874,-0.08416872248648494,-0.1544588389844618,-0.14819070757480757,2
phase0_tf_confirm_top_len158_extra,bace,random_1x,random,1,73,151,64,87,0.005297205876559024,-0.009733747476818915,0.01503095335337794,0.515625,0.5057471264367817,0.012401059754298085,0.015544676359315387,0.021576522750291795,2
phase0_tf_confirm_top_len158_extra,bace,random_1x,random,1,89,151,64,87,0.004928233567625286,-0.013472927370290655,0.01840116093791594,0.515625,0.39080459770114945,0.013541218946899719,0.01351067397102226,0.013471839173994325,2
phase0_tf_confirm_top_len158_extra,bace,random_1x,random,1,107,151,64,87,-0.010749810142442577,-0.0586627249060006,0.04791291476355802,0.5625,0.41379310344827586,0.036085092395064466,0.04560291081224187,0.05176333635189978,2
phase0_tf_confirm_top_len158_extra,bbbp,decoy_5x,decoy,5,61,204,64,140,0.021304186084307737,-0.03245966822973319,0.053763854314040925,0.453125,0.32142857142857145,0.011320012704087862,0.007562797329864255,0.01046558750881,2
phase0_tf_confirm_top_len158_extra,bbbp,decoy_5x,decoy,5,73,204,64,140,0.04051844496279955,0.00119928262595619,0.03931916233684336,0.71875,0.5214285714285715,0.028872129543458323,0.02040429846203746,0.017125188917260708,2
phase0_tf_confirm_top_len158_extra,bbbp,decoy_5x,decoy,5,89,204,64,140,5.124538438394492e-05,0.01989756088171687,-0.019846315497332928,0.625,0.6714285714285714,-0.03851385249479106,-0.04270569766331503,-0.051715357741442765,2
phase0_tf_confirm_top_len158_extra,bbbp,decoy_5x,decoy,5,107,204,64,140,-0.021078045305330313,0.025662411709449107,-0.04674045701477942,0.25,0.42857142857142855,-0.0011321658828513104,-0.00734223847038426,0.01768351628146886,2
phase0_tf_confirm_top_len158_extra,bbbp,decoy_5x,decoy,5,131,204,64,140,-0.000800270587205876,0.0004827728228909609,-0.001283043410096837,0.625,0.55,0.009461010373057549,0.00821516107388883,0.008193122959765702,2
phase0_tf_confirm_top_len158_extra,bbbp,decoy_5x,decoy,5,149,204,64,140,-0.027893387945368886,-0.027382955673549852,-0.0005104322718190342,0.390625,0.35,0.018482757631553492,0.00913789732988601,0.004234937565879523,2
phase0_tf_confirm_top_len158_extra,bbbp,decoy_5x,decoy,5,167,204,64,140,-0.012476785341277722,-0.002050386688538961,-0.01042639865273876,0.546875,0.5357142857142857,-0.006049857104824172,-0.0026466412126940103,-0.002434906196946013,2
phase0_tf_confirm_top_len158_extra,bbbp,decoy_5x,decoy,5,181,204,64,140,0.016751351824495952,0.04940508043925677,-0.03265372861476082,0.546875,0.5,0.0012480969691041344,-0.011735999149891072,-0.008270313351649381,2
phase0_tf_confirm_top_len158_extra,bbbp,decoy_5x,decoy,5,199,204,64,140,-0.02967350580729544,0.0056905306543090384,-0.03536403646160448,0.203125,0.21428571428571427,-0.012089916616248426,-0.06744909233875489,-0.07481538935826698,2
phase0_tf_confirm_top_len158_extra,bbbp,decoy_5x,decoy,5,223,204,64,140,-0.024204318004194647,0.00014938262424298853,-0.024353700628437634,0.515625,0.5714285714285714,-0.008887383194992673,-0.006137819165640731,0.0033288086973682542,2
phase0_tf_confirm_top_len158_extra,bbbp,decoy_5x,decoy,5,241,204,64,140,0.0758959321829025,-0.02349239897781184,0.09938833116071434,0.609375,0.4928571428571429,0.06247627209575729,0.07173425838061467,0.0922668308961178,2
phase0_tf_confirm_top_len158_extra,bbbp,decoy_5x,decoy,5,263,204,64,140,0.005933191976509985,-0.00816906142447676,0.014102253400986744,0.390625,0.37142857142857144,0.026427470663103178,0.022259524217369993,0.02642045889290692,2
phase0_tf_confirm_top_len158_extra,bbbp,decoy_20x,decoy,20,61,204,64,140,0.04223142447881402,-0.07511537335813046,0.11734679783694447,0.453125,0.2571428571428571,0.04440341083046029,0.029184884444591122,0.00896397910051925,2
phase0_tf_confirm_top_len158_extra,bbbp,decoy_20x,decoy,20,73,204,64,140,-0.009375264984555542,-0.007847745304128956,-0.0015275196804265864,0.46875,0.39285714285714285,0.0013415213481357095,-0.03625479283561228,-0.06357065266066814,2
phase0_tf_confirm_top_len158_extra,bbbp,decoy_20x,decoy,20,89,204,64,140,0.05297396256355569,0.02495255254741226,0.028021410016143427,0.75,0.6357142857142857,0.029512304562017228,0.027222503533556375,0.036600501210181095,2
phase0_tf_confirm_top_len158_extra,bbbp,decoy_20x,decoy,20,107,204,64,140,-0.031738339166622616,0.024197800198037706,-0.055936139364660326,0.25,0.4,-0.05905975010372556,-0.06545030542870417,-0.053895705693239634,2
phase0_tf_confirm_top_len158_extra,bbbp,decoy_20x,decoy,20,131,204,64,140,0.004975563613697882,-0.005035342222877915,0.010010905836575797,0.40625,0.2785714285714286,-0.0026644404874097104,-0.0028213672576360405,-0.0019588702420458813,2
phase0_tf_confirm_top_len158_extra,bbbp,decoy_20x,decoy,20,149,204,64,140,0.015794551465660337,0.015590459081743445,0.00020409238391689254,0.578125,0.5928571428571429,0.0024412053431788917,0.0007468145769972392,-0.0033888479651242275,2
phase0_tf_confirm_top_len158_extra,bbbp,decoy_20x,decoy,20,167,204,64,140,-0.004102603998035194,-0.021446836952652253,0.01734423295461706,0.34375,0.24285714285714285,0.013183428788707343,0.0077856734230694665,0.00655192376837227,2
phase0_tf_confirm_top_len158_extra,bbbp,decoy_20x,decoy,20,181,204,64,140,-0.09293149266159163,-0.00036407697147556716,-0.09256741569011606,0.1875,0.3357142857142857,-0.019948067040264028,-0.04266521602122547,-0.035137237162998575,2
phase0_tf_confirm_top_len158_extra,bbbp,decoy_20x,decoy,20,199,204,64,140,-0.003998842556029555,0.0472746546712837,-0.05127349722731325,0.328125,0.3,-0.017683882239466875,-0.05642225816523629,-0.055901795500646154,2
phase0_tf_confirm_top_len158_extra,bbbp,decoy_20x,decoy,20,223,204,64,140,0.019211196224205213,0.022732196761561296,-0.003521000537356083,0.765625,0.7714285714285715,-0.01427134755253641,-0.00450756578755615,0.013984490495635188,2
phase0_tf_confirm_top_len158_extra,bbbp,decoy_20x,decoy,20,241,204,64,140,-0.047033456125063836,-0.010940197123480702,-0.03609325900158313,0.390625,0.40714285714285714,-0.00884689683920653,-0.00955079364945486,-0.008093921479179415,2
phase0_tf_confirm_top_len158_extra,bbbp,decoy_20x,decoy,20,263,204,64,140,0.031149233516771346,-0.024248675602887355,0.0553979091196587,0.546875,0.40714285714285714,0.030243479207706953,0.03763311161553924,0.045350578606363386,2
phase0_tf_confirm_top_len158_extra,bbbp,parent_5x,parent,5,61,204,64,140,0.06643606736906804,-0.006608853349462151,0.07304492071853019,0.84375,0.5142857142857142,0.039557813067950504,0.04244620440926335,0.039778925422761686,2
phase0_tf_confirm_top_len158_extra,bbbp,parent_5x,parent,5,73,204,64,140,-0.0004874676233157585,0.0030386371671089047,-0.003526104790424663,0.46875,0.44285714285714284,0.006300206291686358,-0.010135140473426979,-0.020433788656613903,2
phase0_tf_confirm_top_len158_extra,bbbp,parent_5x,parent,5,89,204,64,140,-0.03179344598902391,-0.0014737561744238657,-0.030319689814600044,0.390625,0.4785714285714286,-0.025493379776215425,-0.03217865004168158,-0.04085747563110187,2
phase0_tf_confirm_top_len158_extra,bbbp,parent_5x,parent,5,107,204,64,140,-0.018040189141174775,0.02934626499190927,-0.047386454133084045,0.265625,0.4928571428571429,-0.04113318136314561,-0.04946174221831689,-0.044534804160463036,2
phase0_tf_confirm_top_len158_extra,bbbp,random_20x,random,20,61,204,64,140,0.02598055195994676,-0.0654772306925484,0.09145778265249516,0.484375,0.29285714285714287,0.021109274629737662,0.014387987370691708,0.0009572493397572712,2
phase0_tf_confirm_top_len158_extra,bbbp,random_20x,random,20,73,204,64,140,0.033440248284023255,-0.010135133418121509,0.04357538170214476,0.546875,0.5285714285714286,0.02398984993705107,0.02475222390954237,0.02833453716757851,2
phase0_tf_confirm_top_len158_extra,bbbp,random_20x,random,20,89,204,64,140,0.03565666318172589,-0.007260641189558159,0.04291730437128405,0.640625,0.4857142857142857,0.0002525630687980063,-0.010103348752247427,-0.016838729829376807,2
phase0_tf_confirm_top_len158_extra,bbbp,random_20x,random,20,107,204,64,140,-0.03725461917929351,0.01265372488913791,-0.04990834406843142,0.25,0.34285714285714286,-0.004543184404748046,-0.026782083272280863,-0.011490185893543482,2
phase0_tf_confirm_top_len158_extra,bbbp,random_20x,random,20,131,204,64,140,0.13888614432653412,0.029963844429169384,0.10892229989736474,0.78125,0.6142857142857143,0.040494203389002226,0.04093464036511731,0.03227014936701135,2
phase0_tf_confirm_top_len158_extra,bbbp,random_20x,random,20,149,204,64,140,0.02175954962149263,0.013084756503147735,0.008674793118344896,0.5625,0.55,0.009057234626233228,0.005003814306919249,-0.0029272548071921246,2
phase0_tf_confirm_top_len158_extra,bbbp,random_20x,random,20,167,204,64,140,0.0035819314653053845,-0.0025072703404085983,0.006089201805713982,0.5625,0.5285714285714286,0.0053746024334300774,0.005582966485755784,0.004080819700255469,2
phase0_tf_confirm_top_len158_extra,bbbp,random_20x,random,20,181,204,64,140,0.03399428492411972,0.03443274198632155,-0.00043845706220183023,0.640625,0.5071428571428571,0.01431520262002911,0.009255816718013104,0.020792294483804923,2
phase0_tf_confirm_top_len158_extra,bbbp,random_20x,random,20,199,204,64,140,-0.161994388588937,-0.03043257496319712,-0.13156181362573988,0.234375,0.2642857142857143,-0.01489319284552415,-0.10577497917937996,-0.12928037565349806,2
phase0_tf_confirm_top_len158_extra,bbbp,random_20x,random,20,223,204,64,140,0.030260096362326308,-0.01700751617816942,0.04726761254049573,0.671875,0.6214285714285714,0.03963202674597264,0.04807886987976499,0.07014708192448907,2
phase0_tf_confirm_top_len158_extra,bbbp,random_20x,random,20,241,204,64,140,-0.05403079235111362,-0.055260326114616225,0.0012295337635026063,0.515625,0.39285714285714285,0.004282747053798475,0.01393154884592173,0.01971409369506051,2
phase0_tf_confirm_top_len158_extra,bbbp,random_20x,random,20,263,204,64,140,0.04523917054757476,0.00517834769561887,0.04006082285195589,0.734375,0.5428571428571428,0.03715693339720622,0.03820940575472631,0.04257155121272686,2
phase0_tf_confirm_top_len158_extra,bbbp,stereo_5x,stereo,5,61,204,64,140,0.01712493656668812,-0.0064213473881993876,0.023546283954887507,0.46875,0.3357142857142857,-0.006936437034306742,-0.025854070197229077,-0.038831180763482985,2
phase0_tf_confirm_top_len158_extra,bbbp,stereo_5x,stereo,5,73,204,64,140,0.014577410649508238,0.0037070567719638316,0.010870353877544406,0.515625,0.44285714285714284,0.006664868531916753,-0.007021047692142159,-0.020536826225442454,2
phase0_tf_confirm_top_len158_extra,bbbp,stereo_5x,stereo,5,89,204,64,140,0.02525816031266005,-0.002617406791874343,0.027875567104534392,0.546875,0.4928571428571429,0.0264787228727286,0.022784881108153285,0.022797529906408383,2
phase0_tf_confirm_top_len158_extra,bbbp,stereo_5x,stereo,5,107,204,64,140,-0.02756328613031655,-0.011014427956459778,-0.01654885817385677,0.328125,0.4142857142857143,-0.008121545884780548,-0.007274427447825367,0.01706235183103428,2
phase0_tf_confirm_top_len158_extra,bbbp,stereo_5x,stereo,5,131,204,64,140,0.09194564091740177,0.04678481657590185,0.04516082434149993,0.78125,0.6571428571428571,-0.017746758480567726,-0.02422769484290845,-0.04973491731522112,2
phase0_tf_confirm_top_len158_extra,bbbp,stereo_5x,stereo,5,149,204,64,140,0.010383642220403996,0.0349912510120443,-0.0246076087916403,0.71875,0.7,-0.02069797577525432,-0.01994528537104755,-0.021845487556695145,2
phase0_tf_confirm_top_len158_extra,bbbp,stereo_5x,stereo,5,167,204,64,140,0.01387505326420068,-0.0002764135066952008,0.014151466770895882,0.640625,0.4785714285714286,0.0019013461087038774,-0.0010971744139000143,-0.008945225545851518,2
phase0_tf_confirm_top_len158_extra,bbbp,stereo_5x,stereo,5,181,204,64,140,-0.005110579484608027,0.033965698070824155,-0.03907627755543218,0.453125,0.42142857142857143,0.010252483238452181,-0.006880752539035001,-0.0028216222448236433,2
phase0_tf_confirm_top_len158_extra,bbbp,stereo_5x,stereo,5,199,204,64,140,-0.016557504975935444,0.0017583108041435416,-0.018315815780078987,0.203125,0.25,0.025928044070421097,-0.04771327192966558,-0.06897613699998678,2
phase0_tf_confirm_top_len158_extra,bbbp,stereo_5x,stereo,5,223,204,64,140,0.014867141377180829,0.014464241319469042,0.0004029000577117862,0.6875,0.7428571428571429,0.010141880960272291,0.014504993507464505,0.022748717445316757,2
phase0_tf_confirm_top_len158_extra,bbbp,stereo_5x,stereo,5,241,204,64,140,0.010458195436513062,-0.00252479372013893,0.012982989156651992,0.765625,0.7214285714285714,0.018069225855275463,0.020537166834646924,0.02565577586740925,2
phase0_tf_confirm_top_len158_extra,bbbp,stereo_5x,stereo,5,263,204,64,140,0.017542065761517733,-0.0045814706544790905,0.022123536415996823,0.53125,0.4928571428571429,0.022944202706576773,0.020165461938655087,0.019860223209803515,2
phase0_tf_confirm_top_len158_extra,clintox_fda,decoy_1x,decoy,1,61,149,64,85,-0.016409239760832868,-0.008916427458033858,-0.0074928123027990096,0.265625,0.32941176470588235,-0.0033019313095635217,-0.0062773756144758825,0.011694620048484379,2
phase0_tf_confirm_top_len158_extra,clintox_fda,decoy_1x,decoy,1,73,149,64,85,0.0007669301703572282,0.0009270890670664203,-0.00016015889670919212,0.828125,0.8117647058823529,-0.0006752943964111191,0.00010866383856892984,0.0038490122194147595,2
phase0_tf_confirm_top_len158_extra,clintox_fda,decoy_1x,decoy,1,89,149,64,85,-0.0012555878493003747,-0.0009603995172416389,-0.0002951883320587358,0.53125,0.5411764705882353,-0.0001567322510591107,-0.000126893611974602,-0.003114500176288247,2
phase0_tf_confirm_top_len158_extra,clintox_fda,decoy_1x,decoy,1,107,149,64,85,0.0047342517646029566,-0.00237049151431111,0.0071047432789140665,0.890625,0.8705882352941177,0.008702245242735801,0.009599937779218824,0.03740044968681056,2
phase0_tf_confirm_top_len158_extra,clintox_fda,decoy_20x,decoy,20,61,149,64,85,-0.02185592442401684,-0.006719215389560264,-0.015136709034456578,0.21875,0.36470588235294116,-0.009858765507398948,-0.015047996796747135,-0.06297868567406385,2
phase0_tf_confirm_top_len158_extra,clintox_fda,decoy_20x,decoy,20,73,149,64,85,0.09117934061941924,-0.05705619360703756,0.1482355342264568,0.84375,0.7529411764705882,0.1346900176019865,0.14817472854546881,0.6277463831634423,2
phase0_tf_confirm_top_len158_extra,clintox_fda,decoy_20x,decoy,20,89,149,64,85,-0.005818975856527696,-0.0011305294054396028,-0.004688446451088093,0.890625,0.8941176470588236,-0.003957147331491329,-0.003920879620490879,-0.021785941586348157,2
phase0_tf_confirm_top_len158_extra,clintox_fda,decoy_20x,decoy,20,107,149,64,85,-0.017561064618348613,-0.05754136308918106,0.039980298470832454,0.875,0.8823529411764706,0.025829594639287357,0.050754960733446215,0.3026911691664534,2
phase0_tf_confirm_top_len158_extra,clintox_fda,parent_20x,parent,20,61,149,64,85,-0.02659346631844528,-0.0096650776179398,-0.016928388700505483,0.109375,0.2,-0.006879360442321181,-0.015666774039246125,-0.024419949889736586,2
phase0_tf_confirm_top_len158_extra,clintox_fda,parent_20x,parent,20,73,149,64,85,-0.0007960100192576623,0.00012729930527070595,-0.0009233093245283682,0.890625,0.8352941176470589,-0.0008626706893069269,-0.0007131421896295052,-0.007268519015364791,2
phase0_tf_confirm_top_len158_extra,clintox_fda,parent_20x,parent,20,89,149,64,85,-0.003310164320282637,-0.0017826355117208914,-0.0015275288085617458,0.265625,0.4235294117647059,-0.001502941923716028,-0.0013709175741822511,-0.0028876463925717093,2
phase0_tf_confirm_top_len158_extra,clintox_fda,parent_20x,parent,20,107,149,64,85,0.00276809852221049,-0.01090438961982727,0.01367248814203776,0.765625,0.8,0.009484408157261037,0.015350303190336898,0.06061814788365031,2
phase0_tf_confirm_top_len158_extra,clintox_fda,stereo_1x,stereo,1,61,149,64,85,-0.01637743937317282,-0.00751464338425329,-0.00886279598891953,0.203125,0.25882352941176473,-0.00325612415653026,-0.008185566748902067,-0.009457058710283999,2
phase0_tf_confirm_top_len158_extra,clintox_fda,stereo_1x,stereo,1,73,149,64,85,0.04079392927815206,0.04682170183343046,-0.0060277725552784,0.53125,0.6588235294117647,-0.010694869318034872,-0.011772386057873152,-0.021621399450409737,2
phase0_tf_confirm_top_len158_extra,clintox_fda,stereo_1x,stereo,1,89,149,64,85,-0.0034541481873020525,-0.002950166998540654,-0.0005039811887613986,0.171875,0.2235294117647059,-0.0006251669201640109,-0.0004542631950359086,-0.003754087520662973,2
phase0_tf_confirm_top_len158_extra,clintox_fda,stereo_1x,stereo,1,107,149,64,85,-0.01269426749786362,-0.012092218197443903,-0.0006020493004197172,0.53125,0.5411764705882353,0.0042580227411739835,0.0014843293293752527,0.02771547754009905,2
phase0_tf_confirm_top_len158_extra,clintox_tox,decoy_1x,decoy,1,61,149,64,85,-0.007932815700769424,-0.0016377266715554644,-0.00629508902921396,0.59375,0.6588235294117647,-0.001801428448810205,-0.005543760225285976,-0.023075402456807326,2
phase0_tf_confirm_top_len158_extra,clintox_tox,decoy_1x,decoy,1,73,149,64,85,0.01278535090386867,0.0023447850171257455,0.010440565886742924,0.609375,0.4235294117647059,0.004414756621853588,0.00967672306894164,0.040965482319667644,2
phase0_tf_confirm_top_len158_extra,clintox_tox,decoy_1x,decoy,1,89,149,64,85,-0.0029506906867027326,-0.0018217241062837423,-0.0011289665804189903,0.109375,0.11764705882352941,-0.001764310246601175,-0.002029301434919083,-0.011274784615173263,2
phase0_tf_confirm_top_len158_extra,clintox_tox,decoy_1x,decoy,1,107,149,64,85,-0.04608800122514368,0.05297593334141899,-0.09906393456656268,0.140625,0.15294117647058825,-0.005625189384073137,-0.10816570188024596,-0.5211524665760349,2
phase0_tf_confirm_top_len158_extra,clintox_tox,exact_1x,exact,1,61,149,64,85,-0.004389103502035163,-0.0017436462290146676,-0.002645457273020495,0.140625,0.2,-0.0002899025108616671,-0.002971629213009594,-0.012694570965367698,2
phase0_tf_confirm_top_len158_extra,clintox_tox,exact_1x,exact,1,73,149,64,85,-0.003989830613136302,0.0002167126711676936,-0.004206543284303995,0.0625,0.12941176470588237,-0.0022336178788249506,-0.00521681012224146,-0.02709552541787351,2
phase0_tf_confirm_top_len158_extra,clintox_tox,exact_1x,exact,1,89,149,64,85,-0.0014374963939189946,-0.0007182850557215083,-0.0007192113381974863,0.8125,0.7647058823529411,0.0003851624910888307,0.00013251533056353232,-0.003496564268779767,2
phase0_tf_confirm_top_len158_extra,clintox_tox,exact_1x,exact,1,107,149,64,85,-0.033681921195238836,0.04796239663572873,-0.08164431783096757,0.140625,0.15294117647058825,0.0013101991286035841,-0.08953030770576319,-0.4549861742867972,2
phase0_tf_confirm_top_len158_extra,hiv,decoy_5x,decoy,5,61,4112,64,4048,0.007322587072849281,0.00847436192449138,-0.0011517748516421,0.578125,0.6778656126482213,0.015517008918336517,0.052950640718167526,0.052950640718167526,2
phase0_tf_confirm_top_len158_extra,hiv,decoy_5x,decoy,5,73,4112,64,4048,-0.015448707388713923,0.0006247555152347436,-0.016073462903948666,0.46875,0.3117588932806324,0.013884203875928036,0.017254807144246345,0.017254807144246345,2
phase0_tf_confirm_top_len158_extra,hiv,decoy_5x,decoy,5,89,4112,64,4048,-0.116201451048255,-0.003673423324590144,-0.11252802772366485,0.421875,0.6086956521739131,-0.0020428587978097434,-0.00964695325168291,-0.00964695325168291,2
phase0_tf_confirm_top_len158_extra,hiv,decoy_5x,decoy,5,107,4112,64,4048,0.08807748835533857,-0.0015647759432849205,0.0896422642986235,0.609375,0.3693181818181818,-0.01264928035901966,-0.013882249504234716,-0.013882249504234716,2
phase0_tf_confirm_top_len158_extra,hiv,decoy_20x,decoy,20,61,4112,64,4048,0.08327596820890903,0.009212803058767979,0.07406316515014105,0.609375,0.4851778656126482,0.016005751522870537,0.048490308100441686,0.048490308100441686,2
phase0_tf_confirm_top_len158_extra,hiv,decoy_20x,decoy,20,73,4112,64,4048,-0.12013155315071344,0.004623493002985307,-0.12475504615369876,0.46875,0.8132411067193676,-0.03294133108750136,-0.035769016289189465,-0.035769016289189465,2
phase0_tf_confirm_top_len158_extra,hiv,decoy_20x,decoy,20,89,4112,64,4048,-0.11470864340662959,-0.0019395587075015763,-0.11276908469912801,0.5625,0.775197628458498,0.01924134803607558,0.021148946194746877,0.021148946194746877,2
phase0_tf_confirm_top_len158_extra,hiv,decoy_20x,decoy,20,107,4112,64,4048,-0.07555616693571209,0.0029596190001418008,-0.07851578593585389,0.484375,0.6403162055335968,-0.02877996209309952,-0.03082673695346084,-0.03082673695346084,2
phase0_tf_confirm_top_len158_extra,hiv,decoy_20x,decoy,20,131,4112,64,4048,-0.11441739648580553,-0.0022879979783013865,-0.11212939850750414,0.484375,0.6667490118577075,-0.007343410100849046,-0.018153895393412802,-0.018153895393412802,2
phase0_tf_confirm_top_len158_extra,hiv,decoy_20x,decoy,20,149,4112,64,4048,-0.21862853039056063,-0.0013292012662578948,-0.21729932912430272,0.53125,0.8853754940711462,-0.01369614220929305,-0.015029374958169067,-0.015029374958169067,2
phase0_tf_confirm_top_len158_extra,hiv,decoy_20x,decoy,20,167,4112,64,4048,0.0959381088614464,-0.0012033528283886296,0.09714146168983502,0.515625,0.28507905138339923,0.027723352499619103,0.02973264561040108,0.02973264561040108,2
phase0_tf_confirm_top_len158_extra,hiv,decoy_20x,decoy,20,181,4112,64,4048,-0.04329819791018963,-0.0021954042056626963,-0.041102793704526935,0.546875,0.6151185770750988,-0.01936681720153388,-0.028237450483974635,-0.028237450483974635,2
phase0_tf_confirm_top_len158_extra,hiv,decoy_20x,decoy,20,199,4112,64,4048,-0.16081951698288321,-0.0028058384350048227,-0.1580136785478784,0.53125,0.7297430830039525,-0.12419322543166843,-0.1326313563955294,-0.1326313563955294,2
phase0_tf_confirm_top_len158_extra,hiv,decoy_20x,decoy,20,223,4112,64,4048,-0.013137001544237147,0.0012947279488734103,-0.014431729493110557,0.421875,0.35400197628458496,-0.03975003241776742,-0.054541068137489726,-0.054541068137489726,2
phase0_tf_confirm_top_len158_extra,hiv,decoy_20x,decoy,20,241,4112,64,4048,0.046506574377417564,-0.0016862731868688293,0.04819284756428639,0.515625,0.3016304347826087,0.0028042515565485093,-0.015757243953229323,-0.015757243953229323,2
phase0_tf_confirm_top_len158_extra,hiv,decoy_20x,decoy,20,263,4112,64,4048,0.20675316639244556,0.005951827796904936,0.20080133859554064,0.46875,0.18527667984189725,0.015063500401659824,0.006691691821698873,0.006691691821698873,2
phase0_tf_confirm_top_len158_extra,hiv,exact_20x,exact,20,61,4112,64,4048,-0.002648441120982132,0.010251575771704496,-0.012900016892686628,0.59375,0.7954545454545454,0.05405287072276829,0.06440873565395103,0.06440873565395103,2
phase0_tf_confirm_top_len158_extra,hiv,exact_20x,exact,20,73,4112,64,4048,-0.19126655533909798,0.0024105655876072996,-0.19367712092670528,0.484375,0.9409584980237155,0.022934088417649656,0.026992528015432858,0.026992528015432858,2
phase0_tf_confirm_top_len158_extra,hiv,exact_20x,exact,20,89,4112,64,4048,-0.16700750775635242,-0.0022544229822785487,-0.16475308477407388,0.34375,0.4058794466403162,-0.0547838582791873,-0.07943996098124416,-0.07943996098124416,2
phase0_tf_confirm_top_len158_extra,hiv,exact_20x,exact,20,107,4112,64,4048,0.07164517277851702,0.005264822246411101,0.06638035053210592,0.59375,0.4701086956521739,0.0036755548124352,0.007341759940756076,0.007341759940756076,2
phase0_tf_confirm_top_len158_extra,hiv,exact_20x,exact,20,131,4112,64,4048,0.026879305019974677,0.002169752287358165,0.024709552732616512,0.5,0.40785573122529645,-0.006561266224827833,-0.04127299361771131,-0.04127299361771131,2
phase0_tf_confirm_top_len158_extra,hiv,exact_20x,exact,20,149,4112,64,4048,-0.25162553414702415,0.00032680946229239225,-0.25195234360931656,0.515625,0.7534584980237155,-0.03558112826083071,-0.042810895373049114,-0.042810895373049114,2
phase0_tf_confirm_top_len158_extra,hiv,exact_20x,exact,20,167,4112,64,4048,0.24433012492954737,-0.0030262367321332944,0.24735636166168065,0.609375,0.29891304347826086,0.10383154595296303,0.11514282370300023,0.11514282370300023,2
phase0_tf_confirm_top_len158_extra,hiv,exact_20x,exact,20,181,4112,64,4048,-0.07770984992384908,-0.0025092087789133134,-0.07520064114493577,0.53125,0.645998023715415,-0.04803262941598853,-0.05519610995718967,-0.05519610995718967,2
phase0_tf_confirm_top_len158_extra,hiv,exact_20x,exact,20,199,4112,64,4048,0.16109454352408645,0.005416795795437373,0.15567774772864906,0.578125,0.30657114624505927,0.017223696674129693,0.0010059355614863864,0.0010059355614863864,2
phase0_tf_confirm_top_len158_extra,hiv,exact_20x,exact,20,223,4112,64,4048,0.05395433306694027,0.001503163035738138,0.052451170031202136,0.40625,0.15884387351778656,-0.026221032491525076,-0.052397263091861886,-0.052397263091861886,2
phase0_tf_confirm_top_len158_extra,hiv,exact_20x,exact,20,241,4112,64,4048,0.014607497490942494,-0.0006988029374847763,0.01530630042842727,0.421875,0.3026185770750988,-0.01879408575362962,-0.03650615823878344,-0.03650615823878344,2
phase0_tf_confirm_top_len158_extra,hiv,exact_20x,exact,20,263,4112,64,4048,0.13655535131692884,0.005061225965619087,0.13149412535130975,0.4375,0.22109683794466403,0.014718419858335552,0.008823735794135541,0.008823735794135541,2
phase0_tf_confirm_top_len158_extra,hiv,parent_5x,parent,5,61,4112,64,4048,-0.0698563177138567,0.006550162522630258,-0.07640648023648695,0.578125,0.6726778656126482,-0.007655599865937557,0.033369636521184,0.033369636521184,2
phase0_tf_confirm_top_len158_extra,hiv,parent_5x,parent,5,73,4112,64,4048,-0.17927834950387478,0.0011672186094663845,-0.18044556811334117,0.359375,0.7317193675889329,-0.05756080871351388,-0.06425913051830899,-0.06425913051830899,2
phase0_tf_confirm_top_len158_extra,hiv,parent_5x,parent,5,89,4112,64,4048,0.34737225621938705,-0.0025457897492253763,0.3499180459686124,0.671875,0.36684782608695654,0.06704786801481033,0.07967334130802173,0.07967334130802173,2
phase0_tf_confirm_top_len158_extra,hiv,parent_5x,parent,5,107,4112,64,4048,0.13486722018569708,0.0007027143413723697,0.1341645058443247,0.53125,0.29866600790513836,-0.021818381145035204,-0.023055293335266656,-0.023055293335266656,2
phase0_tf_confirm_top_len158_extra,hiv,random_20x,random,20,61,4112,64,4048,-0.03450608253479001,0.007236745289486389,-0.0417428278242764,0.609375,0.7356719367588933,0.024424029879963227,0.04131520546698128,0.04131520546698128,2
phase0_tf_confirm_top_len158_extra,hiv,random_20x,random,20,73,4112,64,4048,-0.17689711600542068,-0.0012327111344563628,-0.17566440487096432,0.375,0.7917490118577075,0.004462778949828383,0.00712631857825149,0.00712631857825149,2
phase0_tf_confirm_top_len158_extra,hiv,random_20x,random,20,89,4112,64,4048,-0.003931066021323218,0.0013337934338174785,-0.005264859455140696,0.40625,0.5815217391304348,0.026899651985433648,0.02452703006485044,0.02452703006485044,2
phase0_tf_confirm_top_len158_extra,hiv,random_20x,random,20,107,4112,64,4048,0.0005102292634546861,0.002018378907630567,-0.001508149644175881,0.46875,0.29199604743083,-0.062005681944582,-0.06439936156178254,-0.06439936156178254,2
phase0_tf_confirm_top_len158_extra,sider_gastro,decoy_1x,decoy,1,61,143,64,79,-0.014794479735428474,-0.03160784278017811,0.016813363044749632,0.671875,0.569620253164557,0.014052467600584428,0.01675126507352861,-0.15568095370413962,2
phase0_tf_confirm_top_len158_extra,sider_gastro,decoy_1x,decoy,1,73,143,64,79,-0.0012503282050601952,0.00024128643960892365,-0.001491614644669119,0.140625,0.24050632911392406,-0.0014036448424204206,-0.0014623287942486852,-0.016807166927468826,2
phase0_tf_confirm_top_len158_extra,sider_gastro,decoy_1x,decoy,1,89,143,64,79,0.0015063251485116771,-0.001149520089354703,0.00265584523786638,0.953125,0.9113924050632911,0.0018727819017745895,0.0025700283302875246,0.019675117188242493,2
phase0_tf_confirm_top_len158_extra,sider_gastro,decoy_1x,decoy,1,107,143,64,79,0.009174356266157695,0.013687997184033638,-0.004513640917875943,0.6875,0.7215189873417721,-0.0060979045723627,-0.004541145012292361,-0.07705571022060877,2
phase0_tf_confirm_top_len158_extra,sider_gastro,decoy_1x,decoy,1,131,143,64,79,-7.95386149548198e-05,0.00034766483910475017,-0.00042720345405956997,0.90625,0.759493670886076,0.00044028681870555975,-0.0004246053786168126,-0.020037840879816003,2
phase0_tf_confirm_top_len158_extra,sider_gastro,decoy_1x,decoy,1,149,143,64,79,-6.553245475516938e-05,0.005822919969317282,-0.005888452424072451,0.9375,0.9113924050632911,-0.005477848228533144,-0.00592021710786819,-0.04423036292984023,2
phase0_tf_confirm_top_len158_extra,sider_gastro,decoy_1x,decoy,1,167,143,64,79,-0.0019424255588091875,-0.010380349157354522,0.008437923598545335,0.21875,0.25316455696202533,0.019879854353899162,0.008660833439726807,-0.09935280010355874,2
phase0_tf_confirm_top_len158_extra,sider_gastro,decoy_1x,decoy,1,181,143,64,79,-0.028758348111296076,-0.15161199417389645,0.12285364606260038,0.859375,0.759493670886076,0.1471274389599,0.1224907263875876,-0.03858023247396297,2
phase0_tf_confirm_top_len158_extra,sider_gastro,decoy_1x,decoy,1,199,143,64,79,-0.005189898278331388,-0.019476480782032013,0.014286582503700625,0.5,0.34177215189873417,0.01506355363145806,0.014374424522975457,-0.03169038772272567,2
phase0_tf_confirm_top_len158_extra,sider_gastro,decoy_1x,decoy,1,223,143,64,79,-0.02027910997276194,-0.026659196997179283,0.006380087024417343,0.75,0.6329113924050633,0.0005501226618962185,0.006397271874467741,-0.08678394021038459,2
phase0_tf_confirm_top_len158_extra,sider_gastro,decoy_1x,decoy,1,241,143,64,79,0.001977086358238006,-0.02442592184377622,0.026403008202014223,0.59375,0.4810126582278481,0.022365971236185334,0.026491483130076945,0.014790694225109632,2
phase0_tf_confirm_top_len158_extra,sider_gastro,decoy_1x,decoy,1,263,143,64,79,-0.0004404080682434156,-0.0018011053340344545,0.001360697265791039,0.84375,0.7974683544303798,0.0026699282654192857,0.0013344927851387624,0.0009864131198474655,2
phase0_tf_confirm_top_len158_extra,sider_gastro,decoy_5x,decoy,5,61,143,64,79,0.006012621393892907,0.001583317931317085,0.004429303462575822,0.46875,0.4177215189873418,0.0023976990083652006,0.0044403424407858764,-0.028980384771250728,2
phase0_tf_confirm_top_len158_extra,sider_gastro,decoy_5x,decoy,5,73,143,64,79,-0.0007658949471078744,0.00028685532227346684,-0.0010527502693813413,0.125,0.21518987341772153,-0.0010586144300119005,-0.0010221814551088534,-0.006723859598272818,2
phase0_tf_confirm_top_len158_extra,sider_gastro,decoy_5x,decoy,5,89,143,64,79,0.0009065226768143686,-0.0011074361921865814,0.00201395886900095,0.8125,0.6329113924050633,0.002063763540930866,0.0020027845132013925,0.0011756475251338357,2
phase0_tf_confirm_top_len158_extra,sider_gastro,decoy_5x,decoy,5,107,143,64,79,0.03719848446780817,0.00408621540269519,0.033112269065112984,0.53125,0.3670886075949367,0.020269881656827637,0.032897967606707414,0.08306417591567787,2
phase0_tf_confirm_top_len158_extra,sider_gastro,exact_1x,exact,1,61,143,64,79,0.014676379796583209,-0.018072777816766413,0.03274915761334962,0.703125,0.5316455696202531,0.030712856094698426,0.03233537045464774,0.23073729140147023,2
phase0_tf_confirm_top_len158_extra,sider_gastro,exact_1x,exact,1,73,143,64,79,-0.0002787805278785373,0.002307444009222558,-0.002586224537101095,0.09375,0.16455696202531644,-0.0027782573884025386,-0.002514235380520974,-0.02533725245964818,2
phase0_tf_confirm_top_len158_extra,sider_gastro,exact_1x,exact,1,89,143,64,79,0.001891246414743373,0.0003412884153142788,0.0015499579994290942,0.9375,0.8860759493670886,0.0023026772058661327,0.0015076163564682868,0.0005543344897461721,2
phase0_tf_confirm_top_len158_extra,sider_gastro,exact_1x,exact,1,107,143,64,79,0.019812931772321477,0.003977406746413137,0.01583552502590834,0.921875,0.9240506329113924,0.020253783566489658,0.01565477699072832,-0.060322185158561685,2
phase0_tf_confirm_top_len158_extra,sider_gastro,exact_1x,exact,1,131,143,64,79,-0.0017224212642759028,-0.0016399333371391765,-8.248792713672634e-05,0.9375,0.6962025316455697,6.144159114590542e-05,-0.00011350783972522262,-0.014851930794549415,2
phase0_tf_confirm_top_len158_extra,sider_gastro,exact_1x,exact,1,149,143,64,79,0.0028662133845500496,0.0014077171306066812,0.0014584962539433684,0.265625,0.26582278481012656,0.0017529714768167448,0.0015316570300382241,-0.005305269055974711,2
phase0_tf_confirm_top_len158_extra,sider_gastro,exact_1x,exact,1,167,143,64,79,-0.00018299469957126064,-0.007482446824448036,0.007299452124876775,0.78125,0.6329113924050633,0.01539397733902459,0.007407955142883373,-0.06560196197667213,2
phase0_tf_confirm_top_len158_extra,sider_gastro,exact_1x,exact,1,181,143,64,79,-0.008230927294789567,-0.1935217385504489,0.18529081125565933,0.859375,0.7974683544303798,0.19282085216218642,0.18410957876985776,0.7111397272965405,2
phase0_tf_confirm_top_len158_extra,sider_gastro,exact_1x,exact,1,199,143,64,79,0.0008835063781589272,0.001615409751104395,-0.0007319033729454678,0.171875,0.21518987341772153,-0.001137258838526764,-0.0007035397213405374,0.003740749744748845,2
phase0_tf_confirm_top_len158_extra,sider_gastro,exact_1x,exact,1,223,143,64,79,0.0007195401703938881,-0.01175822354145819,0.012477763711852078,0.828125,0.6455696202531646,0.014093630906657606,0.012434723261095631,-0.02138290065760213,2
phase0_tf_confirm_top_len158_extra,sider_gastro,exact_1x,exact,1,241,143,64,79,-0.003839526209048923,0.022583082365461544,-0.026422608574510467,0.609375,0.6329113924050633,-0.01854412372450187,-0.02648197359506141,-0.07825019251857249,2
phase0_tf_confirm_top_len158_extra,sider_gastro,exact_1x,exact,1,263,143,64,79,-0.00033053138758987015,-0.01618651300668717,0.0158559816190973,0.890625,0.8354430379746836,0.025885583955084668,0.01588332507998457,-0.07839127856365463,2
phase0_tf_confirm_top_len158_extra,sider_gastro,random_1x,random,1,61,143,64,79,0.016606108838459484,0.0016484696748135968,0.014957639163645887,0.875,0.7341772151898734,0.014752444531963754,0.01482995113694563,-0.0006425740402862846,2
phase0_tf_confirm_top_len158_extra,sider_gastro,random_1x,random,1,73,143,64,79,-0.0010325022158212782,0.00039821377472032247,-0.0014307159905416007,0.390625,0.35443037974683544,-0.0013753698836906358,-0.0014216245564229184,-0.009396726362037972,2
phase0_tf_confirm_top_len158_extra,sider_gastro,random_1x,random,1,89,143,64,79,-0.0009479828295297869,0.0016272366990016866,-0.0025752195285314735,0.9375,0.8734177215189873,-0.00014047217742729767,-0.0026030370213619798,-0.034847569127508256,2
phase0_tf_confirm_top_len158_extra,sider_gastro,random_1x,random,1,107,143,64,79,0.045418605790473514,0.007904247251115265,0.03751435853935825,0.140625,0.16455696202531644,0.01890998894325313,0.03737574168229223,0.08688563259805097,2
phase0_tf_confirm_top_len158_extra,sider_gastro,random_1x,random,1,131,143,64,79,0.002768339065369214,-0.0017153444829620917,0.004483683548331305,0.125,0.3037974683544304,0.003291629404638674,0.004474613267135476,0.061674583063100044,2
phase0_tf_confirm_top_len158_extra,sider_gastro,random_1x,random,1,149,143,64,79,0.0006930091185495145,0.0019173951748805837,-0.0012243860563310692,0.9375,0.9240506329113924,-0.0012038377623306978,-0.0013004002299764094,-0.0013690462285604415,2
phase0_tf_confirm_top_len158_extra,sider_gastro,random_1x,random,1,167,143,64,79,0.001999543514102712,-0.0023367659106284864,0.004336309424731198,0.125,0.25316455696202533,0.003359952723452714,0.004341465227834503,0.029987877206289662,2
phase0_tf_confirm_top_len158_extra,sider_gastro,random_1x,random,1,181,143,64,79,-0.028997628323850222,-0.029972359302300446,0.0009747309784502237,0.796875,0.8481012658227848,0.015992392136666478,0.0003391001570963621,0.06308224579751462,2
phase0_tf_confirm_top_len158_extra,sider_gastro,random_1x,random,1,199,143,64,79,-0.0007191866752691475,0.001129688388561906,-0.0018488750638310535,0.9375,0.8607594936708861,-0.0011056176704247467,-0.0018663576612173468,-0.018855801760848258,2
phase0_tf_confirm_top_len158_extra,sider_gastro,random_1x,random,1,223,143,64,79,0.005886819766601551,-0.0008316455008108327,0.006718465267412384,0.921875,0.810126582278481,0.006272965385798579,0.006544603839535517,0.012144754759480677,2
phase0_tf_confirm_top_len158_extra,sider_gastro,random_1x,random,1,241,143,64,79,-0.021069179259939126,-0.03144310881631284,0.010373929556373715,0.671875,0.6329113924050633,0.0023784834461135773,0.010393124720163491,0.1142429398964285,2
phase0_tf_confirm_top_len158_extra,sider_gastro,random_1x,random,1,263,143,64,79,-0.00021353288320825762,-0.0014807997342151963,0.0012672668510069387,0.40625,0.43037974683544306,0.0011743220689224704,0.0012535600227656103,0.010904508344996832,2
phase0_tf_confirm_top_len158_extra,sider_gastro,tautomer_5x,tautomer,5,61,143,64,79,0.012860280228778723,-0.007866503034211396,0.02072678326299012,0.484375,0.2911392405063291,0.01664151141581499,0.020712034195359483,0.00363451350513873,2
phase0_tf_confirm_top_len158_extra,sider_gastro,tautomer_5x,tautomer,5,73,143,64,79,-0.0015660875942557972,0.0019286997804913318,-0.0034947873747471292,0.703125,0.7468354430379747,-0.0036312901803781106,-0.0034850414420754833,-0.024622243819003162,2
phase0_tf_confirm_top_len158_extra,sider_gastro,tautomer_5x,tautomer,5,89,143,64,79,0.018525610532378778,0.004145617915105202,0.014379992617273575,0.6875,0.7341772151898734,0.01751131374880388,0.014820105172662273,0.04584575670955895,2
phase0_tf_confirm_top_len158_extra,sider_gastro,tautomer_5x,tautomer,5,107,143,64,79,-0.009411926963366565,0.028198190375313733,-0.0376101173386803,0.765625,0.8354430379746836,-0.038856453874916236,-0.037658160098520035,-0.11617389694485511,2
phase0_tf_confirm_top_len158_extra,tox21_ahr,decoy_1x,decoy,1,61,655,64,591,-0.012572418898344019,-0.007394473716087143,-0.005177945182256876,0.515625,0.4027072758037225,0.02178566162978539,0.029635517272868683,0.029635517272868683,2
phase0_tf_confirm_top_len158_extra,tox21_ahr,decoy_1x,decoy,1,73,655,64,591,0.20419777324423194,-0.016735111547605645,0.2209328847918376,0.46875,0.07614213197969544,0.006466991264516192,0.020090394876843578,0.020090394876843578,2
phase0_tf_confirm_top_len158_extra,tox21_ahr,decoy_1x,decoy,1,89,655,64,591,-0.0053619751706719294,0.00028525325650894425,-0.005647228427180874,0.546875,0.41116751269035534,0.013296447618196261,0.019113764993497356,0.019113764993497356,2
phase0_tf_confirm_top_len158_extra,tox21_ahr,decoy_1x,decoy,1,107,655,64,591,-0.03770744148641823,0.011328571792786492,-0.049036013279204725,0.296875,0.19289340101522842,-0.062067604952573185,-0.18469628779114208,-0.18469628779114208,2
phase0_tf_confirm_top_len158_extra,tox21_ahr,decoy_1x,decoy,1,131,655,64,591,0.006056291051208992,0.0007101804673570884,0.005346110583851904,0.484375,0.7157360406091371,0.02342809552252215,0.026991968353009703,0.026991968353009703,2
phase0_tf_confirm_top_len158_extra,tox21_ahr,decoy_1x,decoy,1,149,655,64,591,0.03901984076946974,0.004645947877525676,0.03437389289194406,0.53125,0.4686971235194585,-0.001600592741967638,-0.007137192050388717,-0.007137192050388717,2
phase0_tf_confirm_top_len158_extra,tox21_ahr,decoy_1x,decoy,1,167,655,64,591,0.0074140126234852055,0.018834477407123434,-0.011420464783638229,0.328125,0.24534686971235195,-0.050317074387380256,-0.11508200092935308,-0.11508200092935308,2
phase0_tf_confirm_top_len158_extra,tox21_ahr,decoy_1x,decoy,1,181,655,64,591,-0.1476392089389265,-0.02498119303014274,-0.12265801590878378,0.609375,0.8527918781725888,0.07970706327520566,0.11638866227913466,0.11638866227913466,2
phase0_tf_confirm_top_len158_extra,tox21_ahr,decoy_1x,decoy,1,199,655,64,591,0.18705987941939384,0.0577168438438635,0.12934303557553034,0.40625,0.20473773265651438,-0.08567867596776757,-0.2111269588896387,-0.2111269588896387,2
phase0_tf_confirm_top_len158_extra,tox21_ahr,decoy_1x,decoy,1,223,655,64,591,0.21554614003980532,0.014852586273236323,0.200693553766569,0.4375,0.20135363790186125,0.13514865298331502,0.21632053361711542,0.21632053361711542,2
phase0_tf_confirm_top_len158_extra,tox21_ahr,decoy_1x,decoy,1,241,655,64,591,0.1682027978822589,-0.00868079267984316,0.17688359056210207,0.484375,0.18104906937394247,-0.001385159425548288,0.011103848607376274,0.011103848607376274,2
phase0_tf_confirm_top_len158_extra,tox21_ahr,decoy_1x,decoy,1,263,655,64,591,-0.38605789793655276,-0.032467415672923904,-0.3535904822636289,0.5,0.7834179357021996,-0.023234151446641982,-0.023933043755686417,-0.023933043755686417,2
phase0_tf_confirm_top_len158_extra,tox21_ahr,decoy_20x,decoy,20,61,655,64,591,0.04125439422205091,0.0040469495879010345,0.03720744463414988,0.484375,0.233502538071066,0.037210861296364084,0.045532034446904734,0.045532034446904734,2
phase0_tf_confirm_top_len158_extra,tox21_ahr,decoy_20x,decoy,20,73,655,64,591,0.069354766048491,-0.002674750466838908,0.0720295165153299,0.640625,0.4213197969543147,0.010652187254029194,0.0179169869604972,0.0179169869604972,2
phase0_tf_confirm_top_len158_extra,tox21_ahr,decoy_20x,decoy,20,89,655,64,591,0.05383152328431608,-0.0004900956617797493,0.05432161894609583,0.6875,0.7428087986463621,0.010316893342037253,0.015404036951551247,0.015404036951551247,2
phase0_tf_confirm_top_len158_extra,tox21_ahr,decoy_20x,decoy,20,107,655,64,591,0.08810253115370867,0.005238753637888299,0.08286377751582037,0.546875,0.16243654822335024,-0.01610852793651049,-0.058107835040121805,-0.058107835040121805,2
phase0_tf_confirm_top_len158_extra,tox21_ahr,decoy_20x,decoy,20,131,655,64,591,0.04648637166246772,-0.001950008514165476,0.048436380176633195,0.59375,0.6040609137055838,0.008663325920265141,0.012034546752812686,0.012034546752812686,2
phase0_tf_confirm_top_len158_extra,tox21_ahr,decoy_20x,decoy,20,149,655,64,591,0.009794098325073726,0.0002518507530644863,0.009542247572009239,0.609375,0.727580372250423,0.008173589132524032,0.010869652338761047,0.010869652338761047,2
phase0_tf_confirm_top_len158_extra,tox21_ahr,decoy_20x,decoy,20,167,655,64,591,0.151262377796229,0.029384446054596183,0.12187793174163282,0.375,0.14890016920473773,-0.02814354784132589,-0.16846974225631764,-0.16846974225631764,2
phase0_tf_confirm_top_len158_extra,tox21_ahr,decoy_20x,decoy,20,181,655,64,591,-0.039109397679567344,-0.004813096900478431,-0.03429630077908891,0.40625,0.5685279187817259,-0.026653065970712563,-0.036497828772756674,-0.036497828772756674,2
phase0_tf_confirm_top_len158_extra,tox21_ahr,decoy_20x,decoy,20,199,655,64,591,0.05387186224106699,0.03210695541752171,0.02176490682354528,0.40625,0.22165820642978004,-0.1000955326167729,-0.19146589053762889,-0.19146589053762889,2
phase0_tf_confirm_top_len158_extra,tox21_ahr,decoy_20x,decoy,20,223,655,64,591,-0.010479646589374149,-0.05004352017726541,0.03956387358789126,0.5,0.3299492385786802,0.15869357333072348,0.2598433756686671,0.2598433756686671,2
phase0_tf_confirm_top_len158_extra,tox21_ahr,decoy_20x,decoy,20,241,655,64,591,0.03578506223857404,-0.014455544161917588,0.05024060640049163,0.53125,0.6142131979695431,-0.007089494398682172,0.007362104049627512,0.007362104049627512,2
phase0_tf_confirm_top_len158_extra,tox21_ahr,decoy_20x,decoy,20,263,655,64,591,-0.05191252066288139,0.005525946768407298,-0.05743846743128869,0.359375,0.6429780033840947,-0.002465529008200157,0.00047094267172883685,0.00047094267172883685,2
phase0_tf_confirm_top_len158_extra,tox21_ahr,exact_20x,exact,20,61,655,64,591,0.0369027960114181,-0.001190855468791953,0.03809365148021005,0.4375,0.22165820642978004,0.028640092332779435,0.03589497778007888,0.03589497778007888,2
phase0_tf_confirm_top_len158_extra,tox21_ahr,exact_20x,exact,20,73,655,64,591,0.08152962662279606,-0.0063201473953356825,0.08784977401813174,0.46875,0.1065989847715736,0.010488105964948799,0.01902195792838088,0.01902195792838088,2
phase0_tf_confirm_top_len158_extra,tox21_ahr,exact_20x,exact,20,89,655,64,591,0.07334565743803981,-0.007216627424340161,0.08056228486237997,0.609375,0.6243654822335025,0.02084962894858272,0.03491123423405263,0.03491123423405263,2
phase0_tf_confirm_top_len158_extra,tox21_ahr,exact_20x,exact,20,107,655,64,591,-0.055811080615967526,0.008949646893289892,-0.06476072750925742,0.4375,0.3316412859560068,-0.004935163205169624,-0.05334770459701668,-0.05334770459701668,2
phase0_tf_confirm_top_len158_extra,tox21_ahr,exact_20x,exact,20,131,655,64,591,-0.00434356462210417,0.0012035783373966625,-0.005547142959500833,0.484375,0.7157360406091371,0.024381407461722973,0.03191574625029054,0.03191574625029054,2
phase0_tf_confirm_top_len158_extra,tox21_ahr,exact_20x,exact,20,149,655,64,591,-0.014733200427144766,0.004416797417271158,-0.019149997844415925,0.484375,0.754653130287648,-0.015416272724937188,-0.021938781475243887,-0.021938781475243887,2
phase0_tf_confirm_top_len158_extra,tox21_ahr,exact_20x,exact,20,167,655,64,591,0.17484779882943258,0.032335701107020706,0.14251209772241186,0.390625,0.16751269035532995,-0.02192878979388979,-0.14416549016769253,-0.14416549016769253,2
phase0_tf_confirm_top_len158_extra,tox21_ahr,exact_20x,exact,20,181,655,64,591,0.02646902622655034,-0.02963703956499116,0.056106065791541496,0.703125,0.7292724196277496,0.10421752793077235,0.14898672286318934,0.14898672286318934,2
phase0_tf_confirm_top_len158_extra,tox21_ahr,exact_20x,exact,20,199,655,64,591,0.25472772505600005,0.06192726834776438,0.19280045670823567,0.4375,0.2131979695431472,-0.0484554681332835,-0.1990960742566256,-0.1990960742566256,2
phase0_tf_confirm_top_len158_extra,tox21_ahr,exact_20x,exact,20,223,655,64,591,-0.051702728203963454,0.01179480015311245,-0.06349752835707591,0.3125,0.27411167512690354,-0.03272260926553994,-0.006415939203578774,-0.006415939203578774,2
phase0_tf_confirm_top_len158_extra,tox21_ahr,exact_20x,exact,20,241,655,64,591,0.055404702201485655,-0.02379271050193386,0.07919741270341951,0.671875,0.6666666666666666,0.11059329728461736,0.16535854224666408,0.16535854224666408,2
phase0_tf_confirm_top_len158_extra,tox21_ahr,exact_20x,exact,20,263,655,64,591,-0.1855789481196552,-0.007545737773432138,-0.17803321034622305,0.59375,0.8121827411167513,0.013441474119711971,0.013532835290354804,0.013532835290354804,2
phase0_tf_confirm_top_len158_extra,tox21_ahr,random_1x,random,1,61,655,64,591,0.14494987344369292,-0.0031343069173357797,0.1480841803610287,0.59375,0.18781725888324874,0.06387471179792052,0.08517746877061504,0.08517746877061504,2
phase0_tf_confirm_top_len158_extra,tox21_ahr,random_1x,random,1,73,655,64,591,0.010541076306253665,-0.00638480638287798,0.016925882689131644,0.640625,0.7241962774957699,0.009032376063801917,0.01615084518460794,0.01615084518460794,2
phase0_tf_confirm_top_len158_extra,tox21_ahr,random_1x,random,1,89,655,64,591,0.0004850374534726143,0.0005922397179450282,-0.00010720226447241395,0.484375,0.43824027072758037,0.017430389781794984,0.022483027757998684,0.022483027757998684,2
phase0_tf_confirm_top_len158_extra,tox21_ahr,random_1x,random,1,107,655,64,591,0.08289903728291394,0.0020354280717885228,0.08086360921112541,0.671875,0.7038917089678511,-0.024877494981239395,-0.034444465507530136,-0.034444465507530136,2
phase0_tf_confirm_top_len158_extra,tox21_ahr,random_1x,random,1,131,655,64,591,-0.008413192816078663,-0.00270907033720194,-0.005704122478876723,0.359375,0.5126903553299492,0.005364351852427743,0.00858106174221839,0.00858106174221839,2
phase0_tf_confirm_top_len158_extra,tox21_ahr,random_1x,random,1,149,655,64,591,0.03686041384935377,0.005343635725692647,0.031516778123661125,0.5625,0.6023688663282571,-0.0012442118148237695,-0.003505910176829988,-0.003505910176829988,2
phase0_tf_confirm_top_len158_extra,tox21_ahr,random_1x,random,1,167,655,64,591,0.1345212472951971,0.026506294031484075,0.10801495326371302,0.359375,0.1505922165820643,-0.02380620275421963,-0.1560629616993579,-0.1560629616993579,2
phase0_tf_confirm_top_len158_extra,tox21_ahr,random_1x,random,1,181,655,64,591,-0.024823730345815448,-0.015273530017300911,-0.009550200328514537,0.671875,0.8087986463620981,0.08703320086159003,0.12659704001295372,0.12659704001295372,2
phase0_tf_confirm_top_len158_extra,tox21_ahr,random_1x,random,1,199,655,64,591,0.23635118373204023,0.06007742337163935,0.17627376036040088,0.40625,0.19796954314720813,-0.04588915300790841,-0.17869429443622575,-0.17869429443622575,2
phase0_tf_confirm_top_len158_extra,tox21_ahr,random_1x,random,1,223,655,64,591,0.29951603343943134,0.029376304621749918,0.27013972881768145,0.421875,0.23181049069373943,0.04885743717991095,0.10681497305302609,0.10681497305302609,2
phase0_tf_confirm_top_len158_extra,tox21_ahr,random_1x,random,1,241,655,64,591,0.09945911820977929,-0.0050754449290874235,0.10453456313886672,0.703125,0.7021996615905245,0.03477441289108729,0.05567066817972992,0.05567066817972992,2
phase0_tf_confirm_top_len158_extra,tox21_ahr,random_1x,random,1,263,655,64,591,-0.08382365875877436,-0.00606665569916997,-0.07775700305960438,0.328125,0.4890016920473773,-0.008728515577823698,-0.0016575494981202425,-0.0016575494981202425,2
phase0_tf_confirm_top_len158_extra,tox21_are,decoy_1x,decoy,1,61,584,64,520,0.10623405780643222,0.0035103227083499566,0.10272373509808226,0.5,0.3173076923076923,0.057170016617484,0.12926118716310994,0.12926118716310994,2
phase0_tf_confirm_top_len158_extra,tox21_are,decoy_1x,decoy,1,73,584,64,520,0.026333201676607132,-0.0073038974060462055,0.03363709908265334,0.59375,0.575,0.01277383468596302,0.028431951139981926,0.028431951139981926,2
phase0_tf_confirm_top_len158_extra,tox21_are,decoy_1x,decoy,1,89,584,64,520,-0.008652701042592517,0.001923584823425,-0.010576285866017516,0.46875,0.4596153846153846,-0.024117447537553995,-0.02903965602086467,-0.02903965602086467,2
phase0_tf_confirm_top_len158_extra,tox21_are,decoy_1x,decoy,1,107,584,64,520,-0.007890476845204834,0.002914133209448596,-0.01080461005465343,0.421875,0.4326923076923077,-0.010141352891993513,-0.014137630756166614,-0.014137630756166614,2
phase0_tf_confirm_top_len158_extra,tox21_are,decoy_5x,decoy,5,61,584,64,520,-0.07159134349785745,0.004879656806588169,-0.07647100030444562,0.546875,0.6673076923076923,0.05413006233197981,0.07935735319208886,0.07935735319208886,2
phase0_tf_confirm_top_len158_extra,tox21_are,decoy_5x,decoy,5,73,584,64,520,0.007324629463255402,-0.0024775877594947764,0.009802217222750178,0.53125,0.5403846153846154,0.013016647633914902,0.016530992792775978,0.016530992792775978,2
phase0_tf_confirm_top_len158_extra,tox21_are,decoy_5x,decoy,5,89,584,64,520,-0.04595011658966543,-0.00811053004402381,-0.03783958654564162,0.484375,0.6423076923076924,-0.038217488985974296,-0.009770871842136758,-0.009770871842136758,2
phase0_tf_confirm_top_len158_extra,tox21_are,decoy_5x,decoy,5,107,584,64,520,-0.0016288151964545165,-0.0006451792441881592,-0.0009836359522663574,0.46875,0.3326923076923077,-0.0050274953301635145,-0.009739127511588428,-0.009739127511588428,2
phase0_tf_confirm_top_len158_extra,tox21_are,decoy_20x,decoy,20,61,584,64,520,-0.10861680284142497,0.015419133466023659,-0.12403593630744864,0.46875,0.6230769230769231,0.008418545036799174,0.03714050271517627,0.03714050271517627,2
phase0_tf_confirm_top_len158_extra,tox21_are,decoy_20x,decoy,20,73,584,64,520,0.00717123551294209,0.0023808962450577727,0.0047903392678843165,0.484375,0.4288461538461538,-0.0006713124667573206,-0.005464894651015717,-0.005464894651015717,2
phase0_tf_confirm_top_len158_extra,tox21_are,decoy_20x,decoy,20,89,584,64,520,-0.025394912343472235,-0.0105008822794144,-0.014894030064057836,0.5,0.6346153846153846,-0.026630863244058445,0.016231564013799143,0.016231564013799143,2
phase0_tf_confirm_top_len158_extra,tox21_are,decoy_20x,decoy,20,107,584,64,520,-0.034316280856728554,0.007162122485729367,-0.04147840334245792,0.453125,0.5153846153846153,-0.009805530733464712,-0.01647289773183209,-0.01647289773183209,2
phase0_tf_confirm_top_len158_extra,tox21_are,decoy_20x,decoy,20,131,584,64,520,0.011446708347648396,0.010606887306158361,0.0008398210414900346,0.609375,0.7403846153846154,-0.003189000700531527,0.000698887586470829,0.000698887586470829,2
phase0_tf_confirm_top_len158_extra,tox21_are,decoy_20x,decoy,20,149,584,64,520,0.07574781216681002,-0.011086132434698252,0.08683394460150827,0.421875,0.22884615384615384,0.03619266879830163,-0.01433373940596869,-0.01433373940596869,2
phase0_tf_confirm_top_len158_extra,tox21_are,decoy_20x,decoy,20,167,584,64,520,-0.010723285842686897,-0.00526492005357376,-0.0054583657891131366,0.40625,0.6230769230769231,0.004793245249230048,0.011417057562701331,0.011417057562701331,2
phase0_tf_confirm_top_len158_extra,tox21_are,decoy_20x,decoy,20,181,584,64,520,0.017522766487672946,0.009684168260831103,0.007838598226841843,0.515625,0.36153846153846153,0.002937859728958686,-0.01758853872818359,-0.01758853872818359,2
phase0_tf_confirm_top_len158_extra,tox21_are,decoy_20x,decoy,20,199,584,64,520,-0.01934933848679063,-0.00019472636855565498,-0.019154612118234975,0.453125,0.41346153846153844,0.005612534079245418,-0.006396426862248974,-0.006396426862248974,2
phase0_tf_confirm_top_len158_extra,tox21_are,decoy_20x,decoy,20,223,584,64,520,0.10360821522772312,-0.022727627536425224,0.12633584276414833,0.5,0.12307692307692308,0.0004583427017965658,-0.002038610493252567,-0.002038610493252567,2
phase0_tf_confirm_top_len158_extra,tox21_are,decoy_20x,decoy,20,241,584,64,520,0.13691235380247235,0.014100021295822584,0.12281233250664977,0.390625,0.22692307692307692,-0.045777996602067494,-0.07997691393164652,-0.07997691393164652,2
phase0_tf_confirm_top_len158_extra,tox21_are,decoy_20x,decoy,20,263,584,64,520,0.05808769864961506,0.0015557969418855855,0.056531901707729475,0.484375,0.39807692307692305,0.009452653807674738,0.0016116113217731556,0.0016116113217731556,2
phase0_tf_confirm_top_len158_extra,tox21_are,exact_20x,exact,20,61,584,64,520,-0.11542018549516797,0.017968140771755802,-0.13338832626692376,0.453125,0.5923076923076923,-0.07575333014552843,-0.07243720354348583,-0.07243720354348583,2
phase0_tf_confirm_top_len158_extra,tox21_are,exact_20x,exact,20,73,584,64,520,0.0037445072084665238,-0.0023771226406097373,0.006121629849076261,0.578125,0.6115384615384616,0.01215189478373456,0.01790004337800071,0.01790004337800071,2
phase0_tf_confirm_top_len158_extra,tox21_are,exact_20x,exact,20,89,584,64,520,-0.024890647735446678,-0.012884560055457626,-0.012006087679989052,0.484375,0.6557692307692308,-0.019573295836899596,0.026998506579548123,0.026998506579548123,2
phase0_tf_confirm_top_len158_extra,tox21_are,exact_20x,exact,20,107,584,64,520,-0.015845904126763347,0.009657796071125916,-0.025503700197889265,0.53125,0.6461538461538462,0.017704030849219565,0.010319482350906177,0.010319482350906177,2
phase0_tf_confirm_top_len158_extra,tox21_are,exact_20x,exact,20,131,584,64,520,-0.09626091457903384,0.01700751300041492,-0.11326842757944876,0.40625,0.5,-0.022680530585928005,-0.06879005040359365,-0.06879005040359365,2
phase0_tf_confirm_top_len158_extra,tox21_are,exact_20x,exact,20,149,584,64,520,0.01400268543511626,0.0038340708384147024,0.010168614596701557,0.53125,0.4653846153846154,0.02150663721532789,0.021657974320044217,0.021657974320044217,2
phase0_tf_confirm_top_len158_extra,tox21_are,exact_20x,exact,20,167,584,64,520,-0.02118053194135428,0.002562373991195969,-0.02374290593255025,0.515625,0.7673076923076924,0.009809019274511652,0.009507713997020169,0.009507713997020169,2
phase0_tf_confirm_top_len158_extra,tox21_are,exact_20x,exact,20,181,584,64,520,-0.03334957337938248,0.00029088694315690774,-0.03364046032253939,0.46875,0.6961538461538461,0.008493454318067015,0.004943329066672667,0.004943329066672667,2
phase0_tf_confirm_top_len158_extra,tox21_are,exact_20x,exact,20,199,584,64,520,-0.0015083053149282787,-0.0024122233574207065,0.0009039180424924278,0.578125,0.7038461538461539,0.028843507020606816,0.04128792526323228,0.04128792526323228,2
phase0_tf_confirm_top_len158_extra,tox21_are,exact_20x,exact,20,223,584,64,520,0.09363899752497673,-0.011772850900888449,0.10541184842586518,0.5,0.1346153846153846,0.0053376094966920695,-0.005263874155806973,-0.005263874155806973,2
phase0_tf_confirm_top_len158_extra,tox21_are,exact_20x,exact,20,241,584,64,520,0.20228581316769123,0.0007969131263402741,0.20148890004135095,0.46875,0.3769230769230769,0.05060977204791416,0.05075964177293438,0.05075964177293438,2
phase0_tf_confirm_top_len158_extra,tox21_are,exact_20x,exact,20,263,584,64,520,0.015236699488014004,0.011612691730260851,0.003624007757753152,0.484375,0.36538461538461536,0.03196321977553779,0.005983425960313161,0.005983425960313161,2
phase0_tf_confirm_top_len158_extra,tox21_are,random_1x,random,1,61,584,64,520,0.048982077743858085,-0.013901703747419215,0.0628837814912773,0.53125,0.5980769230769231,0.037369993035947,0.049923319382859106,0.049923319382859106,2
phase0_tf_confirm_top_len158_extra,tox21_are,random_1x,random,1,73,584,64,520,0.013946022838354112,0.0011881494178221784,0.012757873420531933,0.5625,0.6846153846153846,-0.0017902760785632188,0.012899418429031471,0.012899418429031471,2
phase0_tf_confirm_top_len158_extra,tox21_are,random_1x,random,1,89,584,64,520,0.001119138672947897,-0.0011339081594577264,0.0022530468324056235,0.515625,0.5461538461538461,-0.002174062232935422,-0.0036177323455666146,-0.0036177323455666146,2
phase0_tf_confirm_top_len158_extra,tox21_are,random_1x,random,1,107,584,64,520,0.0052287299185991044,0.0024768874622308297,0.0027518424563682748,0.453125,0.34807692307692306,-0.001719406731257006,-0.007921111325805036,-0.007921111325805036,2
phase0_tf_confirm_top_len158_extra,tox21_are,stereo_5x,stereo,5,61,584,64,520,0.007422171067446437,0.030985684062425908,-0.02356351299497947,0.484375,0.4173076923076923,-0.07045671861094399,-0.0480274930340494,-0.0480274930340494,2
phase0_tf_confirm_top_len158_extra,tox21_are,stereo_5x,stereo,5,73,584,64,520,-0.124733044533059,-0.0359475328372075,-0.0887855116958515,0.578125,0.7461538461538462,0.0005850511033252404,0.05119657027023424,0.05119657027023424,2
phase0_tf_confirm_top_len158_extra,tox21_are,stereo_5x,stereo,5,89,584,64,520,-0.030628004111349572,-0.010907770750614311,-0.01972023336073526,0.453125,0.6403846153846153,-0.038581573370205846,0.00515080392565373,0.00515080392565373,2
phase0_tf_confirm_top_len158_extra,tox21_are,stereo_5x,stereo,5,107,584,64,520,-0.01888350956141948,0.0033515222943746124,-0.02223503185579409,0.46875,0.425,-0.008666901285121292,-0.017389964602969498,-0.017389964602969498,2
phase0_tf_confirm_top_len158_extra,tox21_mmp,decoy_1x,decoy,1,61,582,64,518,0.09666998405009508,0.03838461303802992,0.058285371012065164,0.671875,0.7355212355212355,-0.014124458871273282,-0.010028505788942398,-0.010028505788942398,2
phase0_tf_confirm_top_len158_extra,tox21_mmp,decoy_1x,decoy,1,73,582,64,518,-0.01970653096213939,-0.01792312531397609,-0.0017834056481632991,0.59375,0.6196911196911197,0.01252821338538345,0.024963733168389585,0.024963733168389585,2
phase0_tf_confirm_top_len158_extra,tox21_mmp,decoy_1x,decoy,1,89,582,64,518,0.024458858184516423,-0.009980250969816822,0.03443910915433324,0.5625,0.4266409266409266,-0.053672501182722834,-0.04799599190162925,-0.04799599190162925,2
phase0_tf_confirm_top_len158_extra,tox21_mmp,decoy_1x,decoy,1,107,582,64,518,-0.00036965217441320766,0.001092342278672001,-0.0014619944530852086,0.453125,0.38223938223938225,-0.010381928819215916,-0.017600717850023748,-0.017600717850023748,2
phase0_tf_confirm_top_len158_extra,tox21_mmp,decoy_1x,decoy,1,131,582,64,518,0.09440404665656388,0.022421206689249136,0.07198283996731475,0.359375,0.21621621621621623,0.060934249199826096,0.008941477190615308,0.008941477190615308,2
phase0_tf_confirm_top_len158_extra,tox21_mmp,decoy_1x,decoy,1,149,582,64,518,0.0929164607077837,0.019521337218266193,0.0733951234895175,0.734375,0.8204633204633205,0.10109730331770383,0.16256850090565172,0.16256850090565172,2
phase0_tf_confirm_top_len158_extra,tox21_mmp,decoy_1x,decoy,1,167,582,64,518,-0.05836245138198137,4.937099904166889e-05,-0.05841182238102304,0.34375,0.3918918918918919,-0.05291672120539563,-0.10179652861063342,-0.10179652861063342,2
phase0_tf_confirm_top_len158_extra,tox21_mmp,decoy_1x,decoy,1,181,582,64,518,-0.011244482360780232,0.00015762097356862673,-0.01140210333434886,0.34375,0.4420849420849421,-0.006435835769480647,-0.029053236164958546,-0.029053236164958546,2
phase0_tf_confirm_top_len158_extra,tox21_mmp,decoy_1x,decoy,1,199,582,64,518,-0.040555590065196157,-0.013952825606789829,-0.026602764458406328,0.328125,0.20077220077220076,0.0020686141720437368,-0.052234074663414426,-0.052234074663414426,2
phase0_tf_confirm_top_len158_extra,tox21_mmp,decoy_1x,decoy,1,223,582,64,518,-0.019802164984866987,0.01574002568786209,-0.03554219067272908,0.515625,0.6756756756756757,-0.017787668475041457,-0.03142417499738043,-0.03142417499738043,2
phase0_tf_confirm_top_len158_extra,tox21_mmp,decoy_1x,decoy,1,241,582,64,518,-0.06398505228571595,0.028175012945668577,-0.09216006523138454,0.3125,0.2915057915057915,-0.019340270438896412,-0.15586184688731614,-0.15586184688731614,2
phase0_tf_confirm_top_len158_extra,tox21_mmp,decoy_1x,decoy,1,263,582,64,518,0.0464985854923725,0.018730391118977528,0.02776819437339497,0.65625,0.6795366795366795,0.03452629812118729,0.004452930808375937,0.004452930808375937,2
phase0_tf_confirm_top_len158_extra,tox21_mmp,decoy_5x,decoy,5,61,582,64,518,0.006111430004239051,0.024452110630204787,-0.018340680625965736,0.625,0.7683397683397684,0.02001335560342904,0.03851297969519401,0.03851297969519401,2
phase0_tf_confirm_top_len158_extra,tox21_mmp,decoy_5x,decoy,5,73,582,64,518,-0.028724549338221557,-0.0073219503790255165,-0.02140259895919604,0.515625,0.6003861003861004,-0.008766320950193602,0.0012438597316925953,0.0012438597316925953,2
phase0_tf_confirm_top_len158_extra,tox21_mmp,decoy_5x,decoy,5,89,582,64,518,0.006721826735883942,0.0010160211775753914,0.00570580555830855,0.53125,0.4420849420849421,-0.012121558465904795,-0.02809785890128959,-0.02809785890128959,2
phase0_tf_confirm_top_len158_extra,tox21_mmp,decoy_5x,decoy,5,107,582,64,518,0.0039393329061567705,0.004362820888578201,-0.00042348798242143083,0.453125,0.5424710424710425,-0.001606035284436061,0.0012843320883901953,0.0012843320883901953,2
phase0_tf_confirm_top_len158_extra,tox21_mmp,decoy_20x,decoy,20,61,582,64,518,0.04874057229608296,0.028144719575362777,0.020595852720720183,0.609375,0.7548262548262549,0.028225415135187393,0.05462348843004094,0.05462348843004094,2
phase0_tf_confirm_top_len158_extra,tox21_mmp,decoy_20x,decoy,20,73,582,64,518,-0.09752355655655266,0.018717120282898545,-0.1162406768394512,0.3125,0.4575289575289575,0.01110749657466692,-0.03737233312176076,-0.03737233312176076,2
phase0_tf_confirm_top_len158_extra,tox21_mmp,decoy_20x,decoy,20,89,582,64,518,-0.05167993530631066,-0.0034038024634468044,-0.048276132842863854,0.5,0.5347490347490348,-0.030982038058131614,-0.046211053807707105,-0.046211053807707105,2
phase0_tf_confirm_top_len158_extra,tox21_mmp,decoy_20x,decoy,20,107,582,64,518,0.06421469803899524,-0.05275041434525523,0.11696511238425047,0.6875,0.696911196911197,0.05532676322419594,0.13066179858214114,0.13066179858214114,2
phase0_tf_confirm_top_len158_extra,tox21_mmp,exact_1x,exact,1,61,582,64,518,-0.0396392564289272,0.038983550656256076,-0.07862280708518327,0.59375,0.8223938223938224,0.03845842596110116,0.05857668364046145,0.05857668364046145,2
phase0_tf_confirm_top_len158_extra,tox21_mmp,exact_1x,exact,1,73,582,64,518,-0.1443236893974245,0.02082647291159538,-0.16515016230901985,0.28125,0.5405405405405406,-0.01265483524716915,-0.052249559071086527,-0.052249559071086527,2
phase0_tf_confirm_top_len158_extra,tox21_mmp,exact_1x,exact,1,89,582,64,518,-0.025849945377558473,-0.005117976757550333,-0.02073196862000814,0.53125,0.6698841698841699,-0.042837768592617814,-0.06125604851159942,-0.06125604851159942,2
phase0_tf_confirm_top_len158_extra,tox21_mmp,exact_1x,exact,1,107,582,64,518,0.007305693347007027,0.0063875103549147225,0.0009181829920923042,0.609375,0.5463320463320464,0.014677499492554626,0.016777331331558298,0.016777331331558298,2
phase0_tf_confirm_top_len158_extra,tox21_mmp,exact_1x,exact,1,131,582,64,518,0.12187215744052084,-0.025814479598092292,0.14768663703861312,0.609375,0.4362934362934363,0.03963380561629112,0.06457961021461157,0.06457961021461157,2
phase0_tf_confirm_top_len158_extra,tox21_mmp,exact_1x,exact,1,149,582,64,518,0.09752205107361078,0.027642012678057992,0.06988003839555279,0.734375,0.7818532818532818,0.032918251809360644,0.05386839087518081,0.05386839087518081,2
phase0_tf_confirm_top_len158_extra,tox21_mmp,exact_1x,exact,1,167,582,64,518,-0.1114387430716306,0.0057122829337838054,-0.1171510260054144,0.359375,0.4034749034749035,-0.038856813565948445,-0.1203870312865369,-0.1203870312865369,2
phase0_tf_confirm_top_len158_extra,tox21_mmp,exact_1x,exact,1,181,582,64,518,-0.009063230827450731,-0.0063322614518832076,-0.002730969375567524,0.546875,0.6158301158301158,0.019003803553271116,0.022589624803306105,0.022589624803306105,2
phase0_tf_confirm_top_len158_extra,tox21_mmp,exact_1x,exact,1,199,582,64,518,-0.05893835611641406,0.005466984764719561,-0.06440534088113363,0.34375,0.3281853281853282,0.0019100836519043707,-0.020579885394181326,-0.020579885394181326,2
phase0_tf_confirm_top_len158_extra,tox21_mmp,exact_1x,exact,1,223,582,64,518,0.04352819453924895,0.013410278901630384,0.030117915637618564,0.4375,0.5984555984555985,0.010488880231388109,-0.02458820600451283,-0.02458820600451283,2
phase0_tf_confirm_top_len158_extra,tox21_mmp,exact_1x,exact,1,241,582,64,518,-0.13670056476257744,0.0177127052112896,-0.15441326997386703,0.28125,0.28957528957528955,-0.051089876091887754,-0.17173645480701683,-0.17173645480701683,2
phase0_tf_confirm_top_len158_extra,tox21_mmp,exact_1x,exact,1,263,582,64,518,0.16719744773581624,0.0014854731707039078,0.16571197456511233,0.71875,0.696911196911197,0.034968875804817404,-0.005982843331105228,-0.005982843331105228,2
phase0_tf_confirm_top_len158_extra,tox21_mmp,parent_1x,parent,1,61,582,64,518,0.014126928523182857,0.03218424682681625,-0.018057318303633392,0.609375,0.7837837837837838,-0.012459780173627824,-0.013410926028788916,-0.013410926028788916,2
phase0_tf_confirm_top_len158_extra,tox21_mmp,parent_1x,parent,1,73,582,64,518,0.07527234009467065,-0.03611624784566259,0.11138858794033324,0.75,0.7355212355212355,0.07270771148185129,0.10537277850483895,0.10537277850483895,2
phase0_tf_confirm_top_len158_extra,tox21_mmp,parent_1x,parent,1,89,582,64,518,0.02275736490264535,0.0008202485136083637,0.021937116389036986,0.546875,0.4247104247104247,0.0264944461926423,0.03085242411497541,0.03085242411497541,2
phase0_tf_confirm_top_len158_extra,tox21_mmp,parent_1x,parent,1,107,582,64,518,-0.007529472932219488,0.004919336281688058,-0.012448809213907546,0.546875,0.5637065637065637,0.011851190592641149,0.006733440785119723,0.006733440785119723,2
phase0_tf_confirm_top_len158_extra,tox21_mmp,parent_1x,parent,1,131,582,64,518,0.21808463090565056,-0.04525425674889999,0.26333888765455055,0.703125,0.38803088803088803,0.16394794190184908,0.20948519957594616,0.20948519957594616,2
phase0_tf_confirm_top_len158_extra,tox21_mmp,parent_1x,parent,1,149,582,64,518,0.016099648550152793,0.0019395868060211401,0.014160061744131652,0.65625,0.5694980694980695,0.00940179513959958,0.0156502355358806,0.0156502355358806,2
phase0_tf_confirm_top_len158_extra,tox21_mmp,parent_1x,parent,1,167,582,64,518,-0.05942811630666257,0.013359105667552433,-0.072787221974215,0.25,0.2413127413127413,-0.04766684866068188,-0.2012136591727712,-0.2012136591727712,2
phase0_tf_confirm_top_len158_extra,tox21_mmp,parent_1x,parent,1,181,582,64,518,0.017397746909409786,-0.008453264084561908,0.025851010993971694,0.546875,0.416988416988417,0.019167082934751816,0.027283446269383494,0.027283446269383494,2
phase0_tf_confirm_top_len158_extra,tox21_mmp,parent_1x,parent,1,199,582,64,518,0.006101622479036472,-0.009210573343926881,0.015312195822963354,0.328125,0.1525096525096525,-0.005315858036584076,-0.04434279362330982,-0.04434279362330982,2
phase0_tf_confirm_top_len158_extra,tox21_mmp,parent_1x,parent,1,223,582,64,518,0.041308727115392685,0.04056275575547605,0.0007459713599166362,0.421875,0.33783783783783783,0.02784770006343612,-0.056233691078038064,-0.056233691078038064,2
phase0_tf_confirm_top_len158_extra,tox21_mmp,parent_1x,parent,1,241,582,64,518,-0.08075951668433846,0.03524974201406751,-0.11600925869840598,0.296875,0.29343629343629346,-0.010600559471915072,-0.16838182619877168,-0.16838182619877168,2
phase0_tf_confirm_top_len158_extra,tox21_mmp,parent_1x,parent,1,263,582,64,518,0.17999906511977315,0.005497982775842823,0.17450108234393033,0.703125,0.7084942084942085,0.04649367815267277,0.013664967188448028,0.013664967188448028,2
phase0_tf_confirm_top_len158_extra,tox21_mmp,random_5x,random,5,61,582,64,518,0.08520332863554357,0.027090125159867483,0.058113203475676084,0.65625,0.750965250965251,0.013667100820516476,0.04847442571593195,0.04847442571593195,2
phase0_tf_confirm_top_len158_extra,tox21_mmp,random_5x,random,5,73,582,64,518,-0.16740357736125588,0.022336894423344886,-0.18974047178460077,0.25,0.42084942084942084,0.0020356420987093227,-0.0818442647512552,-0.0818442647512552,2
phase0_tf_confirm_top_len158_extra,tox21_mmp,random_5x,random,5,89,582,64,518,-0.08315160451456906,0.011311997893234014,-0.09446360240780308,0.40625,0.5521235521235521,-0.013487859526198936,-0.023722547817886686,-0.023722547817886686,2
phase0_tf_confirm_top_len158_extra,tox21_mmp,random_5x,random,5,107,582,64,518,0.033766549080610254,0.0012902463840241617,0.03247630269658609,0.765625,0.6718146718146718,0.013917855233337717,0.024263418352107755,0.024263418352107755,2
phase0_tf_confirm_top_len158_extra,tox21_mmp,stereo_20x,stereo,20,61,582,64,518,-0.05350556597113609,0.030787859759275518,-0.08429342573041161,0.5625,0.8166023166023166,0.014452505516915537,0.024430279311694364,0.024430279311694364,2
phase0_tf_confirm_top_len158_extra,tox21_mmp,stereo_20x,stereo,20,73,582,64,518,-0.08714572479948403,0.019228059122461158,-0.10637378392194519,0.28125,0.3764478764478765,-0.011277955427166808,-0.0705399139052651,-0.0705399139052651,2
phase0_tf_confirm_top_len158_extra,tox21_mmp,stereo_20x,stereo,20,89,582,64,518,-0.03363153571262953,-0.01209365182401591,-0.02153788388861362,0.375,0.3281853281853282,0.01771573302910419,0.005125638401356596,0.005125638401356596,2
phase0_tf_confirm_top_len158_extra,tox21_mmp,stereo_20x,stereo,20,107,582,64,518,0.00027407333254811893,0.007230252660379445,-0.006956179327831326,0.59375,0.49613899613899615,-0.00870314398449052,-0.01793308006645988,-0.01793308006645988,2
phase0_tf_mmp_aff128_isolated,tox21_mmp,decoy_1x,decoy,1,307,582,128,454,-0.10822059551719576,0.01373526905273551,-0.12195586456993127,0.5,0.5484581497797357,-0.006140564802706749,-0.018336692035259623,-0.04306292030816908,2
phase0_tf_mmp_aff128_isolated,tox21_mmp,decoy_1x,decoy,1,331,582,128,454,-0.07540193584281951,-0.027367012747583935,-0.04803492309523558,0.2734375,0.41409691629955947,-0.03939825327383699,-0.04719796499139166,-0.05297389116036693,2
phase0_tf_mmp_aff128_isolated,tox21_mmp,decoy_1x,decoy,1,353,582,128,454,-0.052263644349295646,0.0023232330014264493,-0.054586877350722096,0.4140625,0.35462555066079293,-0.007860574886652039,-0.021555444062788157,-0.02819075002095173,2
phase0_tf_mmp_aff128_isolated,tox21_mmp,decoy_1x,decoy,1,379,582,128,454,-0.08621713821776211,-0.0002682637505331744,-0.08594887446722894,0.46875,0.5682819383259912,-0.01282464564072544,-0.030419319535014793,-0.06006391091721444,2
phase0_tf_mmp_aff128_isolated,tox21_mmp,decoy_1x,decoy,1,401,582,128,454,0.01872014487162231,0.004131257205807686,0.014588887665814624,0.40625,0.2555066079295154,-0.0013601746006064452,-0.0039741843312623105,-0.013133943139672588,2
phase0_tf_mmp_aff128_isolated,tox21_mmp,decoy_1x,decoy,1,421,582,128,454,-0.0700930835446343,-0.024463978764244113,-0.04562910478039019,0.2890625,0.32158590308370044,-0.01020911574657185,-0.009445234065350926,-0.004942670523074687,2
phase0_tf_mmp_aff128_isolated,tox21_mmp,decoy_1x,decoy,1,443,582,128,454,-0.04389415949117392,-0.00011041379710126126,-0.04378374569407266,0.609375,0.6916299559471366,-0.0006078513086488768,0.0020993742653133496,0.005850719126624644,2
phase0_tf_mmp_aff128_isolated,tox21_mmp,decoy_1x,decoy,1,467,582,128,454,-0.038729236344806836,0.030629514170900842,-0.06935875051570768,0.546875,0.5506607929515418,-0.025837158040211472,-0.060574099329836206,-0.13882972401489588,2
phase0_tf_mmp_aff128_isolated,tox21_mmp,decoy_1x,decoy,1,491,582,128,454,0.00990837533026934,0.007030740806972411,0.002877634523296929,0.6328125,0.6453744493392071,0.022689703851143744,0.03357217844378129,0.0390761019266649,2
phase0_tf_mmp_aff128_isolated,tox21_mmp,decoy_1x,decoy,1,509,582,128,454,-0.02985047944821418,0.008126653041608535,-0.037977132489822714,0.4609375,0.5726872246696035,-0.048593510586132316,-0.0701001319394395,-0.10898771641036685,2
phase0_tf_mmp_aff128_isolated,tox21_mmp,decoy_1x,decoy,1,541,582,128,454,0.06322022969834507,-0.009894597143066087,0.07311482684141116,0.6484375,0.5242290748898678,0.03239251316558199,0.04278687655214096,0.059700300922576104,2
phase0_tf_mmp_aff128_isolated,tox21_mmp,decoy_1x,decoy,1,563,582,128,454,-0.04946163040585817,0.011272111768108113,-0.060733742173966286,0.421875,0.44052863436123346,-0.02128767282283467,-0.0437328989705027,-0.060629133254786166,2
phase0_tf_mmp_aff128_isolated,tox21_mmp,exact_1x,exact,1,307,582,128,454,-0.08390668546780947,0.010480798666041327,-0.0943874841338508,0.5078125,0.5,0.004747714746832277,0.001461288568326829,-0.002572700834948035,2
phase0_tf_mmp_aff128_isolated,tox21_mmp,exact_1x,exact,1,331,582,128,454,-0.08189777296502143,-0.02010057978167933,-0.061797193183342106,0.375,0.513215859030837,-0.04787486914670511,-0.05704331221896926,-0.06703532799646084,2
phase0_tf_mmp_aff128_isolated,tox21_mmp,exact_1x,exact,1,353,582,128,454,0.01067630015313625,0.021859179296026147,-0.011182879142889898,0.4140625,0.30837004405286345,-0.026650118473725615,-0.05527550495866728,-0.0833333535655526,2
phase0_tf_mmp_aff128_isolated,tox21_mmp,exact_1x,exact,1,379,582,128,454,-0.029748658183962096,0.01127645210875814,-0.04102511029272024,0.3671875,0.4669603524229075,-0.045874880295452086,-0.06408755319226597,-0.09546185127433791,2
phase0_tf_mmp_aff128_isolated,tox21_mmp,exact_1x,exact,1,401,582,128,454,0.01656096428632737,0.018465542648857386,-0.001904578362530017,0.609375,0.5066079295154186,-0.008909315111101462,-0.010419274671699485,-0.015651658987337166,2
phase0_tf_mmp_aff128_isolated,tox21_mmp,exact_1x,exact,1,421,582,128,454,-0.0537804716732353,-0.027521614132998806,-0.02625885754023649,0.4375,0.4581497797356828,0.014380066651243181,0.012977853756867523,0.01086812613001545,2
phase0_tf_mmp_aff128_isolated,tox21_mmp,exact_1x,exact,1,443,582,128,454,-0.14550166216213256,0.017824718900976727,-0.1633263810631093,0.65625,0.8171806167400881,-0.03365186571077694,-0.06293304063432127,-0.13144822049326457,2
phase0_tf_mmp_aff128_isolated,tox21_mmp,exact_1x,exact,1,467,582,128,454,-0.01372257201001049,0.04897113984639424,-0.06269371185640474,0.640625,0.724669603524229,0.03643908342306468,0.018497428214286814,-0.01747893756485399,2
phase0_tf_mmp_aff128_isolated,tox21_mmp,exact_1x,exact,1,491,582,128,454,0.021186412894167,0.019271006143040594,0.0019154067511264056,0.4609375,0.48237885462555063,-0.012199054514610577,-0.006701093452210383,-0.011605425373111152,2
phase0_tf_mmp_aff128_isolated,tox21_mmp,exact_1x,exact,1,509,582,128,454,-0.0030934384558349865,0.010170410645690789,-0.013263849101525775,0.5390625,0.5814977973568282,-0.015316524722810941,-0.022108527303883088,-0.03585612867634784,2
phase0_tf_mmp_aff128_isolated,tox21_mmp,exact_1x,exact,1,541,582,128,454,-0.061985772335901856,-0.008023122038347607,-0.053962650297554246,0.46875,0.4933920704845815,0.0262103026290208,0.04016150559859301,0.06014574263788676,2
phase0_tf_mmp_aff128_isolated,tox21_mmp,exact_1x,exact,1,563,582,128,454,-0.027295090956613435,-0.004049203288843978,-0.023245887667769458,0.265625,0.2665198237885463,-0.03390457268104202,-0.051058455990805954,-0.04381022602175132,2
phase0_tf_mmp_aff128_isolated,tox21_mmp,parent_1x,parent,1,307,582,128,454,-0.0868185056024231,-0.005617750915267914,-0.0812007546871552,0.6484375,0.788546255506608,-0.019957335206854207,-0.01756886358872479,-0.013685921957580942,2
phase0_tf_mmp_aff128_isolated,tox21_mmp,parent_1x,parent,1,331,582,128,454,-0.14959399309009314,-0.0125357616971768,-0.13705823139291634,0.53125,0.76431718061674,-0.03242573873086613,-0.039420252367563496,-0.061905978195469,2
phase0_tf_mmp_aff128_isolated,tox21_mmp,parent_1x,parent,1,353,582,128,454,-0.07965839526150376,0.014273297287819144,-0.0939316925493229,0.328125,0.3964757709251101,-0.04099870504310282,-0.07313687879544564,-0.11901241238581692,2
phase0_tf_mmp_aff128_isolated,tox21_mmp,parent_1x,parent,1,379,582,128,454,-0.08805561251938343,-0.01690714276243936,-0.07114846975694407,0.359375,0.3370044052863436,0.0044192209185780484,-0.003392922506006096,-0.0016034940781834961,2
phase0_tf_mmp_aff128_isolated,tox21_mmp,parent_1x,parent,1,401,582,128,454,0.024124961055349566,0.018264038906748596,0.005860922148600969,0.6953125,0.6013215859030837,-0.01629399745173288,-0.024999834978217176,-0.04684231279592638,2
phase0_tf_mmp_aff128_isolated,tox21_mmp,parent_1x,parent,1,421,582,128,454,-0.0097138243727386,-0.010614643012899659,0.000900818640161059,0.375,0.3788546255506608,-0.004328446540239651,-0.001722878331544637,0.006636928710778785,2
phase0_tf_mmp_aff128_isolated,tox21_mmp,parent_1x,parent,1,443,582,128,454,-0.08820284862304105,0.004010993453965315,-0.09221384207700636,0.578125,0.762114537444934,-0.03443077721171245,-0.05202664376498781,-0.10180021092630578,2
phase0_tf_mmp_aff128_isolated,tox21_mmp,parent_1x,parent,1,467,582,128,454,-0.002303391927853223,-0.0031398843301025264,0.0008364924022493032,0.34375,0.22026431718061673,-0.01183352547607841,-0.0275697097031369,-0.058946685960179206,2
phase0_tf_mmp_aff128_isolated,tox21_mmp,parent_1x,parent,1,491,582,128,454,0.07115752005483955,0.003365047193965201,0.06779247286087435,0.640625,0.6101321585903083,0.0879741263059945,0.11036786819683533,0.15148766553318227,2
phase0_tf_mmp_aff128_isolated,tox21_mmp,parent_1x,parent,1,509,582,128,454,-0.03165920148603618,0.004651206508607071,-0.03631040799464325,0.3828125,0.27312775330396477,-0.025811462048423023,-0.047383969631086334,-0.07532506349132026,2
phase0_tf_mmp_aff128_isolated,tox21_mmp,parent_1x,parent,1,541,582,128,454,0.01801696338225156,0.006710112915427678,0.011306850466823882,0.75,0.8171806167400881,0.03966571346296729,0.05494160970817109,0.10139200524743974,2
phase0_tf_mmp_aff128_isolated,tox21_mmp,parent_1x,parent,1,563,582,128,454,-0.060974774067290134,-0.0036640303939712163,-0.05731074367331892,0.4921875,0.6519823788546255,-0.042686484991286786,-0.05454470037684007,-0.08316937684704358,2
phase0_tf_mmp_stereo_changed_aff128_d20,tox21_mmp,decoy_20x,decoy,20,307,582,128,454,0.010962727246806026,0.001295223241335487,0.009667504005470538,0.578125,0.460352422907489,0.02585602927136188,0.03836719510020756,-0.06444204710634782,2
phase0_tf_mmp_stereo_changed_aff128_d20,tox21_mmp,decoy_20x,decoy,20,331,582,128,454,0.04329760791733861,0.012989740572574378,0.030307867344764233,0.796875,0.6453744493392071,0.03084158614003711,0.03933487847884645,-0.11157069560309406,2
phase0_tf_mmp_stereo_changed_aff128_d20,tox21_mmp,decoy_20x,decoy,20,353,582,128,454,-0.10317871067672968,-0.014472118607570422,-0.08870659206915926,0.2734375,0.3436123348017621,-0.06966060885294187,-0.06173835578010767,0.014247882013880935,2
phase0_tf_mmp_stereo_changed_aff128_d20,tox21_mmp,decoy_20x,decoy,20,379,582,128,454,-0.024807517416775223,-0.017469070285624347,-0.007338447131150876,0.4453125,0.44713656387665196,-0.03250080573887415,-0.019309209229686514,-0.11770001840841308,2
phase0_tf_mmp_stereo_changed_aff128_d20,tox21_mmp,decoy_20x,decoy,20,401,582,128,454,0.0009473024401813711,0.015907217096127076,-0.014959914655945705,0.484375,0.5154185022026432,-0.030873786446609208,-0.006101908568962247,-0.027225565423430756,2
phase0_tf_mmp_stereo_changed_aff128_d20,tox21_mmp,decoy_20x,decoy,20,421,582,128,454,0.07922059763222933,0.014058281146482226,0.06516231648574711,0.6796875,0.6718061674008811,0.037745765398435285,0.05521748168144508,0.1313463783572129,2
phase0_tf_mmp_stereo_changed_aff128_d20,tox21_mmp,decoy_20x,decoy,20,443,582,128,454,0.008664984023198485,0.0007914341822069642,0.007873549840991522,0.7890625,0.762114537444934,0.044202706961675164,0.007178442566856531,0.11617259060912004,2
phase0_tf_mmp_stereo_changed_aff128_d20,tox21_mmp,decoy_20x,decoy,20,467,582,128,454,0.04189474740996957,0.026028767687633698,0.01586597972233587,0.4375,0.2422907488986784,0.006785495329086233,0.0562928882919507,-0.14607682871573388,2
phase0_tf_mmp_stereo_changed_aff128_d20,tox21_mmp,decoy_20x,decoy,20,491,582,128,454,0.03142024413682521,0.05200674061536264,-0.020586496478537428,0.5390625,0.3832599118942731,-0.032190071038922685,0.0029828225432928374,-0.14588408928217653,2
phase0_tf_mmp_stereo_changed_aff128_d20,tox21_mmp,decoy_20x,decoy,20,509,582,128,454,-0.044732035137712955,-0.0060200268476545025,-0.038712008290058456,0.3203125,0.3920704845814978,-0.047724987294629984,-0.0358180175471976,-0.15492863995588332,2
phase0_tf_mmp_stereo_changed_aff128_d20,tox21_mmp,decoy_20x,decoy,20,541,582,128,454,0.001804105238988999,-0.02159671528092565,0.02340082051991465,0.4765625,0.6718061674008811,0.007311304457935694,0.0056811626190513735,0.11508684889362532,2
phase0_tf_mmp_stereo_changed_aff128_d20,tox21_mmp,decoy_20x,decoy,20,563,582,128,454,-0.005666104611009356,-0.0008675099108450213,-0.004798594700164334,0.515625,0.6762114537444934,-0.05545506964628416,-0.04368126351847812,-0.02412874978490079,2
phase0_tf_mmp_stereo_changed_aff128_d20,tox21_mmp,exact_20x,exact,20,307,582,128,454,-0.06694564421195537,-0.01405376760444978,-0.05289187660750559,0.6875,0.6431718061674009,-0.04465726079218647,-0.05530145944416983,-0.01946152125626643,2
phase0_tf_mmp_stereo_changed_aff128_d20,tox21_mmp,exact_20x,exact,20,331,582,128,454,-0.012831881642341614,-0.0058692990092454,-0.006962582633096214,0.6796875,0.6585903083700441,-0.0005885308541235465,-0.005168418826430021,0.03267943752161826,2
phase0_tf_mmp_stereo_changed_aff128_d20,tox21_mmp,exact_20x,exact,20,353,582,128,454,-0.05632820818573237,-0.008559478455046728,-0.04776872973068565,0.1953125,0.3392070484581498,-0.04584339679009518,-0.03326752640329818,-0.02176026682989926,2
phase0_tf_mmp_stereo_changed_aff128_d20,tox21_mmp,exact_20x,exact,20,379,582,128,454,0.03439863561652601,-0.008868769467664715,0.04326740508419072,0.4375,0.4185022026431718,0.018780990837296382,0.02882629901314864,-0.05019427537656361,2
phase0_tf_mmp_stereo_changed_aff128_d20,tox21_mmp,exact_20x,exact,20,401,582,128,454,-0.017857098020613204,0.0005445880446139975,-0.018401686065227203,0.4140625,0.44052863436123346,-0.018130317746067548,-0.012028176252698329,0.17700905723467822,2
phase0_tf_mmp_stereo_changed_aff128_d20,tox21_mmp,exact_20x,exact,20,421,582,128,454,0.045925485668703914,-1.6930738734782767e-05,0.045942416407438694,0.4140625,0.34140969162995594,0.02326990060154112,0.0617396129656256,-0.020374720727670076,2
phase0_tf_mmp_stereo_changed_aff128_d20,tox21_mmp,exact_20x,exact,20,443,582,128,454,0.03308564145117998,-0.025043662391307595,0.05812930384248757,0.75,0.6806167400881057,0.08865260598507618,0.06217205631903544,0.04602614428968349,2
phase0_tf_mmp_stereo_changed_aff128_d20,tox21_mmp,exact_20x,exact,20,467,582,128,454,0.04040932934731245,0.0037074836734107947,0.036701845673901654,0.3046875,0.27973568281938327,0.03195848411522276,0.08231004129092548,-0.09742030289064461,2
phase0_tf_mmp_stereo_changed_aff128_d20,tox21_mmp,exact_20x,exact,20,491,582,128,454,-0.000722318189218636,0.05616513641329588,-0.056887454602514514,0.421875,0.31277533039647576,-0.052234793152710374,-0.016659107804540926,-0.15587765179953636,2
phase0_tf_mmp_stereo_changed_aff128_d20,tox21_mmp,exact_20x,exact,20,509,582,128,454,0.001977283507585529,-0.022042294791879108,0.024019578299464637,0.453125,0.5220264317180616,-0.050779599277830045,-0.030339032647766752,-0.06809351729880873,2
phase0_tf_mmp_stereo_changed_aff128_d20,tox21_mmp,exact_20x,exact,20,541,582,128,454,0.008517324225977063,-0.006502190104271349,0.015019514330248413,0.625,0.711453744493392,-0.006381747851007424,-0.004903286663951193,0.042193194430148455,2
phase0_tf_mmp_stereo_changed_aff128_d20,tox21_mmp,exact_20x,exact,20,563,582,128,454,0.043482582783326514,0.009807441777463524,0.03367514100586299,0.484375,0.4977973568281938,-0.03387331584083497,-0.002287319519278486,-0.15306135535872323,2
phase0_tf_mmp_stereo_changed_aff128_d20,tox21_mmp,stereo_20x,stereo,20,307,582,128,454,-0.024809486931189898,0.0026955124368226455,-0.027504999368012543,0.7265625,0.6762114537444934,-0.027160318048737003,-0.028587590021163033,-0.10265605249981981,2
phase0_tf_mmp_stereo_changed_aff128_d20,tox21_mmp,stereo_20x,stereo,20,331,582,128,454,-0.0031280778348445927,0.008459763773737498,-0.01158784160858209,0.4296875,0.5925110132158591,-0.013318538488450354,-0.006784029696947467,-0.07130087173278869,2
phase0_tf_mmp_stereo_changed_aff128_d20,tox21_mmp,stereo_20x,stereo,20,353,582,128,454,-0.042169507127255215,-0.017369072670978605,-0.02480043445627661,0.1953125,0.22026431718061673,-0.04478502790121164,-0.0216787905128426,0.06185158734450845,2
phase0_tf_mmp_stereo_changed_aff128_d20,tox21_mmp,stereo_20x,stereo,20,379,582,128,454,0.02783176023513079,-0.002155538812476633,0.029987299047607423,0.59375,0.6123348017621145,0.017394529885357085,0.016641415363188746,0.011691937123473993,2
phase0_tf_mmp_stereo_changed_aff128_d20,tox21_mmp,stereo_20x,stereo,20,401,582,128,454,-0.029302633833140142,0.024051583450008594,-0.053354217283148736,0.1640625,0.24669603524229075,-0.028848870833185894,0.009439542554104091,-0.026138604057543497,2
phase0_tf_mmp_stereo_changed_aff128_d20,tox21_mmp,stereo_20x,stereo,20,421,582,128,454,0.05098714376799762,-0.00811085357671267,0.059097997344710294,0.703125,0.6145374449339207,0.04486196243968219,0.056884085890938185,0.0540482868265417,2
phase0_tf_mmp_stereo_changed_aff128_d20,tox21_mmp,stereo_20x,stereo,20,443,582,128,454,-0.03516276134178044,-0.013433815558576381,-0.021728945783204057,0.265625,0.3986784140969163,-0.008296537828997717,-0.005060534320398891,-0.00846380617876323,2
phase0_tf_mmp_stereo_changed_aff128_d20,tox21_mmp,stereo_20x,stereo,20,467,582,128,454,0.036016680067405105,0.008278641800523331,0.027738038266881773,0.4296875,0.3237885462555066,-0.0008028348996640122,0.03165432100410857,0.0896509587420674,2
phase0_tf_mmp_stereo_changed_aff128_d20,tox21_mmp,stereo_20x,stereo,20,491,582,128,454,0.011316476622596387,0.04231015735588935,-0.03099368073329296,0.46875,0.36123348017621143,-0.059915831782173745,-0.01615206292571245,-0.11833297333492522,2
phase0_tf_mmp_stereo_changed_aff128_d20,tox21_mmp,stereo_20x,stereo,20,509,582,128,454,-0.00907707097940147,-0.007384211317295545,-0.0016928596621059245,0.46875,0.5242290748898678,-0.007986316135679114,-0.010361981657617786,0.00021215929821712543,2
phase0_tf_mmp_stereo_changed_aff128_d20,tox21_mmp,stereo_20x,stereo,20,541,582,128,454,-0.017029807902872562,-0.009096199260934338,-0.007933608641938225,0.546875,0.513215859030837,-0.017177306000959194,-0.014367238941208817,0.016517438838341295,2
phase0_tf_mmp_stereo_changed_aff128_d20,tox21_mmp,stereo_20x,stereo,20,563,582,128,454,0.05245393118821085,-0.016134749343085394,0.06858868053129624,0.78125,0.7555066079295154,0.01828555070068605,0.028726428418199897,0.0592872533969222,2
