pair_id,query_id,target_id,query_smiles,target_smiles,query_inchi_formula,target_inchi_formula,query_heavy_atoms_from_formula,target_heavy_atoms_from_formula,selection_source,pred_exact,pred_parent,pred_stereo,pred_tautomer,pred_family
chembl_obvious_negative_0000,1288126,1287128,CCC/C(C)=N/NC(=S)SC.CCC/C(C)=N/NC(=S)SC.[Zn+2],COc1ccc(/C=C2\CNC/C(=C\c3ccc(OC)cc3)C2=O)cc1.Cl,2C7H14N2S2.Zn,C21H21NO3.ClH,12,26,ChEMBL36 Standard InChI formula/connectivity and registry IDs,False,False,False,False,False
chembl_obvious_negative_0001,3203361,1422720,COc1cccc(-c2cc(F)cc(-c3nn(-c4nc(C(=O)O)cs4)c(CC4CC4)c3Cc3ccc(S(N)(=O)=O)cc3)c2)c1,O=C(/C=C/c1ccc(O)c(O)c1)O[C@@H](COC(=O)c1cc(O)c(O)c(O)c1)[C@@H](O)C(=O)O,C31H27FN4O5S2,C20H18O12,43,32,ChEMBL36 Standard InChI formula/connectivity and registry IDs,False,False,False,False,False
chembl_obvious_negative_0002,425720,166500,O=C(O/N=C/c1ccc(O)cc1)C1CCCCC1,CC[C@H](C)[C@H](NC(=O)[C@H](CCCN=C(N)N)NC(=O)[C@H](CCCN=C(N)N)NC(=O)CNC(=O)[C@]1(c2ccccc2)CC1CN1CC[C@@]2(C)c3cc(O)ccc3CC1C2C)C(=O)OC,C14H17NO3,C46H69N11O7,18,64,ChEMBL36 Standard InChI formula/connectivity and registry IDs,False,False,False,False,False
chembl_obvious_negative_0003,2734771,2293101,Cc1cc(/C=C/C#N)cc(C)c1Oc1nc(NC2CCN(Cc3ccc(S(C)(=O)=O)cc3)CC2)nc2c1COC2,CCOc1cccc(-c2c[nH]nn2)c1,C30H33N5O4S,C10H11N3O,40,14,ChEMBL36 Standard InChI formula/connectivity and registry IDs,False,False,False,False,False
chembl_obvious_negative_0004,1227307,3101667,C[C@@H]1C=C(C(=O)NC2CC2)O[C@H](OCc2ccc(CO)cc2)C1,CN1CCC(C(C)(O)c2cc(F)c3c(c2)C(=O)N(Cc2ncc(Cl)cn2)[C@@]3(O[C@H]2CCOC2)c2ccc(Cl)cc2)CC1,C18H23NO4,C31H33Cl2FN4O4,23,42,ChEMBL36 Standard InChI formula/connectivity and registry IDs,False,False,False,False,False
chembl_obvious_negative_0005,81755,70788,CCOC(=O)c1ncn2c1CN(C)C(=O)c1c(F)cccc1-2,CC(=O)NC(C(=O)N(C)C(C(=O)N/C=C\c1c(CC=C(C)C)[nH]c2ccccc12)C(C)C)C(C)C,C15H14FN3O3,C28H40N4O3,22,35,ChEMBL36 Standard InChI formula/connectivity and registry IDs,False,False,False,False,False
chembl_obvious_negative_0006,549349,125623,CCCCCOc1c(/C=N/N=C(N)N)ccc(/C=N/N=C(N)N)c1OCCCCC.Cl.Cl,Clc1ccc(C2=Cc3ccccc3C3=NCCN23)cc1Cl,C20H34N8O2.2ClH,C17H12Cl2N2,31,21,ChEMBL36 Standard InChI formula/connectivity and registry IDs,False,False,False,False,False
chembl_obvious_negative_0007,1007968,3210340,CN1C2c3ccccc3C3C4c5ccccc5C(C31)C(C2[N+](=O)[O-])N4C,COc1ccc(F)c(CN2CCc3cc(-c4c(C)nc(C)c([C@H](OC(C)(C)C)C(=O)O)c4N4CCC(C)(C)CC4)ccc3C2)c1,C21H21N3O2,C37H48FN3O4,26,45,ChEMBL36 Standard InChI formula/connectivity and registry IDs,False,False,False,False,False
chembl_obvious_negative_0008,2921210,14957,COc1ccc(-n2cncc2-c2cc(CCc3ccccc3)c(O)cc2O)cc1,CCCCCCCCCCCCCCCCCCOCC(CN)OCCCCCCCCCCCCCCCCCC,C24H22N2O3,C39H81NO2,29,42,ChEMBL36 Standard InChI formula/connectivity and registry IDs,False,False,False,False,False
chembl_obvious_negative_0009,607175,2316033,CCOP(=O)(OC[C@H]1OC(n2ccc(N)nc2=O)[C@@H](O)[C@@H]1O)OCC(Cl)(Cl)Cl,CCCCC/C=C\C/C=C\CCCCCCCC(=O)N[C@@H](CCN)C(=O)N[C@H](C(=O)N[C@@H](CCN)C(=O)N[C@H]1CCNC(=O)[C@H]([C@@H](C)O)NC(=O)[C@H](CCN)NC(=O)[C@H](CCN)NC(=O)[C@H](CC(C)C)NC(=O)[C@@H](CC(C)C)NC(=O)[C@H](CCN)NC1=O)[C@@H](C)O,C13H19Cl3N3O8P,C62H114N16O13,28,91,ChEMBL36 Standard InChI formula/connectivity and registry IDs,False,False,False,False,False
chembl_obvious_negative_0010,956125,1965087,COC(=O)Cc1ccc(NC(S)=NCc2ccco2)cc1,CCCCCCCCCCOc1c(OC)ccc2cc3[n+](cc12)CCc1cc2c(cc1-3)OCO2.[Br-],C15H16N2O3S,C29H36NO4.BrH,21,35,ChEMBL36 Standard InChI formula/connectivity and registry IDs,False,False,False,False,False
chembl_obvious_negative_0011,911259,654034,S=C(NCCc1ccccc1)N1CCN(Cc2ccc(Cl)c(Cl)c2)CC1,CCCCCCCCCCCCCCCCCCCCOC(=O)N(Cc1cccc[n+]1CC)C(C)=O,C20H23Cl2N3S,C31H55N2O3,26,36,ChEMBL36 Standard InChI formula/connectivity and registry IDs,False,False,False,False,False
chembl_obvious_negative_0012,1322024,3123603,O=C1NNC2NC(=O)C3(NN2C1=O)c1ccccc1-c1ccccc13,N#C/N=C(\NCc1ccc(S(=O)(=O)c2cccc(-n3nc(O)cc3O)c2)cc1)Nc1ccncc1,C17H13N5O3,C23H19N7O4S,25,35,ChEMBL36 Standard InChI formula/connectivity and registry IDs,False,False,False,False,False
chembl_obvious_negative_0013,1439669,220338,O=C(Nc1ccccc1)OCCc1cc(-c2cncc(OC[C@@H]3CCCN3)c2)on1,C[C@@H](c1c[nH]c2ccccc12)C(NC(=O)C1CCCN(S(=O)(=O)c2ccc(F)cc2)C1)C(=O)N[C@@H](CCCCN)C(=O)OC(C)(C)C,C22H24N4O4,C34H46FN5O6S,30,47,ChEMBL36 Standard InChI formula/connectivity and registry IDs,False,False,False,False,False
chembl_obvious_negative_0014,2640057,151544,Cn1ncc2c(N)nc(N3CCCN(S(C)(=O)=O)CC3)nc21,CCCCOc1c(-c2c[nH]c3ccc(/C(C)=C/C(=O)O)cc23)cc(C(C)C)cc1C(C)C,C12H19N7O2S,C28H35NO3,22,32,ChEMBL36 Standard InChI formula/connectivity and registry IDs,False,False,False,False,False
chembl_obvious_negative_0015,2668970,1844450,CC1(C)NC(=O)N(CCCN2CC[C@@](O)(C(F)(F)F)C2)C1=O,COc1ccc(C2=NNC(c3ccc(OCc4csc(-c5ccccc5)n4)cc3)C2)cc1,C13H20F3N3O3,C26H23N3O2S,22,32,ChEMBL36 Standard InChI formula/connectivity and registry IDs,False,False,False,False,False
chembl_obvious_negative_0016,664002,2127599,CCOP(=O)(OCC)C(c1ccc(O)cc1)N1CCN(C)CC1,Cc1ccc(C2=C(c3nn[nH]n3)C(=O)NC(c3ccc(C#CCOCc4ccccc4)cc3)(C(F)(F)F)C2)cc1,C16H27N2O4P,C30H24F3N5O2,23,40,ChEMBL36 Standard InChI formula/connectivity and registry IDs,False,False,False,False,False
chembl_obvious_negative_0017,1052833,2293102,Brc1ccc(-c2nc3ccc(-c4nc5ccc(Oc6ccccc6)cc5[nH]4)cn3c2Nc2ccccc2)cc1,CN(Cc1ccccc1)Cc1ccc(NC(=O)Cc2ccc(O)c(O)c2)cc1,C32H22BrN5O,C23H24N2O3,39,28,ChEMBL36 Standard InChI formula/connectivity and registry IDs,False,False,False,False,False
chembl_obvious_negative_0018,1768678,701888,C[n+]1ccc(Nc2ccc(NC(=O)c3ccc(Nc4cc[n+](C)c5cc([N+](=O)[O-])ccc45)cc3)cc2)cc1,Nc1ncnc2c1c(-c1ccc(F)c(O)c1)nn2[C@H]1CCNC1,C29H24N6O3,C15H15FN6O,38,23,ChEMBL36 Standard InChI formula/connectivity and registry IDs,False,False,False,False,False
chembl_obvious_negative_0019,1779647,1154527,CC(C)Cn1c(=O)c2c3c(cnc2n(CC(C)C)c1=O)C(=O)C1=C(C3=O)C2CCC1C2,C[C@@H](O)[C@@H]1NC(=O)[C@H](CCCCN)C2C(=O)[C@@H](Cc3c2[nH]c2ccccc32)NC(=O)[C@H](Cc2ccccc2)NC(=O)[C@@H]2CCCC2C(=O)[C@H](Cc2ccccc2)NC1=O,C24H27N3O4,C46H54N6O7,31,59,ChEMBL36 Standard InChI formula/connectivity and registry IDs,False,False,False,False,False
chembl_obvious_negative_0020,1010959,875367,CCC(=O)N1c2ccc(S(=O)(=O)CCC(=O)N3CCn4c3nc3ccccc34)cc2CC1C,O=C(OC1Cc2c(O)cc(O)cc2OC1c1cc(O)c(=O)c2c(O)c(O)cc(C3Oc4cc(O)cc(O)c4CC3OC(=O)c3cc(O)c(O)c(O)c3)c2c1)c1cc(O)c(O)c(O)c1,C24H26N4O4S,C43H32O20,33,63,ChEMBL36 Standard InChI formula/connectivity and registry IDs,False,False,False,False,False
chembl_obvious_negative_0021,1402781,2367877,CC(c1ccon1)N(C)C(=O)c1cnn(-c2ncc3c(n2)-c2ccccc2CC3)c1C1CC1,O=C(NO)c1ccc(Cc2nnc(-c3ccccc3)s2)cc1,C25H24N6O2,C16H13N3O2S,33,22,ChEMBL36 Standard InChI formula/connectivity and registry IDs,False,False,False,False,False
chembl_obvious_negative_0022,1244257,827512,COc1ccc(-c2onc(C)c2C)cc1S(=O)(=O)N1CCN(c2cc(C)ccc2C)CC1,COc1ccc(-c2nc3cc[nH]cc-3n2)cc1OC.Cl,C24H29N3O4S,C14H13N3O2.ClH,32,20,ChEMBL36 Standard InChI formula/connectivity and registry IDs,False,False,False,False,False
chembl_obvious_negative_0023,221336,377865,CC(=O)NC[C@H]1CN(c2ccc3c(c2)CCCN(C(C)=O)C3)C(=O)O1,O=C(COc1ccc(Cl)cc1Cl)N1N=C(c2ccc(Cl)cc2Cl)CC1(O)c1cc(F)c(Cl)cc1Cl,C18H23N3O4,C23H13Cl6FN2O3,25,35,ChEMBL36 Standard InChI formula/connectivity and registry IDs,False,False,False,False,False
chembl_obvious_negative_0024,633096,3180432,O=C(NCC1CCNCC1)c1ccccc1-c1cc(Cl)cc(Cl)c1,COC(=O)c1cccc(N2C(=O)NC3C(=Cc4ccc(C#N)cc4N3c3ccc(O)cc3)C2=O)c1,C19H20Cl2N2O,C26H18N4O5,24,35,ChEMBL36 Standard InChI formula/connectivity and registry IDs,False,False,False,False,False
chembl_obvious_negative_0025,3087711,215353,N#CN1[C@H]2CC[C@@H]1[C@H](NC(=O)c1ccc(-c3ccc(Cl)cc3)nc1)C2,CNC(=O)c1ccc(CCC(COc2ccc(-c3cccc([N+](=O)[O-])c3)cc2)N2C(=O)CSC2=O)cc1,C19H17ClN4O,C27H25N3O6S,25,37,ChEMBL36 Standard InChI formula/connectivity and registry IDs,False,False,False,False,False
chembl_obvious_negative_0026,687930,3162484,COc1ccc(CCCNC(=O)C[C@H](C(=O)N[C@H](C=O)CC(=O)O)C(C)C)cc1,O=C([C@H]1C[C@@](c2ccc(C(F)(C(F)(F)F)C(F)(F)F)cc2)(S(=O)(=O)c2ccc(F)cc2)C1)N1Cc2ccncc2C1,C21H30N2O6,C27H20F8N2O3S,29,41,ChEMBL36 Standard InChI formula/connectivity and registry IDs,False,False,False,False,False
chembl_obvious_negative_0027,456628,2522410,COc1ccc(C2=C(NC(C)=O)C(=O)c3ccccc3C2=O)cc1,CC(C)C[C@@H]1NC(=O)[C@H](CCCNC(=N)N)NC(=O)[C@H](C(C)C)NC(=O)[C@@H]2CCCN2C(=O)[C@@H](Cc2ccccc2)NC(=O)[C@H](CC(C)C)NC(=O)[C@H](CC(=O)O)NC(=O)[C@H](CCC(=O)O)NC(=O)[C@@H]2CCCN2C(=O)[C@@H](Cc2ccccc2)NC1=O,C19H15NO4,C60H87N13O14,24,87,ChEMBL36 Standard InChI formula/connectivity and registry IDs,False,False,False,False,False
chembl_obvious_negative_0028,2209354,767692,Cl.O=C(OCCCCCN1CCCCC1)c1cc(O)c2c(c1)C(=O)c1cccc(O)c1C2=O,O=C(c1cccs1)N1CCC(c2nc3ccccc3s2)CC1,C25H27NO6.ClH,C17H16N2OS2,33,22,ChEMBL36 Standard InChI formula/connectivity and registry IDs,False,False,False,False,False
chembl_obvious_negative_0029,2674951,2130590,O=S(=O)(CCc1cccc2ccccc12)NCc1cc2n(n1)CCNC2,O=C(NCC1(F)CCCNC1)c1cc(NC(=O)c2cc(-c3ncccc3F)c(F)cc2Cl)n(-c2ccccc2)n1,C19H22N4O2S,C28H24ClF3N6O2,26,40,ChEMBL36 Standard InChI formula/connectivity and registry IDs,False,False,False,False,False
chembl_obvious_negative_0030,3082725,2045846,CC1(C)Sc2nnc(-c3cc(-c4ccc(Cl)cc4)n[nH]3)n2N=C1c1ccccc1,COc1cc(OCc2cccc(OCc3cc(C(F)(F)F)ccc3F)c2)c2cc(-c3cn4nc(OC)sc4n3)oc2c1,C21H17ClN6S,C29H21F4N3O5S,29,42,ChEMBL36 Standard InChI formula/connectivity and registry IDs,False,False,False,False,False
chembl_obvious_negative_0031,1229301,1522420,COc1cc(-c2cc3nc(NCCc4ccc(S(N)(=O)=O)cc4)ccn3n2)cc(OC)c1OC,C[C@@H]1O[C@@H](O[C@H]2[C@H](OC(=O)[C@]34CCC(C)(C)C[C@H]3C3=CC[C@@H]5[C@@]6(C)CC[C@H](O[C@@H]7O[C@H](C(=O)O)[C@@H](O)[C@H](O[C@@H]8OC[C@@H](O)[C@H](O)[C@H]8O)[C@H]7O[C@@H]7O[C@H](CO)[C@H](O)[C@H](O)[C@H]7O[C@@H]7O[C@H](CO)[C@H](O)[C@H](O)[C@H]7O)[C@@](C)(C=O)[C@@H]6CC[C@@]5(C)[C@]3(C)CC4)O[C@H](C)[C@@H](O)[C@@H]2O)[C@H](O)[C@H](O[C@@H]2O[C@H](CO)[C@@H](O)[C@H](O)[C@H]2O)[C@H]1O[C@@H]1OC[C@@H](O)[C@H](O[C@@H]2OC[C@@H](O)[C@H](O)[C@H]2O)[C@H]1O,C23H25N5O5S,C81H128O45,34,126,ChEMBL36 Standard InChI formula/connectivity and registry IDs,False,False,False,False,False
chembl_obvious_negative_0032,961108,297107,O=C1CCC(=O)N1N1C(=O)C2C3c4ccccc4C(c4ccccc43)C2C1=O,c1nc(CC2CCN(C3CCCCC3)CC2)c[nH]1,C22H16N2O4,C15H25N3,28,18,ChEMBL36 Standard InChI formula/connectivity and registry IDs,False,False,False,False,False
chembl_obvious_negative_0033,1615141,2477545,Cn1cc(-c2cc3cnc(Nc4ccc(C(=O)N5CCC5)cc4Cl)cc3n2C(=O)OC(C)(C)C)cn1,Cc1cc(S(=O)(=O)N2CCc3c(nc(C(C)(C)C)n3CC3CC3)C2)no1,C26H27ClN6O3,C18H26N4O3S,36,26,ChEMBL36 Standard InChI formula/connectivity and registry IDs,False,False,False,False,False
chembl_obvious_negative_0034,1360906,2924203,FC(F)(F)c1nc(NCc2ccncc2)c2nnn(C[C@H]3CCCO3)c2n1,O=C1NC(=O)C(=C/C=C/c2ccco2)C(=O)N1,C16H16F3N7O,C11H8N2O4,27,17,ChEMBL36 Standard InChI formula/connectivity and registry IDs,False,False,False,False,False
chembl_obvious_negative_0035,2043852,1531394,CC(C)(c1ccc(S(=O)(=O)Nc2ccc(Cl)cc2C(=O)c2ccncc2)cc1)c1cnco1,Cc1cccc(NC(=O)c2nn(C)c(-c3ccncc3)c2C)n1,C24H20ClN3O4S,C17H17N5O,33,23,ChEMBL36 Standard InChI formula/connectivity and registry IDs,False,False,False,False,False
chembl_obvious_negative_0036,2468572,2010950,Cn1ncc(Cl)c1-c1ccc(C(=O)N[C@@H]2CNCC[C@H]2c2ccc(Cl)c(C(F)(F)F)c2)cc1,O=C([C@H]1CC1c1ccccc1)N1CCN(C2CCCCC2)CC1,C23H21Cl2F3N4O,C20H28N2O,33,23,ChEMBL36 Standard InChI formula/connectivity and registry IDs,False,False,False,False,False
chembl_obvious_negative_0037,140577,1330995,CNc1nccc(Nc2nc3ccc(C(=O)Nc4c(C)cccc4Cl)cc3s2)n1,CC(C)(O)/C=C\P(=O)(O)O,C20H17ClN6OS,C5H11O4P,29,10,ChEMBL36 Standard InChI formula/connectivity and registry IDs,False,False,False,False,False
chembl_obvious_negative_0038,148554,2164489,Cc1ccc2c(c1)nc(COc1ccc(Cl)cc1)n2CCCC1CCCNC1.Cc1ccc2nc(COc3ccc(Cl)cc3)n(CCCC3CCCNC3)c2c1,N#CCC1(n2cc(-c3ncnc4[nH]ccc34)cn2)CN(C2CCN(C(=O)c3ccc(-c4ccc5cccnc5c4)c(F)c3)CC2)C1,2C23H28ClN3O,C35H30FN9O,28,46,ChEMBL36 Standard InChI formula/connectivity and registry IDs,False,False,False,False,False
chembl_obvious_negative_0039,2700875,2626100,CC[C@H](C)NC(=O)CCc1nc(-c2nn(-c3ccccc3)c(=O)n(C)c2=O)no1,CCCCCNC(=O)N[C@@]1(C)CCS(=O)(=O)C1,C19H22N6O4,C11H22N2O3S,29,17,ChEMBL36 Standard InChI formula/connectivity and registry IDs,False,False,False,False,False
chembl_obvious_negative_0040,1574264,1628103,COc1cc2ncnc(Nc3c(F)cc(F)cc3Br)c2c(OC)c1OC,CNCCOc1ccc(Br)cc1Br,C17H14BrF2N3O3,C9H11Br2NO,26,13,ChEMBL36 Standard InChI formula/connectivity and registry IDs,False,False,False,False,False
chembl_obvious_negative_0041,1219332,1502480,CCOc1ccc(CCNC(=O)c2cc3c(=O)n(CC)c4ccccc4c3s2)cc1OCC,COc1ccc(N2C(=O)c3ccccc3C2=O)c(N)c1,C26H28N2O4S,C15H12N2O3,33,20,ChEMBL36 Standard InChI formula/connectivity and registry IDs,False,False,False,False,False
chembl_obvious_negative_0042,231306,656028,Cc1csc2nc([C@H](C)NC(=O)/C=C/c3ccccn3)oc(=O)c12,COc1ccc2c(Cc3ccc(C(C)C)cc3)c3[n+](cc2c1OC)CCc1cc2c(cc1-3)OCO2,C17H15N3O3S,C30H30NO4,24,35,ChEMBL36 Standard InChI formula/connectivity and registry IDs,False,False,False,False,False
chembl_obvious_negative_0043,2676945,309071,Cc1c(C#N)c(NC(=O)CNC(C)c2cccs2)n(CC2CCCO2)c1C,CN(C)S(=O)(=O)NCCCC[C@H](NC(=O)OCC1(Cc2ccc(F)cc2)CCC1)C(=O)C(=O)NCc1cccnc1,C20H26N4O2S,C28H38FN5O6S,27,41,ChEMBL36 Standard InChI formula/connectivity and registry IDs,False,False,False,False,False
chembl_obvious_negative_0044,818538,729806,CCCCOc1cccc(C(=O)N(Cc2ccc(N(C)C)cc2)C2CCS(=O)(=O)C2)c1,CCOC(=O)c1c(C)nc(-c2ccccc2)nc1N,C24H32N2O4S,C14H15N3O2,31,19,ChEMBL36 Standard InChI formula/connectivity and registry IDs,False,False,False,False,False
chembl_obvious_negative_0045,1566289,2722808,CNc1cc(C)cc(N2CCC(C(=O)NCc3ccccc3C(F)(F)F)CC2)c1,CCCCC1(O)CC(=O)c2c(O)cc(O)cc2O1,C22H26F3N3O,C13H16O5,29,18,ChEMBL36 Standard InChI formula/connectivity and registry IDs,False,False,False,False,False
chembl_obvious_negative_0046,1979046,1861400,CC(C)CN(Cc1cc(Cl)c2c(c1)OCCCO2)C(=O)[C@@H]1CCN(Cc2cccc(N)c2)C1,CCCNC(=O)c1nn(CC)cc1NC(=O)c1cn(C)nc1C,C26H34ClN3O3,C15H22N6O2,33,23,ChEMBL36 Standard InChI formula/connectivity and registry IDs,False,False,False,False,False
chembl_obvious_negative_0047,1759707,3202366,CCCCOc1ccc(C(=O)NOCCCCCC(=O)NO)cc1,CC(=O)c1nn(CC(=O)N2CC[C@H]2C(=O)Nc2cccc(C)n2)c2ccc(-c3ccc4cccnc4c3)cc12,C17H26N2O5,C30H26N6O3,24,39,ChEMBL36 Standard InChI formula/connectivity and registry IDs,False,False,False,False,False
chembl_obvious_negative_0048,3110641,2223310,C[C@H]1CC[C@@H](N)CN1c1cnc(-c2ccc(F)c(F)c2)cc1Cn1cnc2c(N)ncnc21,CN(/N=N/c1ccc(C#N)cc1)C(=O)Cc1ccc(O)cc1,C23H24F2N8,C16H14N4O2,33,22,ChEMBL36 Standard InChI formula/connectivity and registry IDs,False,False,False,False,False
chembl_obvious_negative_0049,2180441,1534385,COC(=O)COCCCC[C@@H]1[C@@H](c2ccc(C(O)C3CCCCC3)cc2)[C@H](O)C[C@H]1Cl,N=c1ccn2c(n1)OCC1C2O[C@@H](O)[C@H]1O,C25H37ClO5,C9H11N3O4,31,16,ChEMBL36 Standard InChI formula/connectivity and registry IDs,False,False,False,False,False
chembl_obvious_negative_0050,2693894,3130581,CC(C)C(=O)N1CC(=O)N(C)[C@@H]1c1ccccc1,Cc1cnc(-n2cnc(-c3ccc4c(c3)c(N3C[C@@H](C)n5c(c(CCCOc6cc(C)c(Cl)c(C)c6)c6ccc(Cl)c(-c7c(C)nn(C)c7C)c65)C3=O)cn4C)n2)nc1,C14H18N2O2,C45H44Cl2N10O2,18,59,ChEMBL36 Standard InChI formula/connectivity and registry IDs,False,False,False,False,False
chembl_obvious_negative_0051,236289,3007951,CN(C)c1ccc(C(=O)NCCCCCC(=O)O)cc1,Cc1nc(F)ccc1[C@H](Nc1cc(Cl)c2ncc(C#N)c(NCC(C)(C)C)c2c1)C1=CN(Cc2c(F)cccc2F)NN1,C15H22N2O3,C31H30ClF3N8,20,43,ChEMBL36 Standard InChI formula/connectivity and registry IDs,False,False,False,False,False
chembl_obvious_negative_0052,2597185,3113631,Cc1c(C(=O)Oc2ccccc2C(C)C)cnn1-c1ccncc1,O=C(NCCOc1nc(N2CC3CCC(C2)N3)c2cnc(-c3cccc4cccc(Cl)c34)c(F)c2n1)c1ccc(S(=O)(=O)F)cc1,C19H19N3O2,C32H27ClF2N6O4S,24,46,ChEMBL36 Standard InChI formula/connectivity and registry IDs,False,False,False,False,False
chembl_obvious_negative_0053,1834481,1369880,O=c1c(/C=N/Nc2nc(N3CCOCC3)c3ccsc3n2)coc2ccccc12,COC(=O)[C@@H]1C[S@@+]([O-])C[C@H](C(=O)OC)N1,C20H17N5O3S,C8H13NO5S,29,15,ChEMBL36 Standard InChI formula/connectivity and registry IDs,False,False,False,False,False
chembl_obvious_negative_0054,477563,3247230,N#Cc1ccc2[nH]c(-c3cncnc3)c(-c3ccc(F)c(Cl)c3)c2n1,CC[C@]1(C(=O)O)CC[C@H](C(=O)N2CC[C@@]3(S(=O)(=O)c4ccc(F)cc4)c4ccc(C(F)(C(F)(F)F)C(F)(F)F)cc4CC[C@@H]23)CC1,C18H9ClFN5,C31H31F8NO5S,25,46,ChEMBL36 Standard InChI formula/connectivity and registry IDs,False,False,False,False,False
chembl_obvious_negative_0055,1991009,195412,C[C@H](NC(=O)C1CC1)c1ccc(OC2CCN(c3ccnc(N4CCOCC4)n3)C2)cc1,Nc1nc(O)c2ncn(C[C@@H]3CO[C@H](P(=O)(O)O)O3)c2n1,C24H31N5O3,C9H12N5O6P,32,21,ChEMBL36 Standard InChI formula/connectivity and registry IDs,False,False,False,False,False
chembl_obvious_negative_0056,2884321,761709,Fc1ccccc1-c1nccnc1NCc1ccncc1,Cn1cc(C(=O)NCCN2CCN(c3ccccc3F)CC2)c2c3ccccc3n(C)c2c1=O,C16H13FN4,C26H28FN5O2,21,34,ChEMBL36 Standard InChI formula/connectivity and registry IDs,False,False,False,False,False
chembl_obvious_negative_0057,3107650,2285124,Cc1nnn(Cc2cc(Cl)ccc2/C=C/C(=O)N2CCC(c3nnc(CN4CCCCC4)o3)CC2)n1,COc1ccc(CN[C@@H](C)C(N)=O)cc1.CS(=O)(=O)O,C25H31ClN8O2,C11H16N2O2.CH4O3S,36,20,ChEMBL36 Standard InChI formula/connectivity and registry IDs,False,False,False,False,False
chembl_obvious_negative_0058,2521413,1563297,CN(C)C/C=C/C(=O)Nc1ccc(C(=O)N2CCCC(Nc3ncc(Br)c(-c4c[nH]c5ccccc45)n3)C2)nc1,O=C1NC(=O)[C@H](Cc2c[nH]c3ccccc23)n2c1nc1ccccc1c2=O,C29H31BrN8O2,C20H14N4O3,40,27,ChEMBL36 Standard InChI formula/connectivity and registry IDs,False,False,False,False,False
chembl_obvious_negative_0059,2309052,26919,COc1ccc2oc(=O)cc(CO/N=C(\C)C(C)=O)c2c1,CN1CCc2ccccc2C1,C15H15NO5,C10H13N,21,11,ChEMBL36 Standard InChI formula/connectivity and registry IDs,False,False,False,False,False
chembl_obvious_negative_0060,893314,2502471,CCOc1ccccc1/C=C/c1nc2ccccc2nc1O,COc1cc(-c2cnc3c(N4CCCC(CNC(=O)C5CCCC5)C4)snc3c2)ccc1N,C18H16N2O2,C25H31N5O2S,22,33,ChEMBL36 Standard InChI formula/connectivity and registry IDs,False,False,False,False,False
chembl_obvious_negative_0061,2208356,2176453,CN1CCC2(CCN(c3cccc4c3CCN(C(=O)/C=C/c3c(-n5cnnn5)ccc(Cl)c3F)[C@@H]4C(=O)Nc3ccc(C(=O)O)cc3)CC2)C1=O,CC(=O)N[C@@H](Cc1ccccc1)C(=O)N[C@@H](CCC(N)=O)C(=O)N[C@@H](CO)C(=O)N[C@@H](CCCCN)C(=O)NCC(=O)N[C@@H](CC(N)=O)C(=O)N[C@H](C(=O)N[C@@H](Cc1ccccc1)C(=O)N[C@H](C(=O)N[C@@H](CC(=O)O)C(=O)NCC(=O)N[C@@H](Cc1ccc(O)cc1)C(=O)N[C@@H](Cc1ccccc1)C(=O)N[C@@H](CCC(=O)O)C(=O)N[C@@H](CC(=O)O)C(=O)N[C@@H](CC(C)C)C(=O)N[C@@H](CCCNC(=N)N)C(=O)N[C@@H](C)C(=O)N[C@@H](CCCCN)C(=O)N[C@@H](CC(C)C)C(N)=O)C(C)C)C(C)C,C36H34ClFN8O5,C110H164N28O31,51,169,ChEMBL36 Standard InChI formula/connectivity and registry IDs,False,False,False,False,False
chembl_obvious_negative_0062,2541354,171485,O=C[C@H](C[C@@H]1CCNC1=O)NC(=O)[C@H](CC1CC1)NC(=O)OCCc1cccc(Cl)c1,CC(C)CNC(=O)[C@H](CC(C)C)NC(=O)[C@H]1O[C@@H]1C(=O)O,C22H28ClN3O5,C14H24N2O5,31,21,ChEMBL36 Standard InChI formula/connectivity and registry IDs,False,False,False,False,False
chembl_obvious_negative_0063,2588212,370886,Cc1nc2[nH]cc(C(=O)N[C@@H](C)c3cnn(C)c3C)c(=O)n2n1,N#Cc1ncc2nc1OCCCCCOc1cc(NCc3cnco3)c(Cl)cc1NC(=O)N2,C14H17N7O2,C21H20ClN7O4,23,33,ChEMBL36 Standard InChI formula/connectivity and registry IDs,False,False,False,False,False
chembl_obvious_negative_0064,1787622,571281,OCCn1cc(-c2ccc(-c3cc4c(Nc5ccncc5)ncnn4c3)cc2)cn1,Cc1ccc(C)c2c1CC(CN=[N+]=[N-])O2,C22H19N7O,C11H13N3O,30,15,ChEMBL36 Standard InChI formula/connectivity and registry IDs,False,False,False,False,False
chembl_obvious_negative_0065,3157501,952137,Fc1ccccc1-c1ccc2[nH]nc(-c3ccncc3)c2n1,COC(=O)c1[nH]c(C)c(C(=O)C2=C(O)C(=O)N(CCCN3CCOCC3)C2c2ccccn2)c1C,C17H11FN4,C25H30N4O6,22,35,ChEMBL36 Standard InChI formula/connectivity and registry IDs,False,False,False,False,False
chembl_obvious_negative_0066,2797584,1163500,N#Cc1ccc(Cn2nnc(-c3ccc(S(=O)(=O)NCCO)cc3)n2)nc1,CC(C)C[C@H](NC(=O)[C@@H]1CCCN1)C(=O)NCC(=O)N[C@@H](CC(N)=O)C(=O)N[C@@H](CC(C)C)C(=O)N[C@@H](C)C(=O)N[C@@H](CCC(=O)O)C(=O)N[C@@H](CCC(=O)O)C(=O)N[C@@H](CC(C)C)C(=O)N[C@@H](CC(N)=O)C(=O)NCC(=O)N[C@@H](Cc1ccc(O)cc1)C(=O)N[C@@H](CO)C(=O)N[C@@H](CCCNC(=N)N)C(=O)N[C@@H](CCCCN)C(=O)N[C@@H](CCCCN)C(=O)NCC(=O)NCC(=O)N[C@@H](Cc1ccccc1)C(=O)N[C@@H](CO)C(=O)N[C@@H](Cc1ccccc1)C(=O)N[C@@H](CCCNC(=N)N)C(=O)N[C@@H](Cc1ccccc1)C(=O)O,C16H15N7O3S,C118H179N33O33,27,184,ChEMBL36 Standard InChI formula/connectivity and registry IDs,False,False,False,False,False
chembl_obvious_negative_0067,2697884,23928,Cc1cc2c(cc1S(=O)(=O)N1CCC(C(=O)N(Cc3ccco3)C[C@H]3CCCO3)CC1)OCC(=O)N2,CN(C)CCN1C(=O)c2cccc3c(Cl)ccc(c23)C1=O,C25H31N3O7S,C16H15ClN2O2,36,21,ChEMBL36 Standard InChI formula/connectivity and registry IDs,False,False,False,False,False
chembl_obvious_negative_0068,547354,2665979,Cl.c1ccc2c(NCCCCCCCCCCCCNc3ccncc3)c3c(nc2c1)CCCC3,CC[C@@H](c1nc(Cc2cccc(Cl)c2)nn1CCO)n1cccn1,C30H42N4.ClH,C17H20ClN5O,35,24,ChEMBL36 Standard InChI formula/connectivity and registry IDs,False,False,False,False,False
chembl_obvious_negative_0069,304087,254235,COc1cccc(-n2c(SCC(=O)NN)nc3scc(-c4ccccc4)c3c2=O)c1,C[C@@H](O)[C@H]1NC(=O)[C@H](CCCCN)NC(=O)[C@@H]([C@@H](C)c2ccc3ccccc3c2)NC(=O)[C@H](Cc2ccc(N)cc2)NC(=O)[C@@H](Cc2ccccc2)NC(=O)[C@H](N)CSSC[C@@H](C(=O)O)NC(=O)[C@H](Cc2ccccc2)NC1=O,C21H18N4O3S2,C57H70N10O10S2,30,79,ChEMBL36 Standard InChI formula/connectivity and registry IDs,False,False,False,False,False
chembl_obvious_negative_0070,348952,496506,CC(C)(C)C[C@H]1N[C@@H](C(=O)NCCN2CCCCC2)[C@H](c2cccc(Cl)c2F)[C@@]12C(=O)Nc1cc(Cl)ccc12,CN1N=Nc2c(C(F)(F)F)nn(-c3ccccc3)c2N(C)C1=O,C30H37Cl2FN4O2,C13H11F3N6O,39,23,ChEMBL36 Standard InChI formula/connectivity and registry IDs,False,False,False,False,False
chembl_obvious_negative_0071,2883326,3149525,CN(C)S(=O)(=O)c1ccc2c(c1)CCN2S(=O)(=O)c1ccccc1Cl,COC1(C(=O)N[C@@H](C)c2ccc(-n3cccn3)nc2)CCN(c2nc(C)cc(Nc3cc(C)[nH]n3)n2)CC1,C16H17ClN2O4S2,C26H32N10O2,25,38,ChEMBL36 Standard InChI formula/connectivity and registry IDs,False,False,False,False,False
chembl_obvious_negative_0072,2645041,2165486,Cc1nnc(-c2coc(S(=O)(=O)N3CCCc4ccccc43)c2)o1,Cc1c(Cl)cccc1NC(=O)c1cc(NC(=O)c2ccccc2C(F)(F)F)cc2[nH]c(C(C)(C)C)nc12,C16H15N3O4S,C27H24ClF3N4O2,24,37,ChEMBL36 Standard InChI formula/connectivity and registry IDs,False,False,False,False,False
chembl_obvious_negative_0073,2947132,1681941,CNc1nc(C#Cc2ccccc2)nc2c1ncn2COC(C)=O,CCOc1ccc(N(C(C)C(=O)N/N=C(\C)c2cccc(NC(=O)c3ccccc3)c2)S(C)(=O)=O)cc1,C17H15N5O2,C27H30N4O5S,24,37,ChEMBL36 Standard InChI formula/connectivity and registry IDs,False,False,False,False,False
chembl_obvious_negative_0074,3273152,2934173,O=C(NCc1ncn2ccc(I)cc12)c1cnn(Cc2cn3cc(C4CC4)ccc3n2)c1,Cc1c(C(=O)Nc2cc3c(cn2)OCC3)cc(C2CC2)n1C,C23H20IN7O,C17H19N3O2,32,22,ChEMBL36 Standard InChI formula/connectivity and registry IDs,False,False,False,False,False
chembl_obvious_negative_0075,2600176,260218,CN1CCN(C(=O)CCc2cc3n(n2)CCN(Cc2ccncc2)C3)CC1,CC(C)c1nc(CN(C(=O)NCCC(=O)N[C@@H](Cc2ccccc2)C[C@H](O)[C@H](Cc2ccccc2)NC(=O)OCc2cncs2)C2CC2)cs1,C20H28N6O,C37H46N6O5S2,27,50,ChEMBL36 Standard InChI formula/connectivity and registry IDs,False,False,False,False,False
chembl_obvious_negative_0076,1698888,353935,COc1cccc(/C=N/NC(=O)c2ccc3[nH]cnc3c2)c1,CC#CCOc1ccc(S(=O)(=O)CC2(C(=O)NO)CCN(C(=O)C(C)(CO)CO)CC2)cc1,C16H14N4O2,C22H30N2O8S,22,33,ChEMBL36 Standard InChI formula/connectivity and registry IDs,False,False,False,False,False
chembl_obvious_negative_0077,3181427,2527395,Cc1c(F)cccc1-c1ccc2nc(NC(=O)[C@@H]3C[C@@H]3F)c(Cl)n2c1,COc1cc2ncnc(NCc3cccc(NC(=O)Nc4cccc5ccccc45)c3)c2cc1OC,C18H14ClF2N3O,C28H25N5O3,25,36,ChEMBL36 Standard InChI formula/connectivity and registry IDs,False,False,False,False,False
chembl_obvious_negative_0078,1082742,2685920,Nc1ccc(C(=O)Nc2ccc3cc(S(=O)(=O)O)ccc3c2)cc1,CN1CCCN(c2ccc(NC(=O)c3nn(-c4ccccc4)c(=O)c4ccccc34)cc2F)CC1,C17H14N2O4S,C27H26FN5O2,24,35,ChEMBL36 Standard InChI formula/connectivity and registry IDs,False,False,False,False,False
chembl_obvious_negative_0079,1237278,849444,O=C(NCC(c1ccco1)N1CCN(c2ccccc2F)CC1)C(=O)NC1CCCC1,Cc1oncc1C(=O)Nc1ccc2ccccc2c1,C23H29FN4O3,C15H12N2O2,31,19,ChEMBL36 Standard InChI formula/connectivity and registry IDs,False,False,False,False,False
chembl_obvious_negative_0080,1901281,2495492,CCC(CO)N(Cc1ccccn1)C(=O)c1ccc(F)c(F)c1,COc1ccccc1-c1c[nH]c2nc(NC3CCN(C(=O)Cc4ccc(F)cc4F)CC3)ncc12,C17H18F2N2O2,C26H25F2N5O2,23,35,ChEMBL36 Standard InChI formula/connectivity and registry IDs,False,False,False,False,False
chembl_obvious_negative_0081,650045,2873356,CSc1nc(SCc2ccccc2)c(C(=O)O)c(SCc2ccccc2)n1,COc1ccc(OC)c(COc2cc(NC(=O)OCCOC(=O)Nc3ccc(NS(C)(=O)=O)c(OCc4cc(OC)ccc4OC)c3)ccc2NS(C)(=O)=O)c1,C20H18N2O2S3,C36H42N4O14S2,27,56,ChEMBL36 Standard InChI formula/connectivity and registry IDs,False,False,False,False,False
chembl_obvious_negative_0082,155532,3215325,CCN1CC(=O)N(CC)c2ncn(Cc3ccccc3)c2C1=O,Cc1c(OCCCN2CCC2(C)C)cccc1-c1cccc(-c2ccc3c(c2)CNCC3)c1C,C17H20N4O2,C31H38N2O,23,34,ChEMBL36 Standard InChI formula/connectivity and registry IDs,False,False,False,False,False
chembl_obvious_negative_0083,897300,3149523,Cc1cc(Nc2cccc(C)c2C)n2cnnc2n1,CCn1ncc(-c2nc3c(O[C@H]4CCN(C(=O)c5ccno5)C4)ncnc3n2C)c1C,C14H15N5,C20H22N8O3,19,31,ChEMBL36 Standard InChI formula/connectivity and registry IDs,False,False,False,False,False
chembl_obvious_negative_0084,2955109,2765679,O=[N+]([O-])c1cnc(Nc2ncnc3ccc(Cl)cc23)nc1,COC(=O)C1=C(C)N(c2cccc(OC)c2)C(=O)/C1=C\c1ccc(-c2nnn[nH]2)cc1,C12H7ClN6O2,C22H19N5O4,21,31,ChEMBL36 Standard InChI formula/connectivity and registry IDs,False,False,False,False,False
chembl_obvious_negative_0085,837480,1844452,Cc1ccc2cc(NC(=O)Cc3ccccc3)ccc2n1,O=[N+]([O-])c1ccc(C2=NNC(c3ccc(OCc4csc(-c5ccccc5)n4)cc3)C2)cc1,C18H16N2O,C25H20N4O3S,21,33,ChEMBL36 Standard InChI formula/connectivity and registry IDs,False,False,False,False,False
chembl_obvious_negative_0086,972075,2960094,COc1ccc(NS(=O)(=O)c2cc(C(=O)O)ccc2C)cc1,COC/C=C/C(=O)N1CCCC[C@H]1c1nc(-c2ccc(C(=O)Nc3ncccn3)cc2)c2c(N)nccn12,C15H15NO5S,C27H28N8O3,22,38,ChEMBL36 Standard InChI formula/connectivity and registry IDs,False,False,False,False,False
chembl_obvious_negative_0087,1103681,2219324,Cc1ccc(N(Cc2cc(O)nc3ccccc23)C(=O)C(C)C)cc1,CCCCCCCCCN[C@@]1(C)C[C@H](O[C@H]2[C@H](Oc3c4cc5cc3Oc3ccc(cc3Cl)[C@@H](O)[C@@H](NC(=O)[C@@H](CC(C)C)NC)C(=O)N[C@@H](CC(N)=O)C(=O)N[C@H]5C(=O)N[C@H]3C(=O)N[C@H](C(=O)N[C@H](C(=O)O)c5cc(O)c(CNCCCNC(=O)[C@H](O)[C@@H](O)[C@H](O)[C@H](O)CO)c(O)c5-c5cc3ccc5O)[C@H](O)c3ccc(c(Cl)c3)O4)O[C@H](CO)[C@@H](O)[C@@H]2O)O[C@@H](C)[C@H]1O,C21H22N2O2,C85H113Cl2N11O30,25,128,ChEMBL36 Standard InChI formula/connectivity and registry IDs,False,False,False,False,False
chembl_obvious_negative_0088,2412742,1528402,COc1cccc(-n2cc(COc3ccc(OCC(=O)O)c(F)c3)nn2)c1,CC[C@H]1OC(=O)[C@H](C)[C@@H](OC(=O)N2CC(C)(C)C[C@@H]2c2ccc3c(c2)OCO3)[C@H](C)[C@@H](O[C@@H]2O[C@H](C)C[C@H](N(C)C)[C@H]2O)[C@](C)(OC)C[C@@H](C)C(=O)[C@H](C)[C@H]2NC(=O)O[C@@]21C,C18H16FN3O5,C45H69N3O13,27,61,ChEMBL36 Standard InChI formula/connectivity and registry IDs,False,False,False,False,False
chembl_obvious_negative_0089,2461593,1564293,Fc1ccc(-c2ccc3ncc(-c4cccnc4)n3n2)cc1,CCCC[C@]1(CC)CS(=O)(=O)c2cc(OCP(=O)(O)O)c(OC)cc2[C@@H](c2ccccc2)N1,C17H11FN4,C23H32NO7PS,22,33,ChEMBL36 Standard InChI formula/connectivity and registry IDs,False,False,False,False,False
chembl_obvious_negative_0090,2654014,2346940,CN1CCN(C[C@H]2COc3ccccc3O2)CC1,Cc1ccccc1CN1CCc2c(sc(NC(=O)c3ccccc3Cl)c2C(N)=O)C1,C14H20N2O2,C23H22ClN3O2S,18,30,ChEMBL36 Standard InChI formula/connectivity and registry IDs,False,False,False,False,False
chembl_obvious_negative_0091,2752717,2047840,CCCN(CCC)CC(=O)Nc1ccc(C2=NNC(=O)CC2)cc1,CC(CC1(O)CCN(C(=O)c2ccc(NS(=O)(=O)c3cccc4sc(N)nc34)cc2)CC1)C(F)(F)F,C18H26N4O2,C23H25F3N4O4S2,24,36,ChEMBL36 Standard InChI formula/connectivity and registry IDs,False,False,False,False,False
chembl_obvious_negative_0092,139581,2835469,Cc1ccccc1/C=C/C(=O)Nc1ccc(CCCC(=O)O)cc1,COc1cc(C2CCN(CC3CN(c4ccc5c(c4)C(=O)N(C4CCC(=O)NC4=O)C5=O)C3)CC2)c(C)cc1Nc1ncc(Cl)c(Nc2ccccc2S(=O)(=O)C(C)C)n1,C20H21NO3,C43H47ClN8O7S,24,60,ChEMBL36 Standard InChI formula/connectivity and registry IDs,False,False,False,False,False
chembl_obvious_negative_0093,1741759,998,O=C1c2ccccc2C(=O)c2c(NCCCCCO)ccc(NCCCCCO)c21,Clc1cc2ncc(N3CCNCC3)nc2cc1Cl,C24H30N2O4,C12H12Cl2N4,30,18,ChEMBL36 Standard InChI formula/connectivity and registry IDs,False,False,False,False,False
chembl_obvious_negative_0094,283149,744759,CCOC(=O)c1ccccc1NC(=O)Nc1ccncc1,CCN(CC(=O)Nc1ccccc1C(F)(F)F)C(=O)c1ccc(=O)n(Cc2ccccc2)n1,C15H15N3O3,C23H21F3N4O3,21,33,ChEMBL36 Standard InChI formula/connectivity and registry IDs,False,False,False,False,False
chembl_obvious_negative_0095,847450,407773,CC(C)c1ccccc1N=C(S)NCc1nc2ccccc2[nH]1,COc1cc2c(cc1OC)CN(Cc1ccc(OC)c3oc(-c4ccccc4C(F)(F)F)cc13)CC2,C18H20N4S,C28H26F3NO4,23,36,ChEMBL36 Standard InChI formula/connectivity and registry IDs,False,False,False,False,False
chembl_obvious_negative_0096,1318035,1287129,C=CCn1c(=O)c(C(=O)Nc2ncccc2C)c(O)c2ccccc21,Cc1csc2nc(N)nn12,C19H17N3O3,C5H6N4S,25,10,ChEMBL36 Standard InChI formula/connectivity and registry IDs,False,False,False,False,False
chembl_obvious_negative_0097,2664983,112661,CN1CCN(c2ccccc2NC(=O)N[C@@H]2CCCC[C@H]2NC(=O)OC(C)(C)C)CC1,COc1ccccc1Cc1nc2c(C)ccc(O)c2[nH]1,C23H37N5O3,C16H16N2O2,31,20,ChEMBL36 Standard InChI formula/connectivity and registry IDs,False,False,False,False,False
chembl_obvious_negative_0098,1332989,2618124,COc1ccc(-c2nc3c(NCCCNC(=O)C4CC(O)C4)c(Br)cnc3[nH]2)cc1,Cc1nsc(N2CCNCC2)c1C#N,C21H24BrN5O3,C9H12N4S,30,14,ChEMBL36 Standard InChI formula/connectivity and registry IDs,False,False,False,False,False
chembl_obvious_negative_0099,2766675,1149543,O=[N+]([O-])c1ccc(-c2nnc3c4cc(Cl)ccc4nc(N4CCOCC4)n23)s1,N[C@H]1CCCCCCC[C@@H](C(=O)NCc2ccccc2CC(=O)O)NC(=O)[C@H](Cc2ccc(O)cc2)NC1=O,C17H13ClN6O3S,C29H38N4O6,28,39,ChEMBL36 Standard InChI formula/connectivity and registry IDs,False,False,False,False,False
chembl_obvious_negative_0100,3045835,1301087,Cc1ncnc2c1ccn2[C@@H]1O[C@H]([C@H](O)C2CC2)[C@@H](O)[C@H]1O,Cc1ccc(C(C(=O)NC2CCCCC2)N(Cc2cccnc2)C(=O)c2csnn2)cc1,C15H19N3O4,C24H27N5O2S,22,32,ChEMBL36 Standard InChI formula/connectivity and registry IDs,False,False,False,False,False
chembl_obvious_negative_0101,825518,3105656,CCOC(=O)c1ccccc1NC(=O)CN1C(=O)c2ccccc2S1(=O)=O,Cc1ccc(-c2c([C@H](OC(C)(C)C)C(=O)O)c(C)c3c4c2cc(C)n4CCN3c2nc3c(s2)CCN(C)C3)cc1,C18H16N2O6S,C32H38N4O3S,27,40,ChEMBL36 Standard InChI formula/connectivity and registry IDs,False,False,False,False,False
chembl_obvious_negative_0102,664999,627115,O=C(c1ccncc1)c1ccc(S(=O)(=O)CC(CCCc2ccccc2)C(=O)NO)cc1,CCCCCC/C=C/[C@H]1CC2=C(O1)[C@H](O)CCC2=O,C24H24N2O5S,C16H24O3,32,19,ChEMBL36 Standard InChI formula/connectivity and registry IDs,False,False,False,False,False
chembl_obvious_negative_0103,2320019,1316041,O=C(c1ccccc1Cl)c1sc2ccccc2c1-c1ccc2c(c1)OCO2,OCC(O)COc1ccc(Br)cc1,C22H13ClO3S,C9H11BrO3,27,13,ChEMBL36 Standard InChI formula/connectivity and registry IDs,False,False,False,False,False
chembl_obvious_negative_0104,2451625,2234278,COc1ccc(C2=NNC(=NCc3ccc4c(c3)OCO4)SC2)cc1F,CC[C@]1(NC(=O)c2ccc(C(C)(C)C)cc2)C[C@H]2CN(CCc3c([nH]c4ccccc34)[C@@](C(=O)OC)(c3cc4c(cc3OC)N(C)[C@H]3[C@@](O)(C(=O)OC)[C@H](OC(C)=O)[C@]5(CC)C=CCN6CC[C@]43[C@@H]65)C2)C1,C18H16FN3O3S,C57H71N5O9,26,71,ChEMBL36 Standard InChI formula/connectivity and registry IDs,False,False,False,False,False
chembl_obvious_negative_0105,1996992,2391804,CC(C)(C)C(=O)NCc1ccc(C(=O)Nc2cc(-c3ccccc3)ccc2N)cc1,Cc1cccc(Nc2nc(-c3sc(N)nc3C)cs2)c1,C25H27N3O2,C14H14N4S2,30,20,ChEMBL36 Standard InChI formula/connectivity and registry IDs,False,False,False,False,False
chembl_obvious_negative_0106,866393,1626108,COc1ccccc1-n1c(Cc2ccccc2)nc2ccccc2c1=O,CC(C)CN(C(=O)Nc1ccc(CCC(=O)O)cc1Cc1ccccc1)C(=O)c1ccc(OCC(=O)O)c(Cc2ccccc2)c1,C22H18N2O2,C37H38N2O7,26,46,ChEMBL36 Standard InChI formula/connectivity and registry IDs,False,False,False,False,False
chembl_obvious_negative_0107,1939167,1472569,CN(C)CCn1c2c(ccc1=O)CCN(Cc1cnn(C)c1)CC2,CN(C)c1ccc(/C=N/c2ccc(/N=C3\C(=O)N(Cc4ccccc4)c4ccccc43)cc2)cc1,C18H27N5O,C30H26N4O,24,35,ChEMBL36 Standard InChI formula/connectivity and registry IDs,False,False,False,False,False
chembl_obvious_negative_0108,2904263,3207349,Cc1ccc(N2CCC(NC(=O)C(=O)Nc3ccc4c(c3)OCO4)C2=O)c(Cl)c1,CN(C)C/C=C/C(=O)N1CCC[C@@H](N(C)c2cnc(C(N)=O)c(Nc3ccc(Oc4ccccc4)cc3)n2)C1,C20H18ClN3O5,C29H35N7O3,29,39,ChEMBL36 Standard InChI formula/connectivity and registry IDs,False,False,False,False,False
chembl_obvious_negative_0109,847452,2093702,N#CCCN1CCN(C(=S)c2ccc(-c3cc(Cl)ccc3Cl)o2)CC1,O=c1c(-c2ccc3c(c2)OCO3)coc2c1c(O)cc1occ(-c3ccc4c(c3)OCO4)c(=O)c12,C18H17Cl2N3OS,C26H14O9,25,35,ChEMBL36 Standard InChI formula/connectivity and registry IDs,False,False,False,False,False
chembl_obvious_negative_0110,2448634,2372862,Cc1nc2sccn2c1C(=O)NCc1ccccc1Oc1ccccc1,CCc1cc(NC(=O)Nc2ccc(-c3cnc(Nc4cc(N5CCN(CC)CC5)ncn4)s3)cn2)no1,C20H17N3O2S,C24H28N10O2S,26,37,ChEMBL36 Standard InChI formula/connectivity and registry IDs,False,False,False,False,False
chembl_obvious_negative_0111,2224308,1862397,CC(=O)c1cccc(Nc2nc(-c3sc(NC(=O)NCc4ccc(Cl)cc4)nc3C)cs2)c1,Cc1nc(N2CCN(C(=O)C3CC3)CC2)c2c(n1)c(C)nn2C,C23H20ClN5O2S2,C16H22N6O,33,23,ChEMBL36 Standard InChI formula/connectivity and registry IDs,False,False,False,False,False
chembl_obvious_negative_0112,2357905,412759,Cc1cc(N)nc(CCc2cc(CC[C@@H]3CCCN3C)cc(F)c2F)c1,O=C(O)c1[nH]nc2c1CS(=O)(=O)C2,C21H27F2N3,C6H6N2O4S,26,13,ChEMBL36 Standard InChI formula/connectivity and registry IDs,False,False,False,False,False
chembl_obvious_negative_0113,1903275,1979045,Cn1ccc(C(=O)N2CCCC(Cc3cccc4ncccc34)C2)n1,COc1ccc(CN2CC[C@@H](C(=O)N(Cc3cc(Cl)c4c(c3)OCCCO4)CC(C)C)C2)cc1N,C20H22N4O,C27H36ClN3O4,25,35,ChEMBL36 Standard InChI formula/connectivity and registry IDs,False,False,False,False,False
chembl_obvious_negative_0114,2707854,723822,O=S(=O)(c1cccc(Nc2nnc(-c3ccc(F)c(F)c3)c3ccccc23)c1)N1CCCC1,COc1cc(C(=O)Nc2nnc(SC)s2)c([N+](=O)[O-])cc1OC,C24H20F2N4O2S,C12H12N4O5S2,33,23,ChEMBL36 Standard InChI formula/connectivity and registry IDs,False,False,False,False,False
chembl_obvious_negative_0115,1236281,77767,COc1cccc(NC(=O)CN(C)CC(=O)NCc2ccc3c(c2)OCO3)c1,COCCOCCN(CCCCCSc1nc(-c2ccc(OC)cc2)c(-c2ccc(OC)cc2)[nH]1)c1nc2ccccc2o1,C20H23N3O5,C34H40N4O5S,28,44,ChEMBL36 Standard InChI formula/connectivity and registry IDs,False,False,False,False,False
chembl_obvious_negative_0116,2351923,715847,O=C1NC2(CCCCC2)n2c1c(Cl)cc(Nc1ccnnc1)c2=O,CC(C)(F)C[C@H](N[C@@H](c1ccc(-c2ccc(S(C)(=O)=O)cc2)cc1)C(F)(F)F)C(=O)NCC#N,C16H16ClN5O2,C23H25F4N3O3S,24,34,ChEMBL36 Standard InChI formula/connectivity and registry IDs,False,False,False,False,False
chembl_obvious_negative_0117,187437,981050,COc1ccccc1N1CCN(CC(O)c2ccc(O)c(C(N)=O)c2)CC1,Cc1cc(C(=O)NNc2ccccc2F)no1,C20H25N3O4,C11H10FN3O2,27,17,ChEMBL36 Standard InChI formula/connectivity and registry IDs,False,False,False,False,False
chembl_obvious_negative_0118,966095,1321025,COC(=O)c1cc(NC2c3ncccc3C(=O)N2Cc2ccccc2)cc(C(=O)OC)c1,CSc1ccc(/C=N/NC(=O)c2ccc3[nH]cnc3c2)cc1,C24H21N3O5,C16H14N4OS,32,22,ChEMBL36 Standard InChI formula/connectivity and registry IDs,False,False,False,False,False
chembl_obvious_negative_0119,1499488,56831,O=C1NC2(CCC(NS(=O)(=O)c3cccc(Br)c3)CC2)C(=O)N1CCOc1ccc(F)cc1,CN(C/C=C/C#CC(C)(C)C)Cc1cccc2ccccc12,C22H23BrFN3O5S,C21H25N,33,22,ChEMBL36 Standard InChI formula/connectivity and registry IDs,False,False,False,False,False
chembl_obvious_negative_0120,933192,407775,COc1ccc(/C=C/C(=O)N2CCCc3ccccc32)cc1,COc1cc2c(cc1OC)CN(Cc1ccc(OC)c3oc(-c4cccc(C#N)c4)cc13)CC2,C19H19NO2,C28H26N2O4,22,34,ChEMBL36 Standard InChI formula/connectivity and registry IDs,False,False,False,False,False
chembl_obvious_negative_0121,3009945,1034887,CN(C)c1cc(-n2cc(CSc3cc(N)nc4[nH]nnc34)c(C(F)(F)F)n2)ccn1,COn1c(-c2ccc(Cl)cc2)nc2ccc(Cl)cc21,C17H16F3N9S,C14H10Cl2N2O,30,19,ChEMBL36 Standard InChI formula/connectivity and registry IDs,False,False,False,False,False
chembl_obvious_negative_0122,1886324,920233,Cc1ccc(N2CCc3ncnc(C4CC4)c3CC2)nn1,CN(C(=O)CC(NC(=O)c1ccccc1)(c1ccccc1)c1ccccc1)c1ccccc1,C16H19N5,C29H26N2O2,21,33,ChEMBL36 Standard InChI formula/connectivity and registry IDs,False,False,False,False,False
chembl_obvious_negative_0123,28913,3210342,CN1CCC[C@@]12CCCC[C@@H]2NC(=O)Cc1ccc(Cl)c(Cl)c1,CC1(C)OCCN(c2cccc(-c3cc(-c4cc5ccccc5[nH]4)c4c(N)ncnn34)c2)C1=O,C18H24Cl2N2O,C26H24N6O2,23,34,ChEMBL36 Standard InChI formula/connectivity and registry IDs,False,False,False,False,False
chembl_obvious_negative_0124,1931191,2946136,COc1ccc(CN(Cc2cncn2C)CC2CCCO2)cc1OC,COc1cc(-c2c(-c3ccc(Cl)cc3)c(C)nc3cc(-c4ccccc4)nn23)cc(OC)c1OC,C19H27N3O3,C28H24ClN3O3,25,35,ChEMBL36 Standard InChI formula/connectivity and registry IDs,False,False,False,False,False
chembl_obvious_negative_0125,2562290,551341,O=C(NC1CCNCC1)c1cc2c(O)c3c(c(O)c2s1)C(=O)c1ccccc1C3=O,CC1CCN(CCCOc2ccc(Cl)cc2)CC1.Cl,C22H18N2O5S,C15H22ClNO.ClH,30,19,ChEMBL36 Standard InChI formula/connectivity and registry IDs,False,False,False,False,False
chembl_obvious_negative_0126,2841451,480556,CCOC(=O)C1=C(C)Nc2nc3cc(Br)ccc3n2C1c1cccs1,c1ccc(C2CCc3nc[nH]c3C2)cc1,C18H16BrN3O2S,C13H14N2,25,15,ChEMBL36 Standard InChI formula/connectivity and registry IDs,False,False,False,False,False
chembl_obvious_negative_0127,741768,162511,COc1cccc(Nc2ncc3nc(-c4ccccc4)c(=O)n(C[C@H]4CCCO4)c3n2)c1,CCN(CC)C(=O)[C@@H]1OC(C(=O)O)=C[C@H](N)[C@H]1NC(C)=O,C24H23N5O3,C13H21N3O5,32,21,ChEMBL36 Standard InChI formula/connectivity and registry IDs,False,False,False,False,False
chembl_obvious_negative_0128,2122613,2121616,CCc1ccc(/N=C2\S/C(=C\c3ccnc(Nc4ccccn4)c3)C(=O)N2C)cc1,Oc1c(Br)cccc1CNc1nc2ccc(Br)cc2s1,C23H21N5OS,C14H10Br2N2OS,30,20,ChEMBL36 Standard InChI formula/connectivity and registry IDs,False,False,False,False,False
chembl_obvious_negative_0129,2870363,1051837,CCCCN1C(=O)/C(=N\Nc2nccs2)c2cc(Br)cc(Br)c21,Cc1nn(-c2ccccc2)c(OC(=O)COc2ccc(F)cc2)c1Sc1ccccc1[N+](=O)[O-],C15H14Br2N4OS,C24H18FN3O5S,23,34,ChEMBL36 Standard InChI formula/connectivity and registry IDs,False,False,False,False,False
chembl_obvious_negative_0130,2280141,3090701,C/C(=N\NC(=O)C1=C(O)c2ccccc2S(=O)(=O)N1C)c1ccccc1,C[C@@H]1OCC2(CCN(c3cnc4c(N5CCCc6nc(C7CCOCC7)ccc65)n[nH]c4n3)CC2)[C@@H]1N,C18H17N3O4S,C27H36N8O2,26,37,ChEMBL36 Standard InChI formula/connectivity and registry IDs,False,False,False,False,False
chembl_obvious_negative_0131,390824,3042846,O=C(/C=C/c1ccc2[nH]c(C(=O)c3ccccc3)cc2c1)NO,NS(=O)(=O)OC[C@H]1C[C@@H](Nc2ccnc3cc(-c4cnc(-c5ccccc5)o4)nn23)[C@H](O)[C@@H]1O,C18H14N2O3,C21H22N6O6S,23,34,ChEMBL36 Standard InChI formula/connectivity and registry IDs,False,False,False,False,False
chembl_obvious_negative_0132,2661992,158523,CC(C)O[C@@]1(Cn2nnnc2C=Cc2ccccc2)CCOC1,C[C@H](C[Si](O)(O)[C@H](Cc1ccccc1)NC(=O)c1ccccc1)C(=O)N1CCC[C@H]1C(=O)[O-].[Na+],C17H22N4O2,C24H30N2O6Si.Na,23,34,ChEMBL36 Standard InChI formula/connectivity and registry IDs,False,False,False,False,False
chembl_obvious_negative_0133,164507,2841452,O=C([O-])C[C@H](O)CC(O)COc1cc(OCc2ccc(F)cc2)c(Cl)cc1Cl.[Na+],O=C(OCc1ccc(C(F)(F)F)cc1)c1ccc(-c2cc3ncc(C(=O)c4c(O)ccc([N+](=O)[O-])c4O)cn3n2)cc1,C19H19Cl2FO6.Na,C28H17F3N4O7,29,42,ChEMBL36 Standard InChI formula/connectivity and registry IDs,False,False,False,False,False
chembl_obvious_negative_0134,1908259,2923204,Cc1cc(C)c(CNC(=O)N2CCCC2c2ccccn2)c(=O)[nH]1,CC1(C)[C@@H]2[C@@H](C(=O)N[C@H](C=O)C[C@@H]3CCNC3=O)N(C(=O)OC(c3ccccc3)c3ccccc3)C[C@@H]21,C18H22N4O2,C29H33N3O5,24,37,ChEMBL36 Standard InChI formula/connectivity and registry IDs,False,False,False,False,False
chembl_obvious_negative_0135,2394796,1576259,Clc1ccccc1C(CNc1ncnc2sccc12)N1CCCC1,CC(C)C(O)CCC(C)C(O)CCC(C)C(CCC(O)C(C)CCC(O)C(C)CCC(OCCCCc1cn(CCCCCC(=O)N[C@@H](Cc2cnc[nH]2)C(=O)N[C@H](Cc2ccccc2)C(=O)N[C@@H](CCCNC(=N)N)C(=O)N[C@@H](Cc2c[nH]c3ccccc23)C(N)=O)nn1)C(C)C)OCCCCc1cn(CCCCCC(=O)N[C@@H](Cc2cnc[nH]2)C(=O)N[C@H](Cc2ccccc2)C(=O)N[C@@H](CCCNC(=N)N)C(=O)N[C@@H](Cc2c[nH]c3ccccc23)C(N)=O)nn1,C18H19ClN4S,C118H178N28O16,24,162,ChEMBL36 Standard InChI formula/connectivity and registry IDs,False,False,False,False,False
chembl_obvious_negative_0136,2481534,653036,CN(CCC#N)c1nc(N(C)[C@H]2C[C@H]3CC[C@@H](C2)N3C)nc2ccccc12,C=CC[N+](C)(C)Cc1cccc(OC)c1,C21H28N6,C13H20NO,27,15,ChEMBL36 Standard InChI formula/connectivity and registry IDs,False,False,False,False,False
chembl_obvious_negative_0137,1880343,931199,COCc1nc(CNc2cccc(-c3nc(C)c(C)o3)c2)cs1,COc1cc(CN2CCC(n3nccc3NC(=O)CCCc3ccccc3)CC2)ccc1F,C17H19N3O2S,C26H31FN4O2,23,33,ChEMBL36 Standard InChI formula/connectivity and registry IDs,False,False,False,False,False
chembl_obvious_negative_0138,2910245,942167,Cc1ccc([C@@H](NC(=O)Cc2ccc(Cc3ccccn3)cc2)[C@@H](C)C(=O)O)cc1.Cl,COc1ccc(C(=O)NNC(=O)C2(C)CC2(Br)Br)cc1,C25H26N2O3.ClH,C13H14Br2N2O3,31,20,ChEMBL36 Standard InChI formula/connectivity and registry IDs,False,False,False,False,False
chembl_obvious_negative_0139,1427705,1284138,Cc1nc(N)sc1-c1csc(Nc2ccc(O)c(C(=O)O)c2)n1,CS(=O)(=O)N1CCN(CCN2CCN(Cc3cccc(Oc4ccccc4)c3)S2(=O)=O)CC1,C14H12N4O3S2,C22H30N4O5S2,23,33,ChEMBL36 Standard InChI formula/connectivity and registry IDs,False,False,False,False,False
chembl_obvious_negative_0140,1617136,389827,CCOC(=O)CCCn1cccc(C(=O)NC2CCCCCC2)c1=O,NC(=O)NNC(=O)/C(=C/c1cn(-c2ccccc2)nc1-c1ccccc1)CC(=O)c1ccc(Cl)cc1,C19H28N2O4,C27H22ClN5O3,25,36,ChEMBL36 Standard InChI formula/connectivity and registry IDs,False,False,False,False,False
chembl_obvious_negative_0141,1962098,3279134,CC1=C2[C@H]3OC(=O)[C@@H](CSc4ccccc4Cl)[C@@H]3CC[C@@]2(C)C=CC1=O,CC(=O)Cn1c(=O)c2c(ncn2[C@@H](C)C(=O)Nc2cncc(-c3cnc(C)c(C(F)(F)F)c3)n2)n(C)c1=O,C21H21ClO3S,C23H21F3N8O4,26,38,ChEMBL36 Standard InChI formula/connectivity and registry IDs,False,False,False,False,False
chembl_obvious_negative_0142,1480546,3159495,O=C1S/C(=C\c2sc(N3CCCCC3)nc2Cl)C(=O)N1Cc1ccc(F)cc1,N#C[C@H](Cc1ccc(-c2ccc3c(c2)C2(CCN(C4COC4)CC2)OC3)cc1F)NC(=O)[C@H]1N[C@@H]2CC[C@H]1C2,C19H17ClFN3O2S2,C31H35FN4O3,28,39,ChEMBL36 Standard InChI formula/connectivity and registry IDs,False,False,False,False,False
chembl_obvious_negative_0143,1496498,2538362,CCc1nn(C)c(C(=O)NCc2ccc(Oc3ccc(C(F)(F)F)cc3)cc2)c1F,O=C1N2C[C@@H](CC[C@H]2SC(F)(F)F)N1OS(=O)(=O)O,C21H19F4N3O2,C7H9F3N2O5S2,30,19,ChEMBL36 Standard InChI formula/connectivity and registry IDs,False,False,False,False,False
chembl_obvious_negative_0144,2601175,565299,COCc1noc([C@H](C)N2CCOc3cc(OC)ccc3C2)n1,O=C(NCC1CCCCCC1)c1cc(-c2cccnc2N2CCC(C(=O)O)CC2)ccc1Cl,C16H21N3O4,C26H32ClN3O3,23,33,ChEMBL36 Standard InChI formula/connectivity and registry IDs,False,False,False,False,False
chembl_obvious_negative_0145,3234268,1853423,CCOc1cc(-c2ccc(F)cc2)nc2cc(C(=O)NCCCc3cc[nH]n3)ccc12,CO[C@H]1COCCN(C(=O)c2cc(C)oc2C(F)(F)F)C1,C24H23FN4O2,C13H16F3NO4,31,21,ChEMBL36 Standard InChI formula/connectivity and registry IDs,False,False,False,False,False
chembl_obvious_negative_0146,3238256,1325014,N#CC1(CC(=O)N2CC=C(c3cc(NC(=O)C4CC4)nc4[nH]ccc34)CC2)CC1,O=C1OC(C(O)CO)C(C(O)CO)OC1=O,C22H23N5O2,C8H12O8,29,16,ChEMBL36 Standard InChI formula/connectivity and registry IDs,False,False,False,False,False
chembl_obvious_negative_0147,3062785,3033872,CC(=O)N[C@H]1CC[C@H](COc2ccnc(Nc3cnn(C(C)C)c3)n2)CC1,CCN1CCN(c2ccc(Nc3ncc(F)c(-c4sc5c(C6CCCC6)ccnc5c4C)n3)nc2)CC1,C19H28N6O2,C28H32FN7S,27,37,ChEMBL36 Standard InChI formula/connectivity and registry IDs,False,False,False,False,False
chembl_obvious_negative_0148,3113633,275172,CCn1c(=O)c(-c2ccccc2)cc2cnc(Nc3ccc(N(C)C)cn3)cc21,C=Cc1c(OCC)c(OC)c2ccccc2c1OC,C23H23N5O,C16H18O3,29,19,ChEMBL36 Standard InChI formula/connectivity and registry IDs,False,False,False,False,False
chembl_obvious_negative_0149,320037,386838,CC1=CSC(OCc2ccccc2)(c2ccc(Br)cc2)c2noc(=O)n21,CCSC(=O)c1ccc(OC)cc1,C19H15BrN2O3S,C10H12O2S,26,13,ChEMBL36 Standard InChI formula/connectivity and registry IDs,False,False,False,False,False
chembl_obvious_negative_0150,1843454,1063801,Fc1cccc(Nc2ncnc3ccc(-c4cncs4)cc23)c1,Cc1cc(CN2CCN(c3c(Br)cnc4[nH]c(-c5ccc(N6CCNCC6)cc5)nc34)CC2)no1,C17H11FN4S,C25H29BrN8O,23,35,ChEMBL36 Standard InChI formula/connectivity and registry IDs,False,False,False,False,False
chembl_obvious_negative_0151,330007,2297090,Cc1ccc(CN2C(=O)c3ccc(/C=C/C(=O)NO)cc3C2=O)cc1,O=C(NCCO)[C@@H]1CCCN1C(=O)N1CCCN1C(=O)[C@@H]1CCCN1C(=O)N1CCCN1C(=O)[C@@H]1CCCN1C(=O)N1CCCN1C(=O)[C@@H]1CCCN1C(=O)N1CCCN1C(=O)[C@@H]1CCCN1C(=O)N1CCCN1C(=O)[C@@H]1CCCN1C(=O)N1CCCN1C(=O)[C@@H]1CCCN1C(=O)N1CCCN1C(=O)[C@@H]1CCCN1C(=O)N1CCCN1C(=O)OCc1ccccc1,C19H16N2O4,C82H117N25O19,25,126,ChEMBL36 Standard InChI formula/connectivity and registry IDs,False,False,False,False,False
chembl_obvious_negative_0152,2906257,608172,O=C1/C(=C/c2ccc(N3CCOCC3)cc2)CCc2ccc(F)cc21,CCNC(=O)[C@H]1OC(n2cnc3c(NC(=O)Nc4ccc(S(=O)(=O)Nc5ccc(OC)cc5)cc4)ncnc32)[C@H](O)[C@@H]1O,C21H20FNO2,C26H28N8O8S,25,43,ChEMBL36 Standard InChI formula/connectivity and registry IDs,False,False,False,False,False
chembl_obvious_negative_0153,2247239,704881,COc1cc(-c2nc(-c3ccnc(C)c3)c3n2C[C@@H](CF)OCC3)ccc1Cl,O=c1oc2ccccc2n1Cc1ccccc1,C21H21ClFN3O2,C14H11NO2,28,17,ChEMBL36 Standard InChI formula/connectivity and registry IDs,False,False,False,False,False
chembl_obvious_negative_0154,1138574,1881339,CCn1c(=O)n([C@H]2CCCN(c3ccnc(-c4ccccc4F)n3)C2)c2ccccc21,CCc1nc(CC)n(CC(=O)NCc2ccccc2C)n1,C24H24FN5O,C16H22N4O,31,21,ChEMBL36 Standard InChI formula/connectivity and registry IDs,False,False,False,False,False
chembl_obvious_negative_0155,2985019,468590,C[C@@H](Cn1c(=O)[nH]/c(=N\c2ccc3c(c2)CCC3)n(Cc2ccc(Cl)cc2)c1=O)C(=O)O,Cc1cccc2c1Oc1ccccc1[C@@]1(O)CCN(C)C[C@@H]21,C23H23ClN4O4,C19H21NO2,32,22,ChEMBL36 Standard InChI formula/connectivity and registry IDs,False,False,False,False,False
chembl_obvious_negative_0156,614154,1204378,Cc1ccc(S(=O)(=O)Nc2ccc(C(=O)c3cc4cc(F)ccc4oc3=O)cc2)cc1,CCCNC(=O)Cn1cccc1C(=O)c1ccccc1,C23H16FNO5S,C16H18N2O2,31,20,ChEMBL36 Standard InChI formula/connectivity and registry IDs,False,False,False,False,False
chembl_obvious_negative_0157,3204359,214357,CC(C)c1nnc(Cn2ncc3ncc(-c4ccc(F)c(C(F)F)c4)cc32)o1,CC1(C)[C@@H]2CC[C@@]1(CS(=O)(=O)N1CCC3(CCc4ccccc43)CC1)[C@@H](NC(=O)N(CCc1c[nH]cn1)CCS(C)(=O)=O)C2,C19H16F3N5O,C32H47N5O5S2,28,44,ChEMBL36 Standard InChI formula/connectivity and registry IDs,False,False,False,False,False
chembl_obvious_negative_0158,2466579,1797592,Cc1c(-c2cccc(S(=O)(=O)N(C)C)c2)c2cc(C(=O)O)ccc2n1C/C=C/CN,CO[C@H]1/C=C\O[C@@]2(C)Oc3c(C)c(O)c4c(O)c(c5c(nc6cc(C)ccn65)c4c3C2=O)NC(=O)C(C)=CC=C[C@H](C)[C@H](O)[C@@H](C)[C@@H](O)[C@@H](C)[C@H](OC(C)=O)[C@H]1C,C22H25N3O4S,C43H51N3O11,30,57,ChEMBL36 Standard InChI formula/connectivity and registry IDs,False,False,False,False,False
chembl_obvious_negative_0159,1583237,2238266,CC1(NC(=O)c2ccc(C#Cc3ccccn3)cn2)COC1,O=C1Cc2cc(Nc3nc(NCCc4c[nH]c5ccccc45)c4cc(Cl)ccc4n3)ccc2N1,C17H15N3O2,C26H21ClN6O,22,34,ChEMBL36 Standard InChI formula/connectivity and registry IDs,False,False,False,False,False
chembl_obvious_negative_0160,1560307,2900273,O=C1CC(=O)N(C2CCCC2)C(=O)N1Cc1cccc(Cl)c1,CCN(CC)c1ccc2nc3c4cc(OCC(=O)NCCCOc5ccc(-c6cc7ccccc7c7c6OP(=O)(O)Oc6c(-c8ccccc8)cc8ccccc8c6-7)cc5)ccc4c(=O)cc-3oc2c1,C16H17ClN2O3,C57H46N3O9P,22,70,ChEMBL36 Standard InChI formula/connectivity and registry IDs,False,False,False,False,False
chembl_obvious_negative_0161,1817533,2772659,CC1CCC(NC(=O)c2cc3cccnc3n(CCO)c2=O)CC1,C=C(C)[C@]12C[C@@H](COC(C)=O)[C@@]34OC5(O[C@@H]1[C@@H]3[C@@H]1O[C@]1(CO)[C@@H](O)[C@@]1(O)[C@H]4[C@H]([C@H](C)[C@@H]1C(=O)c1ccccc1)[C@H](C)C[C@H](C(=O)c1ccccc1)[C@H](OC(C)=O)[C@@H](C(=O)c1ccccc1)CC[C@H]5O)O2,C18H23N3O3,C55H62O15,24,70,ChEMBL36 Standard InChI formula/connectivity and registry IDs,False,False,False,False,False
chembl_obvious_negative_0162,2542350,2731780,CCCOc1cccc(C(=O)Nc2c(O)c3ccc(O)cc3oc2=O)c1,CC[C@H](C)[C@H](NC(=O)[C@H](C)NC(=O)[C@H](CCCN)NC(=O)[C@H](CCSC)NC(=O)[C@H](C)NC(=O)[C@@H](NC(=O)[C@@H](NC(=O)[C@H](CCCN)NC(=O)[C@@H]1CCCN1C(=O)[C@H](CO)NC(=O)[C@@H](NC(=O)[C@H](Cc1c[nH]cn1)NC(=O)[C@H](CCC(N)=O)NC(=O)[C@@H](NC(=O)[C@H](C)NC(=O)[C@H](Cc1ccccc1)NC(=O)[C@H](Cc1c[nH]c2ccccc12)NC(=O)[C@H](CCC(N)=O)NC(=O)[C@H](C)NC(=O)[C@H](CCCN)NC(=O)[C@@H](NC(=O)[C@H](Cc1ccccc1)NC(=O)[C@H]1CCCN1C(=O)[C@@H](N)CCCN)[C@@H](C)O)[C@@H](C)CC)[C@@H](C)CC)[C@@H](C)O)[C@@H](C)CC)C(=O)N[C@@H](CC(N)=O)C(=O)N[C@@H](CC(N)=O)C(=O)N[C@@H](Cc1ccc(O)cc1)C(=O)N[C@@H](CCCN)C(=O)N[C@@H](Cc1c[nH]c2ccccc12)C(=O)N[C@@H](CCCN)C(=O)O,C19H17NO6,C165H250N44O39S,26,249,ChEMBL36 Standard InChI formula/connectivity and registry IDs,False,False,False,False,False
chembl_obvious_negative_0163,2677944,1269181,CC1(C)CN(C[C@H]2C[C@@H]2C(=O)O)CC(COc2ccccc2)O1,CN(C)CCCNc1nc(NCCc2ccccc2F)nc(NCCc2ccccc2F)n1,C18H25NO4,C24H31F2N7,23,33,ChEMBL36 Standard InChI formula/connectivity and registry IDs,False,False,False,False,False
chembl_obvious_negative_0164,776664,1634085,COc1cccc(-c2cc3nc(-c4ccccc4)cc(O)n3n2)c1,O=c1c2ccccc2[nH]n1CCCO,C19H15N3O2,C10H12N2O2,24,14,ChEMBL36 Standard InChI formula/connectivity and registry IDs,False,False,False,False,False
chembl_obvious_negative_0165,2107658,2370866,Nc1ccc(-c2cccs2)cc1NC(=O)CCCCCCNC(=O)c1cccnc1,CN(C)C[C@@H]1C(=O)O[C@H]2[C@H]1CC/C(C(=O)OCCOCCOC(=O)/C1=C/CC[C@@]3(C)O[C@H]3[C@H]3OC(=O)[C@@H](CN(C)C)[C@@H]3CC1)=C\CC[C@@]1(C)O[C@@H]21.O=C(O)/C=C/C(=O)O.O=C(O)/C=C/C(=O)O,C23H26N4O2S,C38H56N2O11.2C4H4O4,30,59,ChEMBL36 Standard InChI formula/connectivity and registry IDs,False,False,False,False,False
chembl_obvious_negative_0166,960111,2962088,Cc1nnc(SCC(=O)Nc2sccc2C#N)n1Cc1ccccc1,CCn1nc(C(=O)NC[C@]2(O)CC[C@@H](S(C)(=O)=O)CC2)c(Cl)c1-c1ccc(CCC(F)(F)F)cc1OC,C17H15N5OS2,C24H31ClF3N3O5S,25,37,ChEMBL36 Standard InChI formula/connectivity and registry IDs,False,False,False,False,False
chembl_obvious_negative_0167,2276153,2621115,CCOC(=O)C1O[N+]([O-])=C(c2ccccc2)C1c1cc(OC)c2c(c1OC)OCO2,COCCNS(=O)(=O)c1cc(C(=O)N2CCCC2)cs1,C21H21NO8,C12H18N2O4S2,30,20,ChEMBL36 Standard InChI formula/connectivity and registry IDs,False,False,False,False,False
chembl_obvious_negative_0168,2668971,1999982,Cc1cc(-c2ccccc2)nc2sc(-c3ccccc3)c([O-])[n+]12,Cc1ccc(COc2ccc3nc([C@@H]4CCCC[C@H]4C(=O)O)n(Cc4ccc(Br)cc4)c3c2)nc1,C19H14N2OS,C28H28BrN3O3,23,35,ChEMBL36 Standard InChI formula/connectivity and registry IDs,False,False,False,False,False
chembl_obvious_negative_0169,170487,1739766,C[n+]1c(-c2ccc(C(N)=S)cc2)cn2ccccc21.Cc1ccc(S(=O)(=O)[O-])cc1,Cc1ccc(C(C2COC(C)OC2)N(C)C)cc1.Cl,C15H13N3S.C7H8O3S,C15H23NO2.ClH,30,19,ChEMBL36 Standard InChI formula/connectivity and registry IDs,False,False,False,False,False
chembl_obvious_negative_0170,1444654,2108655,Cc1ccc(Sc2ccccc2N2CCCNCC2)c(C)c1.Cl,COc1ccc(-c2ccc(F)c(F)c2)cc1-n1c(=O)ccc2cc(S(=O)(=O)Nc3ccon3)ccc21,C19H24N2S.ClH,C25H17F2N3O5S,23,36,ChEMBL36 Standard InChI formula/connectivity and registry IDs,False,False,False,False,False
chembl_obvious_negative_0171,2453618,3236262,CC(C)c1ccc(-c2nnc(NC(=O)c3cn4ccccc4n3)s2)cc1,CC(C)NC(=O)Cc1nn(-c2ccc(CCN3CCC(C(F)(F)F)CC3)cc2)c(=O)n1-c1cccc(Cl)c1,C19H17N5OS,C27H31ClF3N5O2,26,38,ChEMBL36 Standard InChI formula/connectivity and registry IDs,False,False,False,False,False
chembl_obvious_negative_0172,2659001,3097681,Cn1ncc(NC(=O)C(C)(C)c2ccc(Cl)cc2F)cc1=O,CC(C)C[C@H](C)Oc1cc(-n2nc(C(C)C)n(C)c2=O)c(F)cc1C(=O)Nc1cc[nH]n1,C15H15ClFN3O2,C22H29FN6O3,22,32,ChEMBL36 Standard InChI formula/connectivity and registry IDs,False,False,False,False,False
chembl_obvious_negative_0173,1033890,1854420,CCCOC(=O)c1c(NC(=O)CCCn2nc([N+](=O)[O-])cc2C)sc(C(=O)OC)c1C,CCN1Cc2ccccc2N(C(=O)C2CCC2)CCC1=O,C19H24N4O7S,C17H22N2O2,31,21,ChEMBL36 Standard InChI formula/connectivity and registry IDs,False,False,False,False,False
chembl_obvious_negative_0174,2967072,539379,C=CC(=O)Nc1cccc(-c2cc(-c3cncc(Cl)c3)cc3cnc(N)nc23)c1,COc1cccc2cc(C(=O)N[C@@H](CC(C)C)C(=O)N[C@H](/C=N/N3C(=O)CN(Cc4ccccc4)C3=O)CCc3ccccc3)oc12,C22H16ClN5O,C36H39N5O6,29,47,ChEMBL36 Standard InChI formula/connectivity and registry IDs,False,False,False,False,False
chembl_obvious_negative_0175,1933183,3061789,CCCN1CC[C@@H]2OC[C@H](C(=O)Nc3cccnc3)C[C@@H]2C1,Cc1c(C(=O)CN2C3CCC2CC3)cc(/C=C\CCS(C)(=O)=O)n1-c1ccc(C#N)cc1,C17H25N3O2,C25H29N3O3S,22,32,ChEMBL36 Standard InChI formula/connectivity and registry IDs,False,False,False,False,False
chembl_obvious_negative_0176,2366880,2095694,CC1=C2C[C@]3(C)C(=O)C=C(C(C)C)[C@H]3C[C@H]3O[C@@]3(C)[C@@H]2CC1=O,CCCCCCCNC(=O)Oc1ccc(Cn2cc(COc3ccc4ccc(=O)oc4c3)nn2)cc1,C20H26O3,C27H30N4O5,23,36,ChEMBL36 Standard InChI formula/connectivity and registry IDs,False,False,False,False,False
chembl_obvious_negative_0177,953132,2160499,COC(=O)[C@H](CCSC)NC(=O)NC1CCN(Cc2ccccc2)CC1,C[C@H](CNC(=N)N)SC[C@](C)(N)C(=O)O.Cl.Cl,C19H29N3O3S,C8H18N4O2S.2ClH,26,16,ChEMBL36 Standard InChI formula/connectivity and registry IDs,False,False,False,False,False
chembl_obvious_negative_0178,3215327,746755,Cn1cc(NC(=O)c2cnn3ccc(N[C@H]4CCCCNC4)nc23)c(C(F)(F)F)n1,CC(C)NC(=O)/C(C#N)=C/c1ccc(N(C)C)o1,C18H21F3N8O,C13H17N3O2,30,18,ChEMBL36 Standard InChI formula/connectivity and registry IDs,False,False,False,False,False
chembl_obvious_negative_0179,61816,2747732,Oc1nc2cc(Cl)cnc2c(O)c1Oc1cccc(-c2ccccc2)c1,CC[C@H](C)[C@H](NC(=O)[C@H](CCCCN)NC(=O)[C@H](CCCCN)NC(=O)[C@@H](NC(=O)[C@@H](NC(=O)[C@H](CC(=O)O)NC(=O)[C@H](Cc1ccccc1)NC(=O)[C@H](CC(C)C)NC(=O)CNC(C)=O)[C@@H](C)CC)[C@@H](C)CC)C(=O)N[C@@H](C)C(=O)N[C@@H](CCC(=O)O)C(=O)N[C@@H](CO)C(=O)N[C@@H](Cc1ccccc1)C(N)=O,C20H13ClN2O3,C73H116N16O19,26,108,ChEMBL36 Standard InChI formula/connectivity and registry IDs,False,False,False,False,False
chembl_obvious_negative_0180,1430696,473576,CN(C)Cc1cccc(COc2nc(N)nc3[nH]cnc23)c1,CCC1CN(S(=O)(=O)C[C@]23CC[C@H](CC2=O)C3(C)C)CCN1c1ccc(C(F)(F)F)cn1,C15H18N6O,C22H30F3N3O3S,22,32,ChEMBL36 Standard InChI formula/connectivity and registry IDs,False,False,False,False,False
chembl_obvious_negative_0181,910261,3041847,Cc1cccc(OCC(=O)Nc2ccc(NC(=O)c3ccco3)cc2)c1,NS(=O)(=O)OC[C@H]1C[C@@H](Nc2ncncc2C(=O)c2cc([C@@]3(c4cccc(Cl)c4)CCCN3)cs2)C[C@@H]1O,C20H18N2O4,C25H28ClN5O5S2,26,38,ChEMBL36 Standard InChI formula/connectivity and registry IDs,False,False,False,False,False
chembl_obvious_negative_0182,908268,1794601,CC(CNc1ccc([N+](=O)[O-])cc1)NC(=O)c1ccccc1Br,CCC(CC)O[C@@H]1C=C(C(=O)O)C[C@H](N(Cc2ccc(C(C)C)cc2)C(=N)N)[C@H]1NC(C)=O,C16H16BrN3O3,C25H38N4O4,23,33,ChEMBL36 Standard InChI formula/connectivity and registry IDs,False,False,False,False,False
chembl_obvious_negative_0183,856424,576268,CC1=C(C(=O)OC2CCCCC2)C(c2ccc(C)o2)C2=C(O)CCCC2=N1,O=C(NCCOc1ccccc1)c1cnc(N2CCN(C3CCN(Cc4ccc(C(F)(F)F)cc4)CC3)CC2)c(Cl)c1,C22H27NO4,C31H35ClF3N5O2,27,42,ChEMBL36 Standard InChI formula/connectivity and registry IDs,False,False,False,False,False
chembl_obvious_negative_0184,545360,180458,Cl.O=C(O)[C@@H]1CCCN(CCOCCN2c3ccccc3Oc3ccccc32)C1,CC(C)NCC(O)c1ccc(O)c(CO)c1,C22H26N2O4.ClH,C12H19NO3,29,16,ChEMBL36 Standard InChI formula/connectivity and registry IDs,False,False,False,False,False
chembl_obvious_negative_0185,1012952,2134577,Cc1cccc([N+]2=C3CCCCCN3C(O)(c3cccs3)C2)c1.[Br-],CC(=O)OC[C@@]1(C)[C@@H]2CC[C@]3(C)[C@H](CC=C4[C@@H]5[C@@H](C)[C@H](C)CC[C@]5(C(=O)Nc5cncc6ccccc56)CC[C@]43C)[C@@]2(C)C[C@@H](OC(C)=O)[C@@H]1OC(C)=O,C19H23N2OS.BrH,C45H60N2O7,24,54,ChEMBL36 Standard InChI formula/connectivity and registry IDs,False,False,False,False,False
chembl_obvious_negative_0186,2860394,1567286,N#C[C@H](CC(N)=O)NC(=O)[C@@H]1CCCN1C(=O)C1(c2ccccc2Cl)CC1,CC(C)C[C@H](NC(=O)[C@H](CC(=O)O)NC(=O)[C@H](CC(=O)O)NC(=O)[C@H](CCC(=O)O)NC(=O)[C@@H]1CCCN1C(=O)[C@H](Cc1ccc(OP(=O)(O)O)cc1)NC(=O)[C@H](CC(C)C)NC(=O)[C@H](CO)NC(=O)[C@H](CC(=O)O)NC(=O)[C@H](Cc1ccc(OP(=O)(O)O)cc1)NC(=O)[C@H](CCC(=O)O)NC(=O)[C@@H](NC(=O)[C@H](CCC(=O)O)NC(=O)[C@H](C)NC(=O)[C@@H]1CCCN1C(=O)[C@H](Cc1cnc[nH]1)NC(=O)[C@H](CCC(=O)O)NC(=O)[C@@H]1CCCN1C(=O)[C@H](CCCNC(=N)N)NC(=O)[C@@H](N)C(C)C)[C@@H](C)O)C(=O)O,C19H21ClN4O3,C104H153N25O45P2,27,176,ChEMBL36 Standard InChI formula/connectivity and registry IDs,False,False,False,False,False
chembl_obvious_negative_0187,2100681,1287127,O=C(Nc1ccc(CC2CCCN2)cc1)c1ccc(Cl)cc1,Cc1n[nH]c2ccc(-c3cncc(OCC(N)Cc4cccc(OC(F)(F)F)c4)c3)cc12,C18H19ClN2O,C23H21F3N4O2,22,32,ChEMBL36 Standard InChI formula/connectivity and registry IDs,False,False,False,False,False
chembl_obvious_negative_0188,2153522,357923,CC(Nc1cc(NC2CC2)n2ncc(/C=C3\NC(=O)NC3=O)c2n1)c1ccc(F)cc1,CCC(C#Cc1cccc(C)n1)Sc1cccc(Cl)c1,C21H20FN7O2,C17H16ClNS,31,20,ChEMBL36 Standard InChI formula/connectivity and registry IDs,False,False,False,False,False
chembl_obvious_negative_0189,999,2236271,Nc1nc(O)c2cc(Sc3ccc4ccccc4c3)ccc2n1,c1ccc(CCCNc2ncnc3cc(OCC4CCN(CCNc5ccnc6ccccc56)CC4)ccc23)cc1,C18H13N3OS,C34H38N6O,23,41,ChEMBL36 Standard InChI formula/connectivity and registry IDs,False,False,False,False,False
chembl_obvious_negative_0190,430706,1697893,OC[C@H]1O[C@@H](n2cnc3c(N4CCc5ccccc5C4)ncnc32)[C@H](O)[C@@H]1O,CC(C)CC12CN3CCN(CC(C3)/C1=N/O)C2,C19H21N5O4,C13H23N3O,28,17,ChEMBL36 Standard InChI formula/connectivity and registry IDs,False,False,False,False,False
chembl_obvious_negative_0191,241275,1066792,CCCCCCCCCCC=C=CCOCc1ccc(CCC(=O)O)cc1,CCCNC(=O)CCCCCNC(=O)O[C@H]1[C@H](C)O[C@@H](O[C@H]2[C@H](C)[C@@H](O[C@@H]3O[C@H](C)C[C@H](N(C)C)[C@H]3O)[C@](C)(OC)C[C@@H](C)C(=O)[C@H](C)[C@@H](O)[C@](C)(O)[C@@H](CC)OC(=O)[C@@H]2C)C[C@@]1(C)OC,C24H36O3,C48H87N3O15,27,66,ChEMBL36 Standard InChI formula/connectivity and registry IDs,False,False,False,False,False
chembl_obvious_negative_0192,52841,246259,C=C(C(=O)c1ccc(OC)cc1)n1cnc2ccccc2c1=O,COc1ccc(-c2[nH]c3ccccc3c2CCNCCCCc2ccc(N)cc2)cc1OC,C18H14N2O3,C28H33N3O2,23,33,ChEMBL36 Standard InChI formula/connectivity and registry IDs,False,False,False,False,False
chembl_obvious_negative_0193,800591,2857402,CCOc1ccc(S(=O)(=O)NCCC(=O)N2CCN(c3ccccc3O)CC2)cc1,COc1ccc2c3c1-c1ccccc1CC3NCC2,C21H27N3O5S,C17H17NO,30,19,ChEMBL36 Standard InChI formula/connectivity and registry IDs,False,False,False,False,False
chembl_obvious_negative_0194,2194397,906274,COc1cncc(C2=CC[C@H]3[C@@H]4CCC5C[C@@H](NC(C)=O)CC[C@]5(C)[C@H]4CC[C@]23C)c1,O=S(=O)(c1c[nH]cn1)N1CCN(c2ccccc2)CC1,C27H38N2O2,C13H16N4O2S,31,20,ChEMBL36 Standard InChI formula/connectivity and registry IDs,False,False,False,False,False
chembl_obvious_negative_0195,1918230,714849,COc1cc(N2C[C@H]3CCC[C@@H](CN(C)C)[C@H]3C2)ncn1.O=C(O)C(F)(F)F,COc1cnc(O[C@@H]2CC3C(=O)N[C@]4(C(=O)NS(=O)(=O)C5CC5)C[C@H]4/C=C\CCCCC[C@H](NC(=O)Nc4ccc5c(c4)B(O)OC5)C(=O)N3C2)c2cc(Cl)ccc12,C16H26N4O.C2HF3O2,C39H44BClN6O10S,28,58,ChEMBL36 Standard InChI formula/connectivity and registry IDs,False,False,False,False,False
chembl_obvious_negative_0196,191426,632099,CS(=O)(=O)c1ccc(-c2cnc(CO)n2-c2ccc(F)cc2)cc1,CC[C@H]1OC(=O)[C@H](C)[C@@H](O[C@H]2C[C@@](C)(OC)[C@@H](OC(=O)CCNCC(=O)Nc3ccc4ccccc4c3)[C@H](C)O2)[C@H](C)[C@@H](O[C@@H]2O[C@H](C)C[C@H](N(C)C)[C@H]2O)[C@](C)(O)C[C@@H](C)NC(=O)[C@H](C)[C@@H](O)[C@]1(C)O,C17H15FN2O3S,C52H82N4O15,24,71,ChEMBL36 Standard InChI formula/connectivity and registry IDs,False,False,False,False,False
chembl_obvious_negative_0197,242272,2919218,O=C(O)C(=O)CC(=O)c1cccc(Cc2cccc(F)c2)c1,CCCC[C@@H]1NC(=O)[C@H](CCCN)NC(=O)[C@H](Cc2c[nH]c3ccccc23)NC(=O)[C@@](C)(NC(=O)[C@@H](N)CCCN)CCC/C=C/CCC[C@@](C)(C(=O)N[C@@H](CCCN)C(N)=O)NC1=O,C17H13FO4,C46H76N12O7,22,65,ChEMBL36 Standard InChI formula/connectivity and registry IDs,False,False,False,False,False
chembl_obvious_negative_0198,945156,2843444,COc1ccc(-c2cc(C#N)nc(Oc3ccc(Cl)cc3)n2)cc1,Nc1ncnc2c1ncn2[C@@H]1O[C@H](CSCCNS(=O)(=O)c2ccc(C(F)(F)F)cc2)[C@@H](O)[C@H]1O,C18H12ClN3O2,C19H21F3N6O5S2,24,35,ChEMBL36 Standard InChI formula/connectivity and registry IDs,False,False,False,False,False
chembl_obvious_negative_0199,1919226,2864381,O=C(O)C(F)(F)F.O=C(O)C(F)(F)F.O=C([C@H]1CN(Cc2ccncc2)C[C@H]2OCC[C@@H]12)N1CCCCO1,CCOC(=O)C1=C(CN2CCN(C(C(=O)O)c3ccc4occc4c3)CC2)NC(c2nccs2)=NC1c1ccc(F)cc1Br,C18H25N3O3.2C2HF3O2,C31H29BrFN5O5S,31,44,ChEMBL36 Standard InChI formula/connectivity and registry IDs,False,False,False,False,False
chembl_obvious_negative_0200,1837471,2128596,C/C(=N\O)C(c1c[nH]c2ccccc12)c1c[nH]c2ccccc12,O=C(N[C@H]1CC[C@@H](O)CC1)c1cc(NC(=O)c2cc(-c3ncccc3F)c(Cl)cc2Cl)n(-c2ccccc2)n1,C19H17N3O,C28H24Cl2FN5O3,23,39,ChEMBL36 Standard InChI formula/connectivity and registry IDs,False,False,False,False,False
chembl_obvious_negative_0201,2031888,2167480,CCOc1ccc(C#Cc2ccc(CC(COC)NC(C)=O)cc2)cc1,COc1ccc(C(C)C)cc1C1=C(CN(Cc2cc(C(F)(F)F)cc(C(F)(F)F)c2)c2ncc(OCCCC(=O)O)cn2)CC(C)(C)CC1,C22H25NO3,C36H41F6N3O4,26,49,ChEMBL36 Standard InChI formula/connectivity and registry IDs,False,False,False,False,False
chembl_obvious_negative_0202,2072764,311065,CCOc1ccc2cc(-c3nn(C(C)C)c(N)c3C(N)=O)cnc2c1,Cc1ccc(NC(=O)Nc2cccc(N3CCCC3)c2)cc1Nc1nccc(-c2cccnc2)n1,C18H21N5O2,C27H27N7O,25,35,ChEMBL36 Standard InChI formula/connectivity and registry IDs,False,False,False,False,False
chembl_obvious_negative_0203,796605,533396,CCOC(=O)N1CCC2(CC1)CC(=O)c1cc(O)ccc1O2,CCN(CC)CCCCNc1cc(-c2[nH]c(-c3c(Cl)cccc3Cl)nc2-c2ccc3cc(OC)ccc3c2)ccn1.O=C(O)C(F)(F)F,C16H19NO5,C33H35Cl2N5O.C2HF3O2,22,48,ChEMBL36 Standard InChI formula/connectivity and registry IDs,False,False,False,False,False
chembl_obvious_negative_0204,1863393,2569271,Cc1cnc(-c2nc(C3CCCN(Cc4cccs4)C3)no2)cn1,O=C(O)c1ccc(N2CCC3(C=C(c4c(-c5c(Cl)cccc5Cl)noc4C4CC4)C3)CC2)nc1,C17H19N5OS,C26H23Cl2N3O3,24,34,ChEMBL36 Standard InChI formula/connectivity and registry IDs,False,False,False,False,False
chembl_obvious_negative_0205,2908249,820532,Cc1ccc(Oc2sc(C(=O)O)cc2NC(=O)c2ccc(C(C)(C)C)cc2)cn1,COc1ccc(CCNC(=O)c2ccc(Cn3c(=O)c4ccccc4n(CC(=O)C(C)(C)C)c3=O)cc2)cc1OC,C22H22N2O4S,C32H35N3O6,29,41,ChEMBL36 Standard InChI formula/connectivity and registry IDs,False,False,False,False,False
chembl_obvious_negative_0206,183449,1427704,CC(C)c1cccc(C(C)C)c1NC(=O)NC(Cc1ccccc1)c1ccccc1,Cc1nc(N)sc1-c1csc(Nc2ccc(O)cc2)n1,C27H32N2O,C13H12N4OS2,30,20,ChEMBL36 Standard InChI formula/connectivity and registry IDs,False,False,False,False,False
chembl_obvious_negative_0207,1897291,1564294,Cc1cc(N2CCC(NC(C)Cc3ccsc3)CC2)nc(N)n1,CCCC[C@]1(CC)CS(=O)(=O)c2cc(OCCP(=O)(O)O)c(OC)cc2[C@@H](c2ccccc2)N1,C17H25N5S,C24H34NO7PS,23,34,ChEMBL36 Standard InChI formula/connectivity and registry IDs,False,False,False,False,False
chembl_obvious_negative_0208,2528394,1736776,O=C(c1ccc([N+](=O)[O-])cc1)c1nc2ccc(F)c(Nc3ccccc3[N+](=O)[O-])c2s1,COc1ccc(C2=N[C@]3(CC[C@@H](C(C)(C)C)CC3)N([C@H](CCC(C)(C)C)c3ccc(C(=O)NCc4nn[nH]n4)cc3)C2=O)cc1,C20H11FN4O5S,C35H47N7O3,31,45,ChEMBL36 Standard InChI formula/connectivity and registry IDs,False,False,False,False,False
chembl_obvious_negative_0209,2488513,856425,NCC1Cc2cccc(-c3cc4c(cc3C(N)=O)OCO4)c2O1,CCOc1ccccc1N(CC(=O)NCC1CCCO1)C(=O)CNS(=O)(=O)c1ccccc1,C17H16N2O4,C23H29N3O6S,23,33,ChEMBL36 Standard InChI formula/connectivity and registry IDs,False,False,False,False,False
chembl_obvious_negative_0210,836484,457623,Cc1c(Cl)cccc1NC(=O)Cn1cc(C(F)(F)F)cc(Cl)c1=O,O=C(CCN(CCC1c2ccccc2-c2ccccc21)CC1CC1)N1CCN(c2ccc([N+](=O)[O-])cc2)CC1,C15H11Cl2F3N2O2,C32H36N4O3,24,39,ChEMBL36 Standard InChI formula/connectivity and registry IDs,False,False,False,False,False
chembl_obvious_negative_0211,2265184,2557305,Cn1ncc2c(Oc3ccc4c(c3)nc(Nc3cc(F)ccc3Br)n4C)ncnc21,CCOC(=O)/C(=N\Nc1ccc(C)cc1)C(C)=O,C20H15BrFN7O,C13H16N2O3,30,18,ChEMBL36 Standard InChI formula/connectivity and registry IDs,False,False,False,False,False
chembl_obvious_negative_0212,2168476,3138556,O=C(Nc1ccc(CC(F)(F)F)cc1)c1cccc(-c2cncnc2)c1,Cc1cc(OCc2nnc(SC3CCCC3)n2-c2cccnc2)ccc1C#CCOC(=O)NCCN1CCCN(C(C)C)CC1,C19H14F3N3O,C34H45N7O3S,26,45,ChEMBL36 Standard InChI formula/connectivity and registry IDs,False,False,False,False,False
chembl_obvious_negative_0213,757720,39880,COc1ccc(S(=O)(=O)N2CCOCC2)cc1C(=O)Nc1nc2ccccc2s1,C=CCCn1c(=O)c2[nH]cnc2n(CCC)c1=O,C19H19N3O5S2,C12H16N4O2,29,18,ChEMBL36 Standard InChI formula/connectivity and registry IDs,False,False,False,False,False
chembl_obvious_negative_0214,707872,771678,CCCC(=O)N1c2ccccc2-c2nnc(SC)nc2O[C@H]1c1cccs1,c1ccc2c(c1)CCCC2NC1=NCCC1,C19H18N4O2S2,C14H18N2,27,16,ChEMBL36 Standard InChI formula/connectivity and registry IDs,False,False,False,False,False
chembl_obvious_negative_0215,1671969,3216323,Cc1ccc(NC(=O)N2CCOCC2)cc1NC(=O)N1CCOCC1,C[C@@H]1CN(c2ncnc3[nH]c(-c4ccc(F)cc4)cc23)CCN1C(=O)N[C@H](C)c1ccc(F)cc1,C17H24N4O4,C26H26F2N6O,25,35,ChEMBL36 Standard InChI formula/connectivity and registry IDs,False,False,False,False,False
chembl_obvious_negative_0216,2074759,3115627,CCNS(=O)(=O)c1ccc(NC2CCCC2)c(NCc2ccccc2)c1,C=CC(=O)Nc1cccc(-c2cccc3cnc(Nc4ccc(N5CCN(C)CC5)cc4)nc23)c1C#N,C20H27N3O2S,C29H27N7O,26,37,ChEMBL36 Standard InChI formula/connectivity and registry IDs,False,False,False,False,False
chembl_obvious_negative_0217,2434674,2691902,CC1=NN(c2ccc(C(=O)O)cc2)C(=O)/C1=C\c1ccc(-c2ccccc2C(F)F)o1,Cc1nc2cc(C(=O)N(C)[C@H]3CCNC3=O)ccc2o1,C23H16F2N2O4,C14H15N3O3,31,20,ChEMBL36 Standard InChI formula/connectivity and registry IDs,False,False,False,False,False
chembl_obvious_negative_0218,1539368,2874353,Cn1c(=O)c2cc(NC(=O)Nc3cccnc3)ccc2n1Cc1ccc(Cl)cc1,CC(C)C[C@H](NC(=O)[C@H](CCCCN)NC(=O)[C@H](CC(C)C)NC(=O)[C@H](CCCCN)NC(=O)[C@H](CS)NC(=O)CNC(=O)[C@H](CO)NC(=O)[C@H](CCCCN)NC(=O)[C@@H](NC(=O)[C@H](CS)NC(=O)[C@H](CCCCN)NC(=O)[C@H](CC(C)C)NC(=O)[C@H](CCCCN)NC(=O)[C@@H](N)CC(C)C)[C@@H](C)O)C(N)=O,C21H18ClN5O2,C69H132N20O16S2,29,107,ChEMBL36 Standard InChI formula/connectivity and registry IDs,False,False,False,False,False
chembl_obvious_negative_0219,1884331,1783635,Cc1ccc(NC(=O)N(C)CC(O)COCCOC(C)C)c(Br)c1,COc1cnc2ccc(=O)n(CCN3CCN(c4nc5cc(C(F)(F)F)ccc5[nH]4)CC3)c2c1,C17H27BrN2O4,C23H23F3N6O2,24,34,ChEMBL36 Standard InChI formula/connectivity and registry IDs,False,False,False,False,False
chembl_obvious_negative_0220,118644,2331983,Cc1cc(C(=O)Nc2cc(Cl)cc(Cl)c2)nn1-c1cccs1,COCCCOc1cc2c(cc1OC)-c1cc(=O)c(C(=O)O)cn1C(C(C)(C)COC)C2,C15H11Cl2N3OS,C24H31NO7,22,32,ChEMBL36 Standard InChI formula/connectivity and registry IDs,False,False,False,False,False
chembl_obvious_negative_0221,2295096,1594205,CCC(CC)C(=O)Nc1n[nH]c2ncc(-c3ccc(O)cc3)cc12,CCCN(CCCCN1C(=O)CC2(CCCC2)CC1=O)[C@H]1COc2cccc(C(=O)NC)c2C1,C18H20N4O2,C27H39N3O4,24,34,ChEMBL36 Standard InChI formula/connectivity and registry IDs,False,False,False,False,False
chembl_obvious_negative_0222,2262195,1355920,CC(=O)n1cc(C(=O)Nc2cc(C(=O)O)cc(-c3ccco3)c2)c2ccccc21,CC(C)(C)N1CCC(N(Cc2ccc(-c3ccc(C(F)(F)F)cc3)cc2)C(=O)Cn2c(CCc3cccc(F)c3F)nc(=O)c3cccnc32)CC1.O=C(O)C(O)C(O)C(=O)O,C22H16N2O5,C40H40F5N5O2.C4H6O6,29,62,ChEMBL36 Standard InChI formula/connectivity and registry IDs,False,False,False,False,False
chembl_obvious_negative_0223,1842458,2870364,CC(=O)O.CCCCN1CCC[C@H]1C(=O)NCc1ccc(C(=N)N)cc1,Cc1ncsc1-c1ccc(CNC(=O)[C@@H]2C[C@@H](O)CN2C(=O)[C@@H](NC(=O)CCCCCOc2ccc3c(-c4ccc(C(=O)O)c(C5CCCC5)c4)ncnc3c2)C(C)(C)C)cc1,C17H26N4O.C2H4O2,C48H56N6O7S,26,62,ChEMBL36 Standard InChI formula/connectivity and registry IDs,False,False,False,False,False
chembl_obvious_negative_0224,2023910,2327995,CC(CNC(=O)C(F)F)c1ccc(C#Cc2cnc(OC3CCC3)nc2)cc1,O=c1cc(-c2ccc(OCCCc3cn(CCOc4cccc5c(=O)cc(-c6ccccc6)oc45)nn3)cc2)oc2ccccc12,C21H21F2N3O2,C37H29N3O6,28,46,ChEMBL36 Standard InChI formula/connectivity and registry IDs,False,False,False,False,False
chembl_obvious_negative_0225,2974052,3041848,Cc1c(F)cccc1[C@]1(C(=O)NO)CC[C@H](c2nc3ccccc3s2)C1,COCCc1ccc(-c2ccc(C(=O)N3C4CCC3CNC4)cc2-c2ccc(C#N)c(F)c2)c(F)c1,C20H19FN2O2S,C29H27F2N3O2,26,36,ChEMBL36 Standard InChI formula/connectivity and registry IDs,False,False,False,False,False
chembl_obvious_negative_0226,601191,44866,CCc1ccc(CNCC2CCCC(CNCc3ccc(CC)cc3)C2)cc1,O=C(CCC(NC(=O)c1cc(Cl)cc(Cl)c1)C(=O)N1CCC2(CCCC2)CC1)N[C@H](Cc1ccccn1)C(=O)O,C26H38N2,C29H34Cl2N4O5,28,40,ChEMBL36 Standard InChI formula/connectivity and registry IDs,False,False,False,False,False
chembl_obvious_negative_0227,452638,382849,OC[C@H]1O[C@@H](COCc2ccccc2)[C@H](OCc2ccccc2)C[C@@H]1O,CO[C@@H]1C[C@H](O[C@H]2CC[C@@]3(C)[C@H](CC[C@@]45O[C@@]46CC=C(C4=CC(=O)OC4)[C@@]6(C)CC[C@H]35)C2)O[C@H](C)[C@@H]1O,C21H26O5,C30H42O7,26,37,ChEMBL36 Standard InChI formula/connectivity and registry IDs,False,False,False,False,False
chembl_obvious_negative_0228,2504464,332998,CCc1cc(=O)c2ccc(OC)c(COC(=O)c3ccccc3Br)c2o1,O=C(Cc1ccccc1)NCC1(N2CCN(C(=O)[C@@H](Cc3ccc(Cl)cc3)NC(=O)Cc3cccs3)CC2)CCCCC1,C20H17BrO5,C34H41ClN4O3S,26,43,ChEMBL36 Standard InChI formula/connectivity and registry IDs,False,False,False,False,False
chembl_obvious_negative_0229,17947,2876346,CC1(C)O[C@@H]2CC3C4C[C@H](F)C5=CC(=O)C=CC5(C)[C@@]4(F)C(O)CC3(C)C2(C(=O)CO)O1,CC1(C)CCCC(O)(C(F)(F)F)C1Cc1ccc(C#N)cc1,C24H30F2O6,C17H20F3NO,32,22,ChEMBL36 Standard InChI formula/connectivity and registry IDs,False,False,False,False,False
chembl_obvious_negative_0230,753734,1946144,N#CC1=C2SCN(Cc3ccccc3)CN2C(=O)CC1c1ccc2c(c1)OCO2,CC(C)C[C@H](NC(=O)[C@H](CC(C)C)NC(=O)[C@H](Cc1ccccc1)NC(=O)[C@H](CCCCN)NC(=O)[C@H](CCCNC(=N)N)NC(=O)CNC(=O)[C@H](CC(C)C)NC(=O)[C@@H]1CCCN1C(=O)[C@H](CO)NC(=O)[C@H](CCC(N)=O)NC(=O)[C@H](CC(=O)O)NC(=O)[C@H](CC(C)C)NC(=O)[C@@H](N)CC(=O)O)C(=O)N[C@@H](CCC(N)=O)C(=O)O,C22H19N3O3S,C73H120N20O22,29,115,ChEMBL36 Standard InChI formula/connectivity and registry IDs,False,False,False,False,False
chembl_obvious_negative_0231,2969066,2524406,O=C(NCC1CC(=O)c2c([nH]c(-c3ccncc3)c2Nc2ccccc2)C1)c1ccco1,CCCCCn1cc(-c2ccc(C(F)(F)F)cc2)nc1N.Cl,C25H22N4O3,C15H18F3N3.ClH,32,22,ChEMBL36 Standard InChI formula/connectivity and registry IDs,False,False,False,False,False
chembl_obvious_negative_0232,373877,108673,COC(=O)CCCCCN1C(=O)/C(=C/c2cc(C)n(-c3ccccc3)c2C)SC1=S,COc1cccc2c1CC[C@@H](NCc1ccccc1)C2,C23H26N2O3S2,C18H21NO,30,20,ChEMBL36 Standard InChI formula/connectivity and registry IDs,False,False,False,False,False
chembl_obvious_negative_0233,2625103,3214329,CN(C)S(=O)(=O)N1CCN(c2cccc(OCc3ccccc3Cl)c2)CC1,Cc1cc(OCCCc2c(C(=O)NS(=O)(=O)CCNC(=O)c3ccoc3)[nH]c3ccccc23)cc(C)c1Cl,C19H24ClN3O3S,C27H28ClN3O6S,27,38,ChEMBL36 Standard InChI formula/connectivity and registry IDs,False,False,False,False,False
chembl_obvious_negative_0234,709865,2341953,CCCC(=O)N[C@@H](CC1CCCCC1)C(=O)NCCCNCCCCNCCCN,Clc1ccc2nc(/C=C/C=C/c3ccncc3)oc2c1,C23H47N5O2,C16H11ClN2O,30,20,ChEMBL36 Standard InChI formula/connectivity and registry IDs,False,False,False,False,False
chembl_obvious_negative_0235,2552322,260217,NC(=O)c1ccn(-c2ccc(NCC3(c4ncccc4F)CCC3)nn2)c1,CCN(Cc1csc(C(C)C)n1)C(=O)NCC(=O)N[C@@H](Cc1ccccc1)C[C@H](O)[C@H](Cc1ccccc1)NC(=O)OCc1cncs1,C19H19FN6O,C35H44N6O5S2,27,48,ChEMBL36 Standard InChI formula/connectivity and registry IDs,False,False,False,False,False
chembl_obvious_negative_0236,1837472,1240269,C/C(=N/O)C(c1c[nH]c2ccccc12)c1c[nH]c2ccccc12,CSCCC(c1nnnn1C1CCCCC1)N1CCC2(CC1)C(=O)NCN2c1ccccc1,C19H17N3O,C24H35N7OS,23,33,ChEMBL36 Standard InChI formula/connectivity and registry IDs,False,False,False,False,False
chembl_obvious_negative_0237,1450637,2440656,Cc1ccc(OCCCN2CCC(C(O)(c3ccccc3)c3ccccc3)CC2)cc1,Cc1ccccc1S(=O)(=O)NNC(=O)c1ccccc1F,C28H33NO2,C14H13FN2O3S,31,21,ChEMBL36 Standard InChI formula/connectivity and registry IDs,False,False,False,False,False
chembl_obvious_negative_0238,1308065,3174449,CC(C)(C)OC1=C(OC(C)(C)C)C(O)(c2ccccc2)C1=O,CN1CCC(N(C)c2ccc(Nc3nc(N[C@H]4CC[C@H](O)CC4)c4sccc4n3)cc2)CC1,C18H24O4,C25H34N6OS,22,33,ChEMBL36 Standard InChI formula/connectivity and registry IDs,False,False,False,False,False
chembl_obvious_negative_0239,274177,3282126,C/C(COc1c(-c2ccccc2)c(O)nc2cc(Cl)ccc12)=N\O,COC[C@@H](c1ccccc1)n1c(COC(C)C)nc(=O)c(S(=O)(=O)c2ccc(-c3ccccc3C(N)=O)c(F)c2)c1O,C18H15ClN2O3,C30H30FN3O7S,24,42,ChEMBL36 Standard InChI formula/connectivity and registry IDs,False,False,False,False,False
chembl_obvious_negative_0240,3044838,1609159,Cc1nc(N2CCOC3(CC3)C2)c2[nH]c(N)c(S(=O)(=O)c3ccccc3)c2n1,Cc1csc(N)c1C(=O)c1ccc(Cl)cc1,C19H21N5O3S,C12H10ClNOS,28,16,ChEMBL36 Standard InChI formula/connectivity and registry IDs,False,False,False,False,False
chembl_obvious_negative_0241,2587215,2374856,CC(C)N1CCC(N(C)c2ccc3nnc(C(F)(F)F)n3n2)CC1,CSCC[C@H](NC(=O)[C@H](CCC(=O)O)NC(=O)[C@H](Cc1c[nH]c2ccccc12)NC(=O)[C@H](CO)NC(=O)[C@H](CCCNC(=N)N)NC(=O)[C@H](CCCCN)NC(=O)[C@H](Cc1cnc[nH]1)NC(=O)[C@@H](NC(=O)[C@H](Cc1cnc[nH]1)NC(=O)[C@H](CC(C)C)NC(=O)[C@H](CCC(N)=O)NC(=O)[C@@H](NC(=O)[C@H](Cc1ccccc1)NC(=O)[C@H](Cc1c[nH]c2ccccc12)NC(=O)[C@@H]1CCCN1C(=O)[C@@H]1CCCN1C(=O)[C@H](CO)NC(=O)[C@H](C)NC(=O)[C@H](Cc1ccc(O)cc1)NC(=O)CNC(C)=O)C(C)C)C(C)C)C(=O)N[C@@H](C)C(N)=O,C15H21F3N6,C121H171N33O28S,24,183,ChEMBL36 Standard InChI formula/connectivity and registry IDs,False,False,False,False,False
chembl_obvious_negative_0242,1703875,1354925,COc1ccc(N2Cc3ccc(C(=O)N/N=C\c4ccc(O)cc4O)cc3C2)cc1,Nc1ncc(Br)c2c1ncn2[C@@H]1C[C@H](CO)[C@@H](O)[C@H]1O,C23H21N3O4,C12H15BrN4O3,30,20,ChEMBL36 Standard InChI formula/connectivity and registry IDs,False,False,False,False,False
chembl_obvious_negative_0243,87737,2907253,COc1ccc(Cc2cnc(N)nc2N)cc1OS(C)(=O)=O,O=C(c1ccc(-c2ccc3ncc(-c4cc5ccccc5s4)n3c2)cc1)N1CCOCC1,C13H16N4O4S,C26H21N3O2S,22,32,ChEMBL36 Standard InChI formula/connectivity and registry IDs,False,False,False,False,False
chembl_obvious_negative_0244,1360907,2408752,FC(F)(F)c1nc(NC2Cc3ccccc3C2)c2nnn(C[C@H]3CCCO3)c2n1,CC(C)c1nnc(CN2C[C@@H](C)[C@@](C)(O)C2)o1,C19H19F3N6O,C12H21N3O2,29,17,ChEMBL36 Standard InChI formula/connectivity and registry IDs,False,False,False,False,False
chembl_obvious_negative_0245,3117621,278164,CN(C)C(=O)c1cccc(-c2c(Cl)cc(Nc3n[nH]c(N)n3)cc2Cl)c1,CS(=O)(=O)NC(=O)c1ccccn1,C17H16Cl2N6O,C7H8N2O3S,26,13,ChEMBL36 Standard InChI formula/connectivity and registry IDs,False,False,False,False,False
chembl_obvious_negative_0246,2068777,1162503,Cc1nc2sc3ccccc3n2c1C(=O)NNC(=O)C1CCCCC1,COCCN1CCC(C(=O)NO)(S(=O)(=O)c2ccc(Oc3ccc(SC(F)(F)F)cc3)cc2)CC1,C18H20N4O2S,C22H25F3N2O6S2,25,35,ChEMBL36 Standard InChI formula/connectivity and registry IDs,False,False,False,False,False
chembl_obvious_negative_0247,141575,400794,COC1(c2cccc(OCc3ccc4ccccc4c3)c2)CC[S+]([O-])CC1,CC(C)C[C@@H]1NC(=O)[C@@H](CCCNC(=N)N)NC(=O)[C@@H]([C@@H](C)O)NC(=O)[C@H](NC(=O)[C@H]2NC(=O)[C@H](C)[C@@H]2C)[C@@H](C)OC(=O)[C@H](C)N(C)C(=O)[C@@H](Cc2ccc(O)cc2)NC(=O)[C@H](CCC(N)=O)N(C)C1=O,C23H24O3S,C46H72N12O13,27,71,ChEMBL36 Standard InChI formula/connectivity and registry IDs,False,False,False,False,False
chembl_obvious_negative_0248,1215344,2372861,COc1ccc(CCN2CC(C(=O)NCCN3CCNC3=O)CCC2=O)cc1,CC(C)OP(=O)(OC(C)C)C(NCCC[N+](C)(C)Cc1ccccc1)c1cc(C(C)(C)C)c(O)c(C(C)(C)C)c1.[Br-],C20H28N4O4,C33H55N2O4P.BrH,28,41,ChEMBL36 Standard InChI formula/connectivity and registry IDs,False,False,False,False,False
chembl_obvious_negative_0249,1105675,3143542,CN1CCN(S(=O)(=O)c2ccc3c(c2)oc(=O)n3C)CC1,CC(=O)N1CCN(c2ccc(NC(=O)Cc3cnc(-c4ccnc(F)c4)c(F)c3)nc2)CC1,C13H17N3O4S,C23H22F2N6O2,21,33,ChEMBL36 Standard InChI formula/connectivity and registry IDs,False,False,False,False,False
chembl_obvious_negative_0250,2661991,2318025,Cc1ccc(C(=O)N2CCC[C@@](O)(C(F)(F)F)C2)nc1C,CN(CCCCOc1ccc(/C=C2\COc3ccccc3C2=O)cc1)c1ccccc1,C14H17F3N2O2,C27H27NO3,21,31,ChEMBL36 Standard InChI formula/connectivity and registry IDs,False,False,False,False,False
chembl_obvious_negative_0251,258223,1990013,CCCCCCCCCCCCCCOc1ccccc1/C=C(\C)C(=O)O,CCCCN(CCCC)CCOc1ccc(Cn2c(-c3ccc(O)cc3)c(C)c3cc(O)ccc32)cc1,C24H38O3,C32H40N2O3,27,37,ChEMBL36 Standard InChI formula/connectivity and registry IDs,False,False,False,False,False
chembl_obvious_negative_0252,2889306,665998,CCOC(=O)C1CN(C(=O)N(CCN)Cc2ccc(Cl)cc2)CC1c1ccccc1,c1ccc2c(c1)CCCCC21NCc2ccccc21,C23H28ClN3O3,C18H19N,30,19,ChEMBL36 Standard InChI formula/connectivity and registry IDs,False,False,False,False,False
chembl_obvious_negative_0253,913254,2905260,CN1CCN(S(=O)(=O)c2ccc(NC(=O)Nc3cccc(Cl)c3)cc2)CC1,CC(=O)N1CCc2c(c(N3CCCc4cc(-c5cnn(C)c5)c(C(F)F)cc43)nn2C2CCN(C(=O)CNc3ccc4c(c3)C(=O)N(C3CCC(=O)NC3=O)C4=O)CC2)C1,C18H21ClN4O3S,C42H44F2N10O6,27,60,ChEMBL36 Standard InChI formula/connectivity and registry IDs,False,False,False,False,False
chembl_obvious_negative_0254,915248,459619,O=C(CNC(=O)c1ccccc1F)NCCN1C(=O)S/C(=C\c2ccccc2Cl)C1=O,O=C(CCN1CCCC1)Nc1nc(-c2ccccc2)cs1,C21H17ClFN3O4S,C16H19N3OS,31,21,ChEMBL36 Standard InChI formula/connectivity and registry IDs,False,False,False,False,False
chembl_obvious_negative_0255,1327009,2008956,CS(=O)(=O)NCCNc1cc(-c2c[nH]c3ncccc23)cc(Cl)n1,O=C(O)CCNC(=O)c1ccc(-c2cc(Cl)ccc2CNc2ccc(-c3cccc(F)c3)cc2)cn1,C15H16ClN5O2S,C28H23ClFN3O3,24,36,ChEMBL36 Standard InChI formula/connectivity and registry IDs,False,False,False,False,False
chembl_obvious_negative_0256,97706,2835468,CC[C@H](N)C(=O)N1CCN(CCCOc2ccc(C(=O)C3CC3)cc2)CC1,CC(C)(C)[C@H](NC(=O)[C@@H](NC(=O)CNC(=O)CC[C@H](NS(=O)(=O)c1ccc(Cl)c(C(F)(F)F)c1)C(=O)O)c1ccccc1)C(=O)N1CCC[C@H]1CC(N)=O,C21H31N3O3,C34H42ClF3N6O9S,27,54,ChEMBL36 Standard InChI formula/connectivity and registry IDs,False,False,False,False,False
chembl_obvious_negative_0257,136589,1607164,CCc1cc(CNc2cc(CC)c(C)nc2O)c(OC)cc1C,CCCCNc1ncc(-c2ccc(CN3CCC(F)(F)CC3)cn2)c(N[C@H]2CC[C@H](O)CC2)n1,C19H26N2O2,C25H36F2N6O,23,34,ChEMBL36 Standard InChI formula/connectivity and registry IDs,False,False,False,False,False
chembl_obvious_negative_0258,1679947,2861391,CN(C)c1ccc(/C=N/CC2COc3ccccc3O2)cc1,O=c1nc(-c2ccc(CN3CCN(c4ccc([N+](=O)[O-])cc4)CC3)cc2)cc(-c2ccccc2)[nH]1,C18H20N2O2,C27H25N5O3,22,35,ChEMBL36 Standard InChI formula/connectivity and registry IDs,False,False,False,False,False
chembl_obvious_negative_0259,276169,678958,CC(O)(C(=O)Nc1ccc([C@@H](O)c2ccccc2)cc1)C(F)(F)F,Cn1nnnc1SCC1=C(C(=O)O)N2C(=O)[C@@H](NC(=O)C(C(=O)O)c3ccc(O)cc3)C2SC1,C17H16F3NO3,C19H18N6O7S2,24,34,ChEMBL36 Standard InChI formula/connectivity and registry IDs,False,False,False,False,False
chembl_obvious_negative_0260,34897,3153511,CCc1ccc(OC(=O)c2ccccc2)c(C(=O)c2ccc(Cl)cc2)c1,C[C@H](NC(=O)[C@@H](CCc1ccccc1)NCc1ccc(OCC(=O)O)cc1)C(=O)NCc1ccc(C(=N)N)cc1,C22H17ClO3,C30H35N5O5,26,40,ChEMBL36 Standard InChI formula/connectivity and registry IDs,False,False,False,False,False
chembl_obvious_negative_0261,2731782,2963084,CC1=CC(=O)[C@@](C)(O)C(=O)/C1=C\Nc1cccc(OC(F)(F)F)c1,COc1nc2ccc([C@](O)(c3ccnc(C(F)(F)F)c3)c3cncn3C)cc2c(Cl)c1CCC(F)(F)F,C16H14F3NO4,C24H19ClF6N4O2,24,37,ChEMBL36 Standard InChI formula/connectivity and registry IDs,False,False,False,False,False
chembl_obvious_negative_0262,136590,3249224,CCc1ccc(OC)c(CNc2cc(CC)c(C)nc2O)c1,CC(=O)NC1CCCC(COc2nc(Nc3ccc(N4CCOCC4)cc3)ncc2F)CC1,C18H24N2O2,C24H32FN5O3,22,33,ChEMBL36 Standard InChI formula/connectivity and registry IDs,False,False,False,False,False
chembl_obvious_negative_0263,524422,688928,CCCCCCCCNCc1c(O)ccc2ccccc12.Cl,COCCn1c(-c2ccc(C(C)C)cc2)nc2c(Br)c(Cc3ccc(C)c(C)c3)cc(OC)c21,C19H27NO.ClH,C29H33BrN2O2,22,34,ChEMBL36 Standard InChI formula/connectivity and registry IDs,False,False,False,False,False
chembl_obvious_negative_0264,1832488,3070760,CC1CC(=O)N(C(C)C(=O)NCc2ccc(Cl)cc2)C1=O,COc1ncccc1-c1cc(N2CCOC[C@H]2C)nc2c(-c3ccn[nH]3)ncc(C)c12,C15H17ClN2O3,C23H24N6O2,21,31,ChEMBL36 Standard InChI formula/connectivity and registry IDs,False,False,False,False,False
chembl_obvious_negative_0265,330009,98703,CCCC1(CCCNC)Cc2ccccc2N(c2ccc(C)cc2)C1=O,CC[C@H](C)[C@H](NC(=O)CNC(=O)[C@H](CCCCN)NC(=O)[C@H](CC(C)C)NC(=O)[C@H](NC(C)=O)C1c2ccccc2CCc2ccccc21)C(=O)N[C@@H](Cc1c[nH]c2ccccc12)C(=O)O,C23H30N2O,C50H66N8O8,26,66,ChEMBL36 Standard InChI formula/connectivity and registry IDs,False,False,False,False,False
chembl_obvious_negative_0266,1868380,901288,Cc1[nH]nc2ncc(C(=O)N3CCCC3c3noc(C(C)C)n3)cc12,COc1cccc(Cn2c(=O)n(CCc3ccccc3)c(=O)c3c2c2cc(OC)ccc2n3C)c1,C17H20N6O2,C28H27N3O4,25,35,ChEMBL36 Standard InChI formula/connectivity and registry IDs,False,False,False,False,False
chembl_obvious_negative_0267,1140569,2258206,CCOC(=O)c1oc2ccc(OC(C)=O)c(CNC(C)=O)c2c1NC(C)=O,Cc1ccc2c(c1)C(=O)N([C@H](C(=O)N[C@@H](Cc1ccccc1)[C@H](O)CN1CCN(C[C@H](O)[C@@H](Cc3ccccc3)NC(=O)[C@H](C(C)C)N3C(=O)c4ccc(C)cc4C3=O)CC1)C(C)C)C2=O,C18H20N2O7,C52H62N6O8,27,66,ChEMBL36 Standard InChI formula/connectivity and registry IDs,False,False,False,False,False
chembl_obvious_negative_0268,3068768,335991,CN(C)CCN(Cc1ccc(CO)cc1)C(=S)Nc1cccc2cnccc12,O=C(CCCCC[S+]([O-])c1ccc(Cl)cc1)NO,C22H26N4OS,C12H16ClNO3S,28,18,ChEMBL36 Standard InChI formula/connectivity and registry IDs,False,False,False,False,False
chembl_obvious_negative_0269,2364884,1527405,COP(C)(=O)NCCNc1nonc1/C(=N/O)Nc1cccc(Cl)c1,C[C@@H]1CC[C@@]2(OC1)O[C@H]1C[C@H]3[C@@H]4CC[C@H]5C[C@@H](O[C@@H]6O[C@H](CO)[C@H](O[C@@H]7O[C@H](CO)[C@@H](O)[C@H](O)[C@H]7O)[C@H](O)[C@H]6O[C@@H]6O[C@@H](C)[C@H](O)[C@@H](O)[C@H]6O)[C@H](O)C[C@]5(C)[C@H]4CC[C@]3(C)[C@H]1[C@@H]2C,C13H18ClN6O4P,C45H74O18,25,63,ChEMBL36 Standard InChI formula/connectivity and registry IDs,False,False,False,False,False
chembl_obvious_negative_0270,2263191,940173,Cc1cccc2c1OP(=O)(OC[C@@H]1C=C[C@H](n3cnc4c(=O)[nH]cnc43)O1)OC2,CC(=O)OC[C@@H]1O[C@@H](O/N=C2/C[C@@H](O)[C@@H](O)[C@@H]3[C@@H]4C(=O)N(c5cccc(Oc6ccccc6)c5)C(=O)[C@H]4CC[C@H]23)[C@H](OC(C)=O)[C@H](OC(C)=O)[C@@H]1OC(C)=O,C18H17N4O6P,C38H42N2O15,29,55,ChEMBL36 Standard InChI formula/connectivity and registry IDs,False,False,False,False,False
chembl_obvious_negative_0271,1175465,1778648,CC(C)N/C(=N\C1=NCCN1C(C)C)Nc1ccc(Cl)c(Cl)c1,C[C@H](O)CNc1nccc(-n2ccnc2C(=O)c2ccc(NC(=O)c3ccc(Cl)cc3)cc2)n1,C16H23Cl2N5,C24H21ClN6O3,23,34,ChEMBL36 Standard InChI formula/connectivity and registry IDs,False,False,False,False,False
chembl_obvious_negative_0272,1617134,2791602,CCOC(=O)c1nc(NC(=O)c2ccc(C)cc2)nc2nn(CC(C)(C)C)cc12,COc1c(N2C[C@H]3CCCN(S(=O)(=O)c4ccc(F)cc4)[C@H]3C2)c(F)cc2c(=O)c(C(=O)O)cn(C3CC3)c12,C21H25N5O3,C27H27F2N3O6S,29,39,ChEMBL36 Standard InChI formula/connectivity and registry IDs,False,False,False,False,False
chembl_obvious_negative_0273,2376850,845456,CCCCOc1cc(Cl)cc(OCCCC)c1/N=N/c1c(O)ccc2ccccc12,c1ccc(Oc2nc3ccccc3n3cccc23)cc1,C24H27ClN2O3,C17H12N2O,30,20,ChEMBL36 Standard InChI formula/connectivity and registry IDs,False,False,False,False,False
chembl_obvious_negative_0274,1240270,2908251,Cc1ccccc1-c1c[nH]c(C(O)c2ccc(C(C)(C)C)cc2)n1,CC1(C)C(=O)N(c2ccc(C#N)c(C(F)(F)F)c2)C(=O)N1CC(=O)Nc1cccc2cccnc12,C21H24N2O,C24H18F3N5O3,24,35,ChEMBL36 Standard InChI formula/connectivity and registry IDs,False,False,False,False,False
chembl_obvious_negative_0275,710862,535390,O=C(Nc1ccc(-n2nc(-c3cccnc3)cc2C(F)(F)F)cn1)c1ccccc1,COc1ccc2nc(N=C3NC4(c5ccccc5)NC(=Nc5nc6ccc(OC)cc6[nH]5)NC4(c4ccccc4)N3)[nH]c2c1,C21H14F3N5O,C32H28N10O2,30,44,ChEMBL36 Standard InChI formula/connectivity and registry IDs,False,False,False,False,False
chembl_obvious_negative_0276,3009944,3023902,CC(C)c1c(-c2ccc(CO)cc2)[nH]c2ncnn2c1=O,NC(=O)c1c(-c2cccc(F)c2)nn2c1CN(C(=O)Nc1cc(C(F)(F)F)ccc1Cl)CC2,C15H16N4O2,C21H16ClF4N5O2,21,33,ChEMBL36 Standard InChI formula/connectivity and registry IDs,False,False,False,False,False
chembl_obvious_negative_0277,106680,3250221,O=C(O)c1ccc(-c2cccc(-c3ccc(C(=O)O)cc3)c2)cc1,CCCCc1nc(=O)c(S(=O)(=O)c2ccc(-c3ccncc3C)cc2)c(O)n1[C@H](C)c1ccc(OC)cc1,C20H14O4,C29H31N3O5S,24,38,ChEMBL36 Standard InChI formula/connectivity and registry IDs,False,False,False,False,False
chembl_obvious_negative_0278,2688909,3167469,CCCc1cnc(C)nc1N1CCC2(CC1)C(=O)NCCN2C,CC(N(C)C1CCC(C(=O)N2Cc3cccnc3Nc3ccc(N4CCOCC4)cc32)CC1)C(F)(F)F,C17H27N5O,C27H34F3N5O2,23,37,ChEMBL36 Standard InChI formula/connectivity and registry IDs,False,False,False,False,False
chembl_obvious_negative_0279,753733,1157519,CCC(=O)NC(=S)Nc1ccc(NC(=O)c2ccc([N+](=O)[O-])cc2Cl)cc1,CO[C@H]1O[C@@H](O[C@H]2[C@H](O[C@@H]3O[C@@H](C)[C@@H](O)[C@@H](O)[C@@H]3O)[C@@H](NC(=O)c3ccc4ccccc4c3)[C@H](OCCCc3cccc(CCCO[C@@H]4O[C@H](CO)[C@@H](O[C@@H]5O[C@H](OC)[C@H](O)[C@H](O[C@]6(C(=O)O)C[C@H](O)[C@@H](NC(C)=O)[C@H]([C@H](O)[C@H](O)CO)O6)[C@H]5O)[C@H](O[C@@H]5O[C@@H](C)[C@@H](O)[C@@H](O)[C@@H]5O)[C@H]4NC(=O)c4ccc5ccccc5c4)c3)O[C@@H]2CO)[C@H](O)[C@@H](O[C@]2(C(=O)O)C[C@H](O)[C@@H](NC(C)=O)[C@H]([C@H](O)[C@H](O)CO)O2)[C@H]1O,C17H15ClN4O4S,C92H126N4O46,27,142,ChEMBL36 Standard InChI formula/connectivity and registry IDs,False,False,False,False,False
chembl_obvious_negative_0280,3154508,519437,COc1ccc(CNc2nc3nc(C)cc(C4CCCOC4)n3n2)cc1,Cc1cccc(C(=O)Nc2ccc3c(c2)C[C@H](NCc2nccs2)C3)c1-c1ccc(C(F)(F)F)cc1,C19H23N5O2,C28H24F3N3OS,26,36,ChEMBL36 Standard InChI formula/connectivity and registry IDs,False,False,False,False,False
chembl_obvious_negative_0281,1353926,2086721,COCCCNC(=O)c1cn2cc(-c3cnc(N)nc3)nc(N3CCOCC3)c2n1,O=C1/C(=C/c2ccco2)COc2ccccc21,C19H24N8O3,C14H10O3,30,17,ChEMBL36 Standard InChI formula/connectivity and registry IDs,False,False,False,False,False
chembl_obvious_negative_0282,2405761,1422719,COc1ccc(/C=C/C(=O)c2ccc(O)c(O)c2O)cc1,O=C(/C=C/c1ccc(O)c(O)c1)O[C@@H](C(=O)O)[C@@H](O)COC(=O)c1cc(O)c(O)c(O)c1,C16H14O5,C20H18O12,21,32,ChEMBL36 Standard InChI formula/connectivity and registry IDs,False,False,False,False,False
chembl_obvious_negative_0283,1440667,281156,O=C(N[C@@H]1C2CCN(CC2)[C@H]1Cc1cccnc1)c1cccc(Cl)n1,N=C(N)NCCCC(NS(=O)(=O)c1cccc2ccccc12)C(=O)N1CCC(c2ccccc2)CC1,C19H21ClN4O,C27H33N5O3S,25,36,ChEMBL36 Standard InChI formula/connectivity and registry IDs,False,False,False,False,False
chembl_obvious_negative_0284,163508,2509451,Nc1nc(NCC2CCCCC2)c2c(n1)NCC(c1ccc(Cl)cc1)N2,Fc1cccc(-c2cccc(CBr)c2Br)c1,C19H25ClN6,C13H9Br2F,26,16,ChEMBL36 Standard InChI formula/connectivity and registry IDs,False,False,False,False,False
chembl_obvious_negative_0285,1681940,497505,Cc1cc(N/N=C/c2ccc(N(C)C)cc2)c2ccccc2n1,O=C(Nc1ccc(-n2ccccc2=O)cn1)[C@H]1C[C@](O)(c2ccccc2Cl)CN1C(=O)Nc1ccc(Cl)cc1,C19H20N4,C28H23Cl2N5O4,23,39,ChEMBL36 Standard InChI formula/connectivity and registry IDs,False,False,False,False,False
chembl_obvious_negative_0286,1753723,2002973,CCCCOc1cc(C(=O)N2CCCC2)nn1-c1ccccc1,O=C(Cc1cccc(CN2CCNCC2)c1)Nc1nnc(CCCCc2nnc(NC(=O)Cc3cccc(CN4CCNCC4)c3)s2)s1,C18H23N3O2,C34H44N10O2S2,23,48,ChEMBL36 Standard InChI formula/connectivity and registry IDs,False,False,False,False,False
chembl_obvious_negative_0287,2612142,936184,Cc1cccc(OC2CCN(C(=O)c3cnn4ccccc34)CC2)c1,CC[C@H](C)[C@H](NC(=O)[C@@H]1CCCN1C(=O)[C@H](CCC(=O)O)NC(=O)[C@@H](NC(=O)[C@H](Cc1ccccc1)NC(=O)[C@@H]1CCCN1C(=O)[C@@H](N)Cc1ccc(O)cc1)C(C)C)C(=O)O,C20H21N3O2,C44H61N7O11,25,62,ChEMBL36 Standard InChI formula/connectivity and registry IDs,False,False,False,False,False
chembl_obvious_negative_0288,1438672,2035875,Cc1ncc(CO)c2c(Nc3ccccn3)c(NCCC(=O)OC(C)(C)C)oc12,CCNC(=O)c1c(-c2ccc(Cl)c(Cl)c2)csc1N,C21H26N4O4,C13H12Cl2N2OS,29,19,ChEMBL36 Standard InChI formula/connectivity and registry IDs,False,False,False,False,False
chembl_obvious_negative_0289,786635,2252224,CCCCCC(=O)Nc1cccc(S(=O)(=O)NC2=NCCCCC2)c1,Cc1cc(N=S2(=O)CCC2)cc2ncnc(Nc3ccc(F)cc3O[C@H](C)C(=O)NCCCF)c12,C18H27N3O3S,C24H27F2N5O3S,25,35,ChEMBL36 Standard InChI formula/connectivity and registry IDs,False,False,False,False,False
chembl_obvious_negative_0290,60818,317048,NC(=O)c1cn(-c2ccc(C(F)(F)F)cc2)c2cc(-c3ccncc3)ccc2c1=O,C=C1C(=O)O[C@@H]2/C=C(/C)CC/C=C(/C)CC[C@@]12O,C22H14F3N3O2,C15H20O3,30,18,ChEMBL36 Standard InChI formula/connectivity and registry IDs,False,False,False,False,False
chembl_obvious_negative_0291,1284136,1274166,Cc1ccc2c(c1)[C@@H]1c3cc(O)c(O)cc3OC[C@H]1NC2,Cc1ccc(Cl)cc1Nc1nc(NC(C)C)nc(N2CCN(CCN(C)C)CC2)n1.Cl,C17H17NO3,C21H33ClN8.ClH,21,31,ChEMBL36 Standard InChI formula/connectivity and registry IDs,False,False,False,False,False
chembl_obvious_negative_0292,2476549,3053811,C[C@@H]1CN(c2snc3ccc(-c4ccc(F)cc4)nc23)C[C@H](C)O1,CC(=O)c1nn(CC(=O)N2[C@H]3C[C@]4(C[C@@H]24)CN(C)C/C=C\COCc2ccc(Br)nc2NC3=O)c2ccc(-c3cnc(C)nc3)cc12,C18H18FN3OS,C34H35BrN8O4,24,47,ChEMBL36 Standard InChI formula/connectivity and registry IDs,False,False,False,False,False
chembl_obvious_negative_0293,2705860,1683933,O=S(=O)(c1cccc2nsnc12)N1CC[C@@H]2COCCN(Cc3cccnc3)[C@@H]2C1,Cc1ccc(/C=N/n2cnc3sc(C)c(C)c3c2=O)o1,C20H23N5O3S2,C14H13N3O2S,30,20,ChEMBL36 Standard InChI formula/connectivity and registry IDs,False,False,False,False,False
chembl_obvious_negative_0294,272183,997002,CN(C)CCNC(=O)c1cccc2nc3ccc4c(O)cccc4c3nc12,O=C(OC(c1ccc(NS(=O)(=O)c2ccccc2)cc1)(C(F)(F)F)C(F)(F)F)c1ccc([N+](=O)[O-])cc1,C21H20N4O2,C22H14F6N2O6S,27,37,ChEMBL36 Standard InChI formula/connectivity and registry IDs,False,False,False,False,False
chembl_obvious_negative_0295,1866386,2911241,Cn1cc(C(=O)N2CCCC(Cc3cccc4ncccc34)C2)cn1,Cc1ccccc1NC(=O)/C=C/c1ccc(COC(Cn2ccnc2)c2ccc(Cl)cc2Cl)cc1,C20H22N4O,C28H25Cl2N3O2,25,35,ChEMBL36 Standard InChI formula/connectivity and registry IDs,False,False,False,False,False
chembl_obvious_negative_0296,1993005,2884323,Cc1ncc(C#Cc2c(C)ncnc2N2CCOCC2)cc1NS(=O)(=O)N1CCCC1,O=C(Nc1nccc(N2CCNCC2)n1)C1CCCC1,C21H26N6O3S,C14H21N5O,31,20,ChEMBL36 Standard InChI formula/connectivity and registry IDs,False,False,False,False,False
chembl_obvious_negative_0297,1824511,3104658,COc1ccccc1-c1cccc2nc(NC(=O)C3CC3)nn12,Cn1nccc1Nc1nccc(-c2cc3n4c(nnc4c2)C(Oc2cncc(F)c2)CCO3)n1,C17H16N4O2,C22H18FN9O2,23,34,ChEMBL36 Standard InChI formula/connectivity and registry IDs,False,False,False,False,False
chembl_obvious_negative_0298,942165,2128597,CC(C)C(NS(=O)(=O)c1ccc2c(c1)OCCCO2)C(=O)O,Cc1cc(Nc2nccc(C(F)(F)F)n2)cc(-c2ccc(OCc3cn(C)cn3)c(C(=O)O)c2)c1,C14H19NO6S,C24H20F3N5O3,22,35,ChEMBL36 Standard InChI formula/connectivity and registry IDs,False,False,False,False,False
chembl_obvious_negative_0299,2419720,1941161,N#CC(C#N)=NNc1ccccc1Oc1ccc(Cl)cc1Cl,CCCCCCCCCCCCCC[N+](C)(C)CCN(C)CCN(C)CC[N+](C)(C)CCCCCCCCCCCC,C15H8Cl2N4O,C38H84N4,22,42,ChEMBL36 Standard InChI formula/connectivity and registry IDs,False,False,False,False,False
chembl_obvious_negative_0300,2656009,2651025,Cc1ccc2c(c1)N(Cc1ccccc1F)N=C(C(=O)N1CCCCCC1)S2(=O)=O,CCC[C@H](C)C(=O)Nc1ccc(F)c(Cl)c1,C22H24FN3O3S,C12H15ClFNO,30,16,ChEMBL36 Standard InChI formula/connectivity and registry IDs,False,False,False,False,False
chembl_obvious_negative_0301,2632080,3081728,Cc1nc(N)ncc1C(=O)N1CCN(Cc2ccc3c(c2)OCO3)C(=O)C1,Nc1ncnc2c1c(-c1ccc(Oc3c(F)c(F)cc(F)c3F)cc1F)nn2[C@@H]1CCN(C(=O)C(=O)C2CC2)C1,C18H19N5O4,C26H19F5N6O3,27,40,ChEMBL36 Standard InChI formula/connectivity and registry IDs,False,False,False,False,False
chembl_obvious_negative_0302,1864392,3212336,CCn1ncc(S(=O)(=O)N2CCCC3(CC=CNC3=O)C2)c1C,CCn1cc(Nc2cc(-c3ccc4cc(C#N)cnn34)ncc2C(=O)NC[C@@H](F)C(C)(C)O)cn1,C15H22N4O3S,C24H25FN8O2,23,35,ChEMBL36 Standard InChI formula/connectivity and registry IDs,False,False,False,False,False
chembl_obvious_negative_0303,2161496,2837463,C[C@@H]1CN(c2nc(NC3CC3)n3ncc(/C=C4\NC(=O)NC4=O)c3n2)C[C@H](C)N1,C#CCOC(=O)[C@]12CC[C@@H](C(=C)C)[C@@H]1[C@H]1CC[C@@H]3[C@@]4(C)Cc5nccnc5C(C)(C)[C@@H]4CC[C@@]3(C)[C@]1(C)CC2,C18H23N9O2,C35H48N2O2,29,39,ChEMBL36 Standard InChI formula/connectivity and registry IDs,False,False,False,False,False
chembl_obvious_negative_0304,871378,11964,Cc1sc2nc3c(C(=O)N4CCN(c5ccccn5)CC4)cccn3c(=O)c2c1C,COCCCNC(=O)Nc1ccc(S(=O)(=O)Nc2ccc(CCNC[C@H](O)COc3ccc(O)cc3)cc2)cc1,C22H21N5O2S,C28H36N4O7S,30,40,ChEMBL36 Standard InChI formula/connectivity and registry IDs,False,False,False,False,False
chembl_obvious_negative_0305,304086,2294099,CCOC(=O)N1CCC(c2ccccc2)(S(=O)(=O)c2ccc(Cl)cc2)CC1,CCc1cccc(-c2c(F)cccc2C(O)(CCCNC(=O)OC)[C@@H]2CCCN(C(=O)CC[C@@H](N)CO)C2)c1,C20H22ClNO4S,C30H42FN3O5,27,39,ChEMBL36 Standard InChI formula/connectivity and registry IDs,False,False,False,False,False
chembl_obvious_negative_0306,3019913,723823,COc1ccc(-c2c(-c3ccc(C#N)c(F)c3)nc(N3CC(CN)C3)n(C)c2=O)cc1,CCc1ccc(C(=O)COC(=O)c2cccnc2Cl)cc1,C23H22FN5O2,C16H14ClNO3,31,21,ChEMBL36 Standard InChI formula/connectivity and registry IDs,False,False,False,False,False
chembl_obvious_negative_0307,1443657,1215345,O=c1[nH]c(=O)c(Cc2cccc(Cl)c2Cl)c([C@H]2CC[C@@H](c3ccccc3)CC2)[nH]1,COc1ccc(C(=O)N/N=C/c2ccccn2)cc1,C23H22Cl2N2O2,C14H13N3O2,29,19,ChEMBL36 Standard InChI formula/connectivity and registry IDs,False,False,False,False,False
chembl_obvious_negative_0308,918237,566296,COc1ccc(C(=O)NNC(=S)NC(=O)c2ccco2)cc1,O=C(CN(CCCNc1ccnc2cc(Cl)ccc12)C(=O)c1cnccn1)C1CCCCC1,C14H13N3O4S,C25H28ClN5O2,22,33,ChEMBL36 Standard InChI formula/connectivity and registry IDs,False,False,False,False,False
chembl_obvious_negative_0309,2885319,1264196,O=c1c2cc([N+](=O)[O-])ccc2ncn1Cc1ccc(F)cc1,COc1ccc(/C=N/n2c(C)nc3c(cnn3S(=O)(=O)c3ccc(Cl)cc3)c2=O)cc1OC,C15H10FN3O3,C21H18ClN5O5S,22,33,ChEMBL36 Standard InChI formula/connectivity and registry IDs,False,False,False,False,False
chembl_obvious_negative_0310,866394,260219,O=C(Nc1ccc(Br)cc1F)C(NS(=O)(=O)c1cccc2nsnc12)c1ccccc1,C[C@H](O)C1=C[C@@H](n2cnc3c(N)nccc32)[C@H](O)[C@@H]1O,C20H14BrFN4O3S2,C13H16N4O3,31,20,ChEMBL36 Standard InChI formula/connectivity and registry IDs,False,False,False,False,False
chembl_obvious_negative_0311,997997,1072774,Cn1c(=O)[nH]c(=O)c2c1nc(Sc1ccccc1)n2CCc1ccccc1,CC[C@H]1OC(=O)[C@H](C)[C@@H](O[C@H]2C[C@@](C)(OC)[C@@H](O)[C@H](C)O2)[C@H](C)[C@@H](O[C@@H]2O[C@H](C)C[C@H](N(C)C)[C@H]2O)[C@](C)(O)C[C@@H](C)CN(CCCNC(=S)NCC(C)C)[C@H](C)[C@@H](O)[C@]1(C)O,C20H18N4O2S,C45H86N4O12S,27,62,ChEMBL36 Standard InChI formula/connectivity and registry IDs,False,False,False,False,False
chembl_obvious_negative_0312,2286123,906275,COC(=O)c1sc(N2CCOCC2)cc1OCCc1ccccc1,COc1cccc(-c2cc(C(F)(F)F)n3nc(C(=O)Nc4c(C)n(C)n(-c5ccccc5)c4=O)cc3n2)c1,C18H21NO4S,C26H21F3N6O3,24,38,ChEMBL36 Standard InChI formula/connectivity and registry IDs,False,False,False,False,False
chembl_obvious_negative_0313,2071768,2322015,COc1ccc(C2=NN3C(=O)C(C)Oc4ccccc4C3C2)cc1,CN(CC(=O)N(Cc1ccc(C2CCCCC2)cc1)c1ccc(C(=O)O)cc1Cl)S(=O)(=O)c1c(F)c(F)c(F)c(F)c1F,C19H18N2O3,C29H26ClF5N2O5S,24,43,ChEMBL36 Standard InChI formula/connectivity and registry IDs,False,False,False,False,False
chembl_obvious_negative_0314,502489,471583,COc1c(O)cc2c(c1OC)-c1c(cc3c(c1OC)OCO3)C[C@H](C)[C@H](C)[C@@H]2O,Cc1nss/c1=N\c1ccccc1,C22H26O7,C9H8N2S2,29,13,ChEMBL36 Standard InChI formula/connectivity and registry IDs,False,False,False,False,False
chembl_obvious_negative_0315,2036873,3087709,Cc1nc2nc(CCc3nc(-c4ccccc4)cn3C)nn2c(C)c1C,CC(C)c1ncccc1-c1ncc2[nH]c(=O)n([C@@H](C)c3ccc(-c4nc(C(F)(F)F)cn4C)cc3)c2n1,C20H22N6,C26H24F3N7O,26,37,ChEMBL36 Standard InChI formula/connectivity and registry IDs,False,False,False,False,False
chembl_obvious_negative_0316,2295094,398802,COc1cccc(NC(C(=O)c2c[nH]c3ccccc23)c2ccco2)c1,CC(C)N1C(=O)[C@H](NC(=O)N2CCC(N3Cc4ccccc4NC3=O)CC2)N=C(c2ccccc2)c2ccccc21,C21H18N2O3,C32H34N6O3,26,41,ChEMBL36 Standard InChI formula/connectivity and registry IDs,False,False,False,False,False
chembl_obvious_negative_0317,1001986,1442660,Cc1ccc(S(=O)(=O)c2nc(S(C)(=O)=O)sc2N2CCN(C)CC2)cc1,CC(C)C(=O)N[C@@H](Cc1ccc2c(c1)OCO2)[C@H](O)CN[C@H]1CC2(CCC2)Oc2ncc(CC(C)(C)C)cc21,C16H21N3O4S3,C31H43N3O5,26,39,ChEMBL36 Standard InChI formula/connectivity and registry IDs,False,False,False,False,False
chembl_obvious_negative_0318,2740755,1501484,Cc1ccc2c(CNCC3(N4CCCC4)COC3)c[nH]c2c1,FC(F)(F)c1cccc(-n2cc(Cn3c4ccccc4c4nc5ccccc5nc43)nn2)c1,C18H25N3O,C24H15F3N6,22,33,ChEMBL36 Standard InChI formula/connectivity and registry IDs,False,False,False,False,False
chembl_obvious_negative_0319,1147549,1704871,CN1C(=O)/C(=N\NC(=O)c2ccc(Cl)cc2)c2ccccc21,COc1cc(OC)cc(-n2c(C)nc(C(=O)NCCCN3CCN(c4cccc(C)c4C)CC3)c2C)c1.Cl.Cl,C16H12ClN3O2,C29H39N5O3.2ClH,22,38,ChEMBL36 Standard InChI formula/connectivity and registry IDs,False,False,False,False,False
chembl_obvious_negative_0320,892317,117646,COc1ccccc1CNC(=O)CC1C(=O)NCCN1C1Cc2ccccc2C1,CCCCCCOc1nonc1C1=CCCN(C)C1,C23H27N3O3,C14H23N3O2,29,19,ChEMBL36 Standard InChI formula/connectivity and registry IDs,False,False,False,False,False
chembl_obvious_negative_0321,2272164,2592202,Nc1c(C(=O)Nc2ccccc2)sc2nc(-c3cccs3)ccc12,O=C1C2ON(c3ccccc3)C(c3cccc4ccccc34)C2C(=O)N1c1c(Cl)cccc1Cl,C18H13N3OS2,C27H18Cl2N2O3,24,34,ChEMBL36 Standard InChI formula/connectivity and registry IDs,False,False,False,False,False
chembl_obvious_negative_0322,1266190,2292103,O=C(Nc1cccc(Nc2cc3c(=O)[nH][nH]c(=O)c3cc2Cl)c1)c1cccc(Cl)c1,NC(Cc1ccc(Cl)c(-c2ccc(O)cc2)c1)C(=O)O,C21H14Cl2N4O3,C15H14ClNO3,30,20,ChEMBL36 Standard InChI formula/connectivity and registry IDs,False,False,False,False,False
chembl_obvious_negative_0323,1918228,715846,Cc1noc(C)c1CN1CC[C@H]2OCC[C@@]2(C(=O)NCC2CC2)C1.O=C(O)C(F)(F)F,CC(C)(F)C[C@H](N[C@@H](c1ccc(-c2ccc(S(C)(=O)=O)cc2)cc1)C(F)(F)F)C(=O)N[C@H](C#N)Cc1ccccc1,C18H27N3O3.C2HF3O2,C30H31F4N3O3S,31,41,ChEMBL36 Standard InChI formula/connectivity and registry IDs,False,False,False,False,False
chembl_obvious_negative_0324,3235265,671978,CNS(=O)(=O)C[C@H]1CC[C@H](Nc2nc(N)ncc2-c2ccccc2)CC1,c1ccc(Cc2cc[n+](CCCCCCCCCCCC[n+]3ccc(Cc4ccccc4)cc3)cc2)cc1,C18H25N5O2S,C36H46N2,26,38,ChEMBL36 Standard InChI formula/connectivity and registry IDs,False,False,False,False,False
chembl_obvious_negative_0325,2493499,806575,C[C@@H]1N[C@@]2(C(=O)Nc3cc(Cl)ccc32)[C@@H](c2cccc(Cl)c2)[C@@H]1N,O=C(O)/C=C\C(=O)NC1CCCCC1,C18H17Cl2N3O,C10H15NO3,24,14,ChEMBL36 Standard InChI formula/connectivity and registry IDs,False,False,False,False,False
chembl_obvious_negative_0326,163509,2450626,COc1ccc([C@@H]2[C@@H](CCCc3ccccc3)S(=O)(=O)N2c2ccccc2)cc1,CC(C)(O)CCC[C@@](C)(O)[C@H]1CC[C@]2(C)[C@@H]1[C@H](O)C[C@@H]1[C@@]3(C)C/C(=C\c4cccc(F)c4)C(=O)C(C)(C)[C@@H]3CC[C@]12C,C24H25NO3S,C37H55FO4,29,42,ChEMBL36 Standard InChI formula/connectivity and registry IDs,False,False,False,False,False
chembl_obvious_negative_0327,992017,1614145,COc1nc(N(C)S(=O)(=O)c2ccc(C)cc2)nc(C)c1Br,CC(/C=C/[C@@H]1C[C@]2(CO2)CC(C)(C)O1)=C\C[C@H]1CC[C@@H](NC(=O)/C=C\[C@H](C)OC(N)=O)CC1,C14H16BrN3O3S,C26H40N2O5,22,33,ChEMBL36 Standard InChI formula/connectivity and registry IDs,False,False,False,False,False
chembl_obvious_negative_0328,2356908,1544355,Cc1cc(C#N)cc(C)c1Oc1nc(Nc2ccc(C#N)c(F)c2)nc2c1CSC2,CC[C@H](C)[C@H](NC(=O)[C@H](C)NC(=O)[C@@H](NC(=O)[C@H](CCC(N)=O)NC(=O)[C@H]1CCCN1C(=O)[C@H](Cc1ccccc1)NC(=O)[C@@H](N[C@@H](Cc1c[nH]cn1)C(=O)NC(CCCCN)C(=O)[C@@H]1CCCN1C(=O)[C@H](CC(N)=O)NC(=O)[C@H](Cc1ccccc1)NC(=O)[C@H](CC(=O)O)NC(=O)[C@H](CCC(N)=O)NC(=O)[C@@H](NC(=O)[C@H](Cc1ccc(O)cc1)NC(=O)[C@@H](NC(=O)CNC(=O)[C@H](CC(C)C)NC(=O)[C@H](CCSC)NC(=O)[C@H](CS)NC(=O)[C@@H](NC(=O)[C@H](CO)NC(=O)[C@H](CC(C)C)NC(=O)[C@H](CC(N)=O)NC(=O)CNC(=O)[C@@H](N)CS)[C@@H](C)O)[C@@H](C)O)[C@@H](C)O)[C@@H](C)O)[C@@H](C)O)C(=O)NCC(=O)N[C@H](C(=O)NCC(=O)N[C@@H](C)C(=O)N1CCC[C@@H]1C(N)=O)C(C)C,C22H16FN5OS,C146H225N39O44S3,30,232,ChEMBL36 Standard InChI formula/connectivity and registry IDs,False,False,False,False,False
chembl_obvious_negative_0329,3002966,2351925,CCn1cc(-c2cn(-c3ccc(OC(F)(F)F)cc3)c(=O)c3c2ncn3CC)cn1,CCC(=O)NNC(=O)[C@@H]1CCC[C@H]1[C@@H]1C/C=C/C=C(/C#N)[C@H](O)[C@@H](C)C[C@H](C)C[C@H](C)C[C@H](C)[C@@H](O)CC(=O)O1,C20H18F3N5O2,C31H49N3O6,30,40,ChEMBL36 Standard InChI formula/connectivity and registry IDs,False,False,False,False,False
chembl_obvious_negative_0330,811558,3193392,CCOC(=O)CSc1ccc(C(=O)NCCCN2CCOCC2)cc1[N+](=O)[O-],Cc1ccc(-c2cc(C(F)(F)F)c3c(N)ncnn23)cc1C(=O)N[C@@H]1CN(C(=O)c2ccncc2)C[C@@H]1F,C18H25N3O6S,C25H21F4N7O2,28,38,ChEMBL36 Standard InChI formula/connectivity and registry IDs,False,False,False,False,False
chembl_obvious_negative_0331,21935,617144,Cc1cccc(C)c1C(OCC(O)CN1C(C)CCCC1C)c1c(C)cccc1C,CC(C)[C@H](NC(=O)CS)C(=O)N[C@@H](CC(=O)O)C(N)=O,C27H39NO2,C11H19N3O5S,30,20,ChEMBL36 Standard InChI formula/connectivity and registry IDs,False,False,False,False,False
chembl_obvious_negative_0332,1475560,321035,CC(=O)OC[C@]12C[C@H](O)C(C)=C[C@H]1O[C@@H]1[C@H](OC(C)=O)C[C@@H](OC(C)=O)[C@@]2(C)[C@@]12CO2,COc1ccc(C(=O)/C=C(\O)c2ccc(O)cc2O)cc1,C22H30O9,C16H14O5,31,21,ChEMBL36 Standard InChI formula/connectivity and registry IDs,False,False,False,False,False
chembl_obvious_negative_0333,1205374,2783625,CCOC(=O)N1CCC(NC(=O)CC2C(=O)NCCN2Cc2ccccc2F)CC1,CO[C@@]12[C@H](COC(N)=O)C3=C(C(=O)C(C)=C(N)C3=O)N1C[C@H]1[C@@H]2N1CCCCCCCCCC[P+](c1ccccc1)(c1ccccc1)c1ccccc1,C21H29FN4O4,C43H51N4O5P,30,53,ChEMBL36 Standard InChI formula/connectivity and registry IDs,False,False,False,False,False
chembl_obvious_negative_0334,1438673,336986,CCOP(=O)(CNc1oc2c(C)ncc(CO)c2c1Nc1ccccn1)OCC,CCCn1c(=O)c2[nH]c(-c3ccc(OCC(=O)c4c(NC(=O)O)n(C)c(=O)n(C)c4=O)cc3)cc2n(CCC)c1=O,C19H25N4O5P,C27H30N6O8,29,41,ChEMBL36 Standard InChI formula/connectivity and registry IDs,False,False,False,False,False
chembl_obvious_negative_0335,1901279,937182,O=C(c1cnccn1)N1C[C@@H]2CC[C@H](C1)N(C(=O)CCc1ccsc1)C2,COc1ccc(Cn2c(=O)c3oc4ccccc4c3n(CC(=O)Nc3ccc(F)cc3F)c2=O)cc1,C19H22N4O2S,C26H19F2N3O5,26,36,ChEMBL36 Standard InChI formula/connectivity and registry IDs,False,False,False,False,False
chembl_obvious_negative_0336,3078737,735787,CC1CN(c2ccnc(-c3cnc4ccc(C(F)(F)F)cn34)n2)CC(C)N1CC#N,O=C1CC(NN2CCCCC2)C(=O)N1c1ccccc1,C20H20F3N7,C15H19N3O2,30,20,ChEMBL36 Standard InChI formula/connectivity and registry IDs,False,False,False,False,False
chembl_obvious_negative_0337,3017920,2754711,O=C(NCC1(O)CCCC(F)(F)C1)c1cn(CCN2CCCC2)c2cccc(Cl)c12,CCCC[C@H](NC(=O)[C@H](CCC(=O)O)NC(=O)[C@H](CCCNC(=N)N)NC(=O)[C@H](Cc1ccc(O)cc1)NC(=O)[C@H](CCCCN)NC(=O)[C@H](C)NC(=O)[C@]1(C)CCC/C=C\CCC[C@](C)(NC(=O)[C@@H](NC(=O)[C@H](CCCNC(=N)N)NC(=O)[C@H](Cc2ccccc2)NC(=O)CCNC(C)=O)C(C)C)C(=O)N[C@@H](CCCNC(=N)N)C(=O)N[C@@H](CCCNC(=N)N)C(=O)N[C@@H]([C@@H](C)O)C(=O)N1)C(=O)N[C@@H](CC(C)C)C(N)=O,C22H28ClF2N3O2,C96H160N30O21,30,147,ChEMBL36 Standard InChI formula/connectivity and registry IDs,False,False,False,False,False
chembl_obvious_negative_0338,1913245,2103671,CCn1c(C)cc(C(=O)N2CCCC(c3nc(C)no3)C2)c1C,N#Cc1ccc(OCCN2CC3CN(CCCNS(=O)(=O)c4ccccc4)CC(C2)O3)cc1,C17H24N4O2,C24H30N4O4S,23,33,ChEMBL36 Standard InChI formula/connectivity and registry IDs,False,False,False,False,False
chembl_obvious_negative_0339,622130,1619129,COc1ccc(C2CC2C(=O)NNc2nncc3ccccc23)cc1,Cc1ccc(NC(=O)Cn2cc(Cn3nc(N)c4c(C(F)(F)F)cc(-c5ccccc5)nc43)nn2)cc1,C19H18N4O2,C25H21F3N8O,25,37,ChEMBL36 Standard InChI formula/connectivity and registry IDs,False,False,False,False,False
chembl_obvious_negative_0340,1404774,1546347,Cc1cc(-c2ccnc(-n3ncc(C(=O)NC(C)(C)CO)c3C3CC3)n2)c(C)s1,CCCC[C@H](NC(=O)[C@H](CC(C)C)NC(=O)CNC(=O)[C@H](Cc1ccccc1)NC(=O)[C@H](Cc1ccccc1)NC(=O)[C@H](CCC(N)=O)NC(=O)[C@@H](N)CCC(N)=O)C(=O)N(CC)CC,C21H25N5O2S,C46H70N10O9,29,65,ChEMBL36 Standard InChI formula/connectivity and registry IDs,False,False,False,False,False
chembl_obvious_negative_0341,615149,2538363,CC(C)CCn1c(=O)c(C2=NS(=O)(=O)c3cc(CCN(C)C)ccc3N2)c(O)c2ccccc21,CN1CCN(CN2C(=O)CC(Cc3ccccc3)C2=O)CC1,C25H30N4O4S,C17H23N3O2,34,22,ChEMBL36 Standard InChI formula/connectivity and registry IDs,False,False,False,False,False
chembl_obvious_negative_0342,2009954,2449631,CN(C)S(=O)(=O)N[C@H]1CC[C@H](CCN2CCC(c3coc4ccccc34)CC2)CC1,CCO[C@H]1CN(C)C[C@@H]1NC(=O)c1ccc(O)c(C)c1,C23H35N3O3S,C15H22N2O3,30,20,ChEMBL36 Standard InChI formula/connectivity and registry IDs,False,False,False,False,False
chembl_obvious_negative_0343,2799578,1490517,NC(=O)c1ccc(S(=O)(=O)Nc2ccc3c(c2)CCCN3C(=O)c2ccco2)cc1,CC(=O)C1(/N=N/c2ccc(C)cc2)N=C1C,C21H19N3O5S,C12H13N3O,30,16,ChEMBL36 Standard InChI formula/connectivity and registry IDs,False,False,False,False,False
chembl_obvious_negative_0344,1548341,2084728,CO[C@@H]1O[C@H]2CCN(C(=O)OCc3ccccc3)[C@H]2[C@H]1OCc1ccccc1,COc1cc(CCc2cc(Nc3ncnc4cc(N5CCN(C6CCC6)CC5)ccc34)n[nH]2)cc(OC)c1,C22H25NO5,C29H35N7O2,28,38,ChEMBL36 Standard InChI formula/connectivity and registry IDs,False,False,False,False,False
chembl_obvious_negative_0345,137586,1549340,COCC(C)(C)c1cc(NC(=O)Nc2ccccc2)n(-c2ccccc2)n1,C[C@H]1C[C@@H](OP(=O)(OCc2ccccc2)OCc2ccccc2)[C@@H](OCc2ccccc2)[C@@H](OCc2ccccc2)[C@H]1OCc1ccccc1,C21H24N4O2,C42H45O7P,27,50,ChEMBL36 Standard InChI formula/connectivity and registry IDs,False,False,False,False,False
chembl_obvious_negative_0346,3124600,1290119,N#CCCC(=O)Nc1ccc2c(c1)OCc1cnccc1-2,[O-][S+]1c2ccccc2N=C(c2cccc3ccccc23)CC1c1cccc2ccccc12,C16H13N3O2,C29H21NOS,21,32,ChEMBL36 Standard InChI formula/connectivity and registry IDs,False,False,False,False,False
chembl_obvious_negative_0347,422730,950142,CC(C)(c1cc(-c2cccc(-c3ccc(CC(=O)O)cc3)c2)c2ncccc2c1)S(C)(=O)=O,CCCCC/C=C\C[C@H](O)/C=C/C=C\C/C=C\CCCC(=O)O,C27H25NO4S,C20H32O3,33,23,ChEMBL36 Standard InChI formula/connectivity and registry IDs,False,False,False,False,False
chembl_obvious_negative_0348,1018935,1933185,CCN(CC(=O)Nc1ccc(OC)cc1)C(=O)c1cc(-c2cccs2)nn1-c1ccccc1,O=C(N1CCCO1)[C@@]12CCO[C@@H]1CCN(Cc1ccccn1)C2,C25H24N4O3S,C17H23N3O3,33,23,ChEMBL36 Standard InChI formula/connectivity and registry IDs,False,False,False,False,False
chembl_obvious_negative_0349,2837464,2217328,OCC(CO)Nc1nc(Nc2cccc(C(F)(F)F)c2)nc(Nc2cccc(C(F)(F)F)n2)n1,Cl.Cl.Cl.NCCNCCNCC1CCCCCCCCCCCCCC1,C19H17F6N7O2,C20H43N3.3ClH,34,24,ChEMBL36 Standard InChI formula/connectivity and registry IDs,False,False,False,False,False
chembl_obvious_negative_0350,1205375,1624113,CN1OC[C@@H]2CN(Cc3ccccc3)[C@H](c3cccc(Oc4ccccc4)c3)C[C@@H]21,CC(=O)Nc1cc(-c2ccc(C(N)=O)cc2C(=O)O)cc([C@@H]2C[C@](C)(c3ccccc3)c3cc(C(=N)N)ccc3N2)c1,C26H28N2O2,C33H31N5O4,30,42,ChEMBL36 Standard InChI formula/connectivity and registry IDs,False,False,False,False,False
chembl_obvious_negative_0351,2686917,956124,O[C@@H]1CCN(Cc2nc(C3(O)CCN(C4COC4)CC3)cs2)C1,COc1ccccc1/C=C/C(=O)NC(=S)Nc1ccc(S(=O)(=O)N(C)c2ccccc2)cc1,C16H25N3O3S,C24H23N3O4S2,23,33,ChEMBL36 Standard InChI formula/connectivity and registry IDs,False,False,False,False,False
chembl_obvious_negative_0352,889324,2261197,C=CCn1c(S)nnc1CCSCc1ccc(OC)c(C)c1,CC(C)(C#Cc1ccc(-c2ccc(Nc3ccc(C(F)(F)F)nc3)cn2)cc1)CC(=O)O,C16H21N3OS2,C24H20F3N3O2,22,32,ChEMBL36 Standard InChI formula/connectivity and registry IDs,False,False,False,False,False
chembl_obvious_negative_0353,1378851,1359908,CC(C)(Oc1ccc(C(O)c2ccc(Cl)cc2)cc1)C(=O)O,Cc1ccc(N2O[C@@H]3C(=O)N(c4ccc(C(=O)O)cc4)C(=O)[C@@H]3[C@@H]2c2ccccc2)cc1,C17H17ClO4,C25H20N2O5,22,32,ChEMBL36 Standard InChI formula/connectivity and registry IDs,False,False,False,False,False
chembl_obvious_negative_0354,405779,2569269,CCc1nc(N)nc(N)c1-c1ccc2c(c1)N(CCCOC)C(=O)C(C)(C)O2,C[C@H]1CCC(=O)[C@@]2(C)CCC(C(C)(C)O)=C[C@H]12,C20H27N5O3,C15H24O2,28,17,ChEMBL36 Standard InChI formula/connectivity and registry IDs,False,False,False,False,False
chembl_obvious_negative_0355,2077750,2803566,CCOc1ccc([C@@H]2c3cc(OC)ccc3C(=O)[C@H]2c2ccc(OC)cc2)cc1,CC(C)CCC/C=C\CCCCCCCC(=O)O,C25H24O4,C16H30O2,29,18,ChEMBL36 Standard InChI formula/connectivity and registry IDs,False,False,False,False,False
chembl_obvious_negative_0356,886333,245262,COc1ccccc1C(=O)Nc1ccnn1C1CCN(Cc2cnc(N(C)C)s2)CC1,NC(=O)N(O)C1CCc2cccc(Oc3ccccc3)c21,C22H28N6O2S,C16H16N2O3,31,21,ChEMBL36 Standard InChI formula/connectivity and registry IDs,False,False,False,False,False
chembl_obvious_negative_0357,2294097,562310,COc1ccc(CCOc2cc(N3CCOCC3)sc2C(N)=O)cc1,COc1ccc(C2C(C(=O)Nc3cccc(C)n3)c3ccccc3C(=O)N2C2CCCCC2)cc1,C18H22N2O4S,C29H31N3O3,25,35,ChEMBL36 Standard InChI formula/connectivity and registry IDs,False,False,False,False,False
chembl_obvious_negative_0358,782645,3229285,CC(=O)N1CCc2c(sc3c2c(=O)n(-c2ccccc2C)c(=O)n3CC(=O)c2ccccc2)C1,COc1nc(O[C@H]2CCc3c(-c4cccc(-c5cc(C)c(CN6CC(C(=O)O)C7(CC7)C6)c(OC)n5)c4Cl)cccc32)c(Cl)cc1CNC[C@@H]1CCC(=O)N1,C26H23N3O4S,C42H45Cl2N5O6,34,55,ChEMBL36 Standard InChI formula/connectivity and registry IDs,False,False,False,False,False
chembl_obvious_negative_0359,2782628,3276142,CC(C)(NC(=O)c1cn(CCCCCF)c2ccccc12)c1ccccc1,Cc1cc(Nc2nn([C@]3(CC#N)CCCOC3)c3cc[nH]c(=O)c23)ccc1C(=O)N1CCC(O)(C(F)(F)F)C1,C23H27FN2O,C26H27F3N6O4,27,39,ChEMBL36 Standard InChI formula/connectivity and registry IDs,False,False,False,False,False
chembl_obvious_negative_0360,2147539,1595201,O=C(NCCCCC1CCN(C(=O)[C@H]2CCCO2)CC1)N1Cc2ccncc2C1,CCCCOCCOc1ccc(-c2ccc3c(c2)/C=C(/C(=O)Nc2ccc([S@@+]([O-])Cc4nncn4CCC)cc2)CCCN3CCC)cc1,C22H32N4O3,C39H49N5O4S,29,49,ChEMBL36 Standard InChI formula/connectivity and registry IDs,False,False,False,False,False
chembl_obvious_negative_0361,2991999,2502472,CCn1cc(-n2c(C3CC3)c(Sc3cccc(C(=O)O)n3)c3ccc(Cl)c(F)c32)cn1,O=c1[nH]c(Nc2ccccc2F)nc2cc(Cl)ccc12,C22H18ClFN4O2S,C14H9ClFN3O,31,20,ChEMBL36 Standard InChI formula/connectivity and registry IDs,False,False,False,False,False
chembl_obvious_negative_0362,747752,1993003,COc1cccc(C(=O)CC(=O)C(=O)Nc2cc(OC)ccc2OC)c1,CC(=O)N1CCCN(c2ncnc(C)c2C#Cc2cnc(C)c(NS(=O)(=O)c3ccccc3)c2)CC1,C19H19NO6,C26H28N6O3S,26,36,ChEMBL36 Standard InChI formula/connectivity and registry IDs,False,False,False,False,False
chembl_obvious_negative_0363,2595191,2154517,Cc1nn(-c2ncc(C(F)(F)F)cc2Cl)c(=O)n1-c1ccc(OCc2ccccc2)cc1,Cc1n[nH]c2c1C(c1ccc(F)c(F)c1)c1c(N)n[nH]c1O2,C22H16ClF3N4O2,C14H11F2N5O,32,22,ChEMBL36 Standard InChI formula/connectivity and registry IDs,False,False,False,False,False
chembl_obvious_negative_0364,2926195,801588,COc1ccc(/C=C(/C(=O)NC2CCCC2)c2cc(OC)c(OC)c(OC)c2)cc1O,O=Nc1c2ccc[nH]c-2c2ccc([N+](=O)[O-])cc12,C24H29NO6,C12H7N3O3,31,18,ChEMBL36 Standard InChI formula/connectivity and registry IDs,False,False,False,False,False
chembl_obvious_negative_0365,3126594,3203363,COCC(C)(C)C(=O)NCCN1CCC(c2cccc(C)n2)CC1,CN1CCN(Cc2ccc(-c3ccc(CO[C@H]4CCC[C@@H]4NC(=O)c4cccnc4N)c(C(F)(F)F)c3)cc2)CC1,C19H31N3O2,C31H36F3N5O2,24,41,ChEMBL36 Standard InChI formula/connectivity and registry IDs,False,False,False,False,False
chembl_obvious_negative_0366,1915239,2989008,CC(C)CN1CCCC12CCN(c1nncs1)C2.O=C(O)C(F)(F)F,COCc1cc(-c2[nH]c3ccc(C4CCN(CC(=O)N5CC(S(C)(=O)=O)C5)CC4)cc3c2C(C)C)cn2ncnc12,C13H22N4S.C2HF3O2,C30H38N6O4S,25,41,ChEMBL36 Standard InChI formula/connectivity and registry IDs,False,False,False,False,False
chembl_obvious_negative_0367,3260191,2427696,CNC(=O)c1nn(C)cc1NC(=O)c1ccc2cnc(N[C@@H]3CCCC[C@@H]3N)nn12,NC(=O)CN1CCCN(C(=O)c2cccs2)CC1,C19H25N9O2,C12H17N3O2S,30,18,ChEMBL36 Standard InChI formula/connectivity and registry IDs,False,False,False,False,False
chembl_obvious_negative_0368,2452620,3109645,CN(C)c1ccc(NC(=O)c2coc3ccccc3c2=O)cc1,CC(C)(C)NS(=O)(=O)c1cc(NC(=O)c2cc(Cl)cnc2N2CCCC(F)(F)CC2)ccn1,C18H16N2O3,C21H26ClF2N5O3S,23,33,ChEMBL36 Standard InChI formula/connectivity and registry IDs,False,False,False,False,False
chembl_obvious_negative_0369,3069764,3221307,O=C(O)CC1CCN(c2c(F)cc(-c3cccc(OCC4CC4)c3)cc2F)CC1,COc1nc(Nc2cc(-c3ccc(O[C@H]4CCN(C(=O)CO)C[C@H]4F)c(C#N)c3)ncn2)ccc1C(=O)N(C)C,C23H25F2NO3,C27H28FN7O5,29,40,ChEMBL36 Standard InChI formula/connectivity and registry IDs,False,False,False,False,False
chembl_obvious_negative_0370,753732,3040850,NC(=O)C1CCN(/C=C2\C(=O)NC(=O)N(Cc3ccco3)C2=O)CC1,Cc1nc2c(-c3nnc(C4CC4)[nH]3)cc(N3CCOCC3)cc2n1-c1ccnc2c(Cl)cccc12,C16H18N4O5,C26H24ClN7O,25,35,ChEMBL36 Standard InChI formula/connectivity and registry IDs,False,False,False,False,False
chembl_obvious_negative_0371,1761701,2859397,Cc1c(/C=N/NC(=O)c2ccccc2Nc2ccccc2)no[n+]1[O-],CC(=O)N[C@H]1[C@@H](OCCOCCOCCN=[N+]=[N-])O[C@H](CO)[C@H](O)[C@@H]1O[C@@H]1O[C@H](CO)[C@H](O)[C@H](O)[C@H]1O,C17H15N5O3,C20H36N4O13,25,37,ChEMBL36 Standard InChI formula/connectivity and registry IDs,False,False,False,False,False
chembl_obvious_negative_0372,1893303,1627105,Cc1cc(C(=O)N2CCC(CCn3cccn3)CC2)c(C)o1,C[C@H](CCC(=O)OCc1ccc(S(N)(=O)=O)cc1)[C@H]1CC[C@H]2[C@@H]3[C@@H](O)C[C@@H]4C[C@H](O)CC[C@]4(C)[C@H]3CC[C@]12C,C17H23N3O2,C31H47NO6S,22,39,ChEMBL36 Standard InChI formula/connectivity and registry IDs,False,False,False,False,False
chembl_obvious_negative_0373,826514,1956114,CCOC(=O)c1cnc2ccccc2c1Nc1ccc(N2CCOCC2)cc1,CCCCc1ccc(S(=O)(=O)N(CC(=O)O)c2ccc(N(CC(=O)O)S(=O)(=O)c3ccc(CCCC)cc3)c3ccccc23)cc1,C22H23N3O3,C34H38N2O8S2,28,46,ChEMBL36 Standard InChI formula/connectivity and registry IDs,False,False,False,False,False
chembl_obvious_negative_0374,1033891,2414734,Cc1ccc(S(=O)(=O)N2CCN(C(=O)CCOc3ccccc3C)CC2)cc1C,O=S(=O)(Cc1nc(C2CC2)n[nH]1)c1ccc(Br)cn1,C22H28N2O4S,C11H11BrN4O2S,29,19,ChEMBL36 Standard InChI formula/connectivity and registry IDs,False,False,False,False,False
chembl_obvious_negative_0375,1119633,2776645,CCN(CC)CCCC(C)n1c2nc(=O)[nH]c(=O)c-2nc2cc(Cl)ccc21,COc1ccc(-c2onc3c2/C(=N/OC(=O)c2cccc(NC(=O)c4cccc(F)c4)c2)CC(C)(C)C3)cc1OC,C19H24ClN5O2,C31H28FN3O6,27,41,ChEMBL36 Standard InChI formula/connectivity and registry IDs,False,False,False,False,False
chembl_obvious_negative_0376,3027890,1683934,Cc1nc(C(=O)N2C(COc3cccc(F)c3)CC3CC2C3)c(-c2ccccc2)s1,C/C(=N\NC(=S)NC(C)C)c1ccc2c(c1)OCCO2,C24H23FN2O2S,C14H19N3O2S,30,20,ChEMBL36 Standard InChI formula/connectivity and registry IDs,False,False,False,False,False
chembl_obvious_negative_0377,922225,2734773,O=C(CSc1cccc(C(F)(F)F)c1)NC(=O)c1ccccc1,C[C@@H]1CN(c2cccc(NC(=O)c3ccc(NS(=O)(=O)CF)cc3N3CCC4(CC3)CC4)n2)CCO1,C16H12F3NO2S,C25H32FN5O4S,23,36,ChEMBL36 Standard InChI formula/connectivity and registry IDs,False,False,False,False,False
chembl_obvious_negative_0378,2630088,1462599,CC[C@H]1OCC[C@@H]1C(=O)Nc1nc(-c2ccccc2Cl)nn1C,CC1=C[C@H](O[C@@H]2O[C@H](CO)[C@@H](O)[C@H](O)[C@H]2O)[C@@H](O)[C@]2(C)[C@H]3[C@@H](O)[C@H](O)[C@]4(C)OC[C@@]35[C@@H](C[C@@H]12)OC(=O)[C@H](O)[C@]54O,C16H19ClN4O2,C26H38O14,23,40,ChEMBL36 Standard InChI formula/connectivity and registry IDs,False,False,False,False,False
chembl_obvious_negative_0379,2384826,1325013,CN1CCOc2c1cnn1c(-c3ccc4cccc(NCC5CCOCC5)c4n3)nnc21,NC(=O)C(=Cc1ccc(C(O)P(=O)(O)O)cc1)C(N)=O,C23H25N7O2,C11H13N2O6P,32,20,ChEMBL36 Standard InChI formula/connectivity and registry IDs,False,False,False,False,False
chembl_obvious_negative_0380,1606168,846453,Clc1ccc(Nc2ncnc3c2oc2cc(-c4ccc5c(c4)OCO5)cnc23)cc1Cl,CN(C)/C=C/C(=O)c1cc(F)cc(C(F)(F)F)c1,C22H12Cl2N4O3,C12H11F4NO,31,18,ChEMBL36 Standard InChI formula/connectivity and registry IDs,False,False,False,False,False
chembl_obvious_negative_0381,2757704,2801571,COc1ccc(-c2cn3c(n2)CCC3)cc1CNC(=O)Cc1ccc(Cl)c(Cl)c1,C=C(C)[C@@H]1CC[C@]2(NCCC(C)(C)O)CC[C@]3(C)[C@H](CC[C@@H]4[C@@]5(C)CC=C(C6=CC[C@](CF)(C(=O)O)CC6)C(C)(C)[C@@H]5CC[C@]43C)[C@@H]12,C22H21Cl2N3O2,C42H66FNO3,29,47,ChEMBL36 Standard InChI formula/connectivity and registry IDs,False,False,False,False,False
chembl_obvious_negative_0382,706873,2595193,CC(C)=CCn1cc(CN2CCCCC2)c2cc(-c3cccc(C)c3)ccc21,CCOc1ncccc1NC(=O)N(C)C1CC1,C26H32N2,C12H17N3O2,28,17,ChEMBL36 Standard InChI formula/connectivity and registry IDs,False,False,False,False,False
chembl_obvious_negative_0383,952135,2094699,COc1ccc(N(CC(=O)NCc2ccco2)S(=O)(=O)c2ccccc2)cc1,c1csc(-c2ccnc3nnnn23)c1,C20H20N2O5S,C8H5N5S,28,14,ChEMBL36 Standard InChI formula/connectivity and registry IDs,False,False,False,False,False
chembl_obvious_negative_0384,2555313,2863384,CNC(=O)c1cc(C(=O)N[C@H]2[C@@H]3COC[C@@H]32)cc(Cc2ccccc2)n1,O=C(c1cc(Cc2n[nH]c(=O)c3ccccc23)ccc1F)N1CCn2c(nnc2-c2ccc(C3COC3)o2)C1,C20H21N3O3,C28H23FN6O4,26,39,ChEMBL36 Standard InChI formula/connectivity and registry IDs,False,False,False,False,False
chembl_obvious_negative_0385,2687914,1736775,CC(NC1(C)CCS(=O)(=O)C1)C(=O)Nc1ccc(N2CCCCC2)cc1,COc1cccc(C2=N[C@]3(CC[C@@H](C(C)(C)C)CC3)N([C@H](CCC(C)(C)C)c3ccc(C(=O)NCc4nn[nH]n4)cc3)C2=O)c1,C19H29N3O3S,C35H47N7O3,26,45,ChEMBL36 Standard InChI formula/connectivity and registry IDs,False,False,False,False,False
chembl_obvious_negative_0386,2028897,1947143,CCNC(=O)Nc1ccc2ncc(-c3cnn(C)c3)nc2n1,COc1cc(/C=C2\COc3cc(OC)c(OC)c(OC)c3C2=O)ccc1OCc1ccccc1,C14H15N7O,C27H26O7,22,34,ChEMBL36 Standard InChI formula/connectivity and registry IDs,False,False,False,False,False
chembl_obvious_negative_0387,420736,2647037,CC(C)[C@@H](C)/C=C/[C@@H](C)[C@H]1C[C@H]2O[C@]23C2=CC(=O)[C@@H]4CC(=O)CC[C@]4(C)[C@H]2CC[C@]13C,Cc1ccc(S(=O)(=O)[C@H]2CS(=O)(=O)C[C@@H]2NC(C)C)cc1,C28H40O3,C14H21NO4S2,31,21,ChEMBL36 Standard InChI formula/connectivity and registry IDs,False,False,False,False,False
chembl_obvious_negative_0388,877362,595211,COc1cc(C2c3sc(O)nc3SC3C(=O)N(c4ccc(Br)cc4)C(=O)C32)ccc1O,CC(C)C[C@H](NC(=O)[C@H](C)NC(=O)[C@H](CCC(=O)O)NC(=O)[C@H](CC(N)=O)NC(=O)[C@H](CC(C)C)NC(=O)[C@H](CCCCN)NC(=O)[C@H](CC(C(=O)O)C(=O)O)NC(=O)[C@H](CCCNC(=N)N)NC(=O)[C@H](Cc1ccccc1)NC(=O)[C@H](CCC(=O)O)NC(=O)[C@H](CC(=O)O)NC(=O)[C@H](CC(C)C)NC(=O)[C@@H](NC(=O)[C@@H]1CCCN1)C(C)C)C(=O)N[C@@H](CCC(=O)O)C(=O)N[C@@H](C)C(=O)N[C@@H](CC(C)C)C(=O)N[C@@H](CCCCN)C(=O)N[C@@H](CCC(N)=O)C(=O)N[C@@H](CCCCN)C(=O)N[C@@H](CC(C)C)C(=O)N[C@@H](CCCCN)C(=O)O,C21H15BrN2O5S2,C119H199N31O37,31,187,ChEMBL36 Standard InChI formula/connectivity and registry IDs,False,False,False,False,False
chembl_obvious_negative_0389,2831481,2722809,CCN1CC(NS(=O)(=O)c2ccc3[nH]cnc3c2)C(OC)C1,CCc1ccc(N(CC(F)(F)F)S(=O)(=O)c2ccc3c(c2)C(=O)CC(C2CCOCC2)O3)cc1,C14H20N4O3S,C24H26F3NO5S,22,34,ChEMBL36 Standard InChI formula/connectivity and registry IDs,False,False,False,False,False
chembl_obvious_negative_0390,1942156,2033880,COc1cccc(-c2cc(C(=O)Nc3cc(Cl)ccc3C)no2)c1,CCC(c1ccc(Cl)c(Cl)c1)N(Cc1ccc(OCCN2C(=O)CCC2=O)c(OC)c1)[C@H]1C[C@@H](C(=O)O)C1,C18H15ClN2O3,C28H32Cl2N2O6,24,38,ChEMBL36 Standard InChI formula/connectivity and registry IDs,False,False,False,False,False
chembl_obvious_negative_0391,1335981,2660995,COc1ccc(N2C(=O)/C(=C/c3ccc(O)c(F)c3)OC2=S)cc1,Cc1cc(=O)c(C(=O)N2CCN(C/C=C/c3ccccc3)CC2)c(Cc2ccccc2F)n1C,C17H12FNO4S,C28H30FN3O2,24,34,ChEMBL36 Standard InChI formula/connectivity and registry IDs,False,False,False,False,False
chembl_obvious_negative_0392,2962087,3209343,Cc1cc(C(F)(F)F)cc(O)c1-c1ccc(NCC(C)(C)N(C)C)nn1,COc1ccc(NC(=O)O[C@H]2CC[C@H]2Oc2cc3sc(-c4cc(C)cc5nc(OC)cnc45)nc3cc2F)cn1,C18H23F3N4O,C28H24FN5O5S,26,40,ChEMBL36 Standard InChI formula/connectivity and registry IDs,False,False,False,False,False
chembl_obvious_negative_0393,2746735,3035865,COc1cc(Br)c(O[11CH3])cc1CCNCc1ccccc1OC,C=CC(=O)N1CCN(C(=O)c2cc(Sc3cnc(NC(=O)C4CC4)s3)c(C)cc2CC)C[C@H]1CC,C18H22BrNO3,C26H32N4O3S2,23,35,ChEMBL36 Standard InChI formula/connectivity and registry IDs,False,False,False,False,False
chembl_obvious_negative_0394,2121618,1582240,CC(=O)c1ccc(C(C)=O)c2c(C)c(C(=O)Nc3cc(C(C)O)c4ccccc4n3)sc12,Oc1ccc(O)c(-c2cn3ccsc3n2)c1,C25H22N2O4S,C11H8N2O2S,32,16,ChEMBL36 Standard InChI formula/connectivity and registry IDs,False,False,False,False,False
chembl_obvious_negative_0395,1096702,2771661,O=C1NC(=O)N(Cc2ccccc2)C(=O)/C1=C\NNc1c(F)c(F)c(F)c(F)c1F,NCCCC[C@H](NC(=O)[C@H](CCCCN)NS(=O)(=O)Cc1ccccc1)C(=O)N[C@H](C(=O)NCc1ccccc1)c1ccc(OCc2ccc(C(F)(F)F)cc2)cc1,C18H11F5N4O3,C42H51F3N6O6S,30,58,ChEMBL36 Standard InChI formula/connectivity and registry IDs,False,False,False,False,False
chembl_obvious_negative_0396,1110660,1303080,O=C(c1cc(-c2ccco2)nc2ccccc12)N1CCCC(c2ccccc2)C1,CCCCCCC[C@@H](O)CC(=O)NC(CC(C)C)C(=O)NC(CCC(=O)O)C(=O)NC1C(=O)NC(C(C)C)C(=O)NC(CC(C)C)C(=O)NC(CO)C(=O)NC(CC(C)C)C(=O)NC(CO)C(=O)NC(C(C)CC)C(=O)OC1C,C25H22N2O2,C54H95N9O16,29,79,ChEMBL36 Standard InChI formula/connectivity and registry IDs,False,False,False,False,False
chembl_obvious_negative_0397,374874,168495,COc1ccc(CCCN2C=CC=C3C2=Nc2ccccc2S(=O)(=O)N3C)cc1,CN[C@H](CC(C)C)C(=O)N[C@H]1C(=O)N[C@@H](CC(N)=O)C(=O)N[C@H]2C(=O)NC3C(=O)NC(C(=O)N[C@@H](C(=O)O)c4cc(O)cc(O)c4-c4cc3ccc4O)[C@H](O[C@H]3C[C@](C)(NCc4ccc(-c5ccc(-c6ccccc6)cc5)cc4)[C@@H](O)[C@H](C)O3)c3ccc(c(Cl)c3)Oc3cc2cc(c3O[C@@H]2O[C@H](CO)[C@@H](O)[C@H](O)[C@H]2O)Oc2ccc(cc2Cl)[C@H]1O,C22H23N3O3S,C85H89Cl2N9O24,29,120,ChEMBL36 Standard InChI formula/connectivity and registry IDs,False,False,False,False,False
chembl_obvious_negative_0398,3082724,29912,CC(=O)N1CCn2c(C3CC3)nc(N3CCCc4cc(-c5ccncc5)ccc43)c2C1,O=C(O)C1Cc2c([nH]c3ccccc23)CN1C(=O)CCS,C25H27N5O,C15H16N2O3S,31,21,ChEMBL36 Standard InChI formula/connectivity and registry IDs,False,False,False,False,False
chembl_obvious_negative_0399,688929,3137560,COCCn1c(-c2ccc(C(C)C)cc2)nc2c(Br)c(Cc3ccccc3[S+](C)[O-])cc(OC)c21,O=C(NCC1CCCC1)c1cnn2c(C3CCNCC3)cc(=O)[nH]c12,C28H31BrN2O3S,C18H25N5O2,35,25,ChEMBL36 Standard InChI formula/connectivity and registry IDs,False,False,False,False,False
chembl_obvious_negative_0400,2778640,2453619,O=C(NCCCCc1ccccc1)c1cccc(C2SCC(=O)N2c2ccccc2F)c1,Cc1ccc(NC(=O)NC[C@@H]2C[C@H](F)CN2)cc1C#N,C26H25FN2O2S,C14H17FN4O,32,20,ChEMBL36 Standard InChI formula/connectivity and registry IDs,False,False,False,False,False
chembl_obvious_negative_0401,607174,3064779,OC[C@H]1OC(n2cnc3c(Nc4cccc(F)c4)ncnc32)[C@H](O)[C@@H]1O,Cc1ccc(Cl)c(-c2nc3cc(C(=O)NCCCc4ncc[nH]4)ccc3nc2-c2ccc(F)cc2)c1,C16H16FN5O4,C28H23ClFN5O,26,36,ChEMBL36 Standard InChI formula/connectivity and registry IDs,False,False,False,False,False
chembl_obvious_negative_0402,1743753,1319033,Cl.NCCCNCCCNC(CCc1ccc2ccccc2c1)CCc1ccc2ccccc2c1,CCCCC(C(=O)C(=O)Nc1ccc(C)cc1C)C(=O)C(C)C,C31H39N3.ClH,C19H27NO3,35,23,ChEMBL36 Standard InChI formula/connectivity and registry IDs,False,False,False,False,False
chembl_obvious_negative_0403,1520426,3037859,CC(C)(C)OCCCCCCCCCc1cc2cn([C@@H]3CC[C@H](CO)O3)c(=O)nc2o1,CC(=O)Nc1ccc2c(c1)nc1n2CC[C@H]2[C@@H]1[C@H](c1cccc(Cl)c1F)[C@]1(C(=O)Nc3cc(Cl)ccc31)N2CC1CC1,C24H38N2O5,C32H28Cl2FN5O2,31,42,ChEMBL36 Standard InChI formula/connectivity and registry IDs,False,False,False,False,False
chembl_obvious_negative_0404,2805559,354934,Cl.Oc1c(Cl)cc(Cl)c2ccc(/C=C/C3=CCN(Cc4cccc(F)c4)CC3)nc12,Cc1cccc(NC(=O)N(Cc2ccc(-c3n[nH]c4c3Cc3cc(CN5CCN(C)CC5)ccc3-4)s2)C2CC2)c1,C23H19Cl2FN2O.ClH,C32H36N6OS,30,40,ChEMBL36 Standard InChI formula/connectivity and registry IDs,False,False,False,False,False
chembl_obvious_negative_0405,2264188,3201369,O=C(/C=C/c1cc(-c2ccc3c(c2)OCO3)n[nH]1)c1ccc(Cl)cc1,CS(=O)(=O)c1cc(Cc2cc(C(=O)NCc3cnc(N)cc3C(F)(F)F)ccn2)ccc1Cn1ccccc1=O,C19H13ClN2O3,C27H24F3N5O4S,25,40,ChEMBL36 Standard InChI formula/connectivity and registry IDs,False,False,False,False,False
chembl_obvious_negative_0406,465600,953133,Cc1cc(O)c2c(c1)[C@H]([C@@H]1c3cccc(O)c3C(=O)c3c(O)cc(C)cc31)c1cccc(O)c1C2=O,NC(=O)C1CCN(C2CC(=O)N(CCc3ccccc3)C2=O)CC1,C30H22O6,C18H23N3O3,36,24,ChEMBL36 Standard InChI formula/connectivity and registry IDs,False,False,False,False,False
chembl_obvious_negative_0407,416747,867392,CCCCNc1nc(SCCC)nc2c1nnn2[C@@H]1C[C@H](C(=O)O)[C@@H](O)[C@H]1O,CC(=O)C(N=Nc1ccccc1)(Sc1nnc(-c2ccccc2)n1-c1ccccc1)C(=O)Nc1ccccc1,C17H26N6O4S,C30H24N6O2S,28,39,ChEMBL36 Standard InChI formula/connectivity and registry IDs,False,False,False,False,False
chembl_obvious_negative_0408,1040868,2403767,Cc1cc(C(=O)NCCCN2CCN(c3cccc(C)c3C)CC2)nc(C2CC2)n1,NC(=O)[C@@H]1Cc2ccccc2CN1CCn1cccn1,C24H33N5O,C15H18N4O,30,20,ChEMBL36 Standard InChI formula/connectivity and registry IDs,False,False,False,False,False
chembl_obvious_negative_0409,2795589,1347945,CCc1nc2ccccc2n1-c1nncc(Nc2ccc(C(F)(F)F)cc2)n1,O=C1O[C@H](OCC2CO2)[C@@H]2[C@H]1[C@H]1CC[C@@H]2O1,C19H15F3N6,C11H14O5,28,16,ChEMBL36 Standard InChI formula/connectivity and registry IDs,False,False,False,False,False
chembl_obvious_negative_0410,1588221,1027908,Oc1cccc(NCc2ccc(-c3ccc(C[n+]4ccc(N5CCCC5)cc4)cc3)cc2)c1.[Br-],CC(C)c1ccc(C(C)N=C(S)NC2CCCCC2)cc1,C29H29N3O.BrH,C18H28N2S,34,21,ChEMBL36 Standard InChI formula/connectivity and registry IDs,False,False,False,False,False
chembl_obvious_negative_0411,2861392,2324008,CN[C@@H]1CCN(c2cnc3c(Nc4cc(F)c5nc(C)cn5c4)noc3c2)C1,O=C(O)C1CCCN(C/C=C/C(c2ccc3occc3c2)(c2ccc3occc3c2)c2ccc3occc3c2)C1,C19H20FN7O,C34H29NO5,28,40,ChEMBL36 Standard InChI formula/connectivity and registry IDs,False,False,False,False,False
chembl_obvious_negative_0412,233299,2338962,NC(N)c1ccc(-c2ccc(-c3ccc(C(N)N)cc3)o2)cc1,CC(C)(C)c1cc(C(C)(C)C)cc(S(=O)(=O)Nc2cccc(C(=O)NCCNC(=N)N)c2)c1,C18H20N4O,C24H35N5O3S,23,33,ChEMBL36 Standard InChI formula/connectivity and registry IDs,False,False,False,False,False
chembl_obvious_negative_0413,965097,1831491,Cc1nn2c(N3CCOCC3)c3c(nc2c1-c1ccccc1)CCCC3,Cc1c(NC(=O)c2cc3c(s2)CCCC3)cccc1-c1cn(C)c(=O)c(Nc2ccc([C@H]3C(=O)N(C)CCN3C)cc2)n1,C21H24N4O,C33H36N6O3S,26,43,ChEMBL36 Standard InChI formula/connectivity and registry IDs,False,False,False,False,False
chembl_obvious_negative_0414,3218317,2088716,COc1ccc(CNCc2ccc(OC)cc2OC)c(OC)c1,Cc1ccc(NC(=O)c2cccc(C(F)(F)F)c2)cc1OC1CCN(C(=O)c2ccno2)CC1,C18H23NO4,C24H22F3N3O4,23,34,ChEMBL36 Standard InChI formula/connectivity and registry IDs,False,False,False,False,False
chembl_obvious_negative_0415,2477547,1307068,COc1ccc(-c2cnn3c(N)c(-c4ccccc4)c(OC4CCNCC4)nc23)cc1OC,CC(=O)Oc1ccc2c3c1[C@H]1O[C@H]1c1cccc(c1-3)[C@@H]1O[C@H]21,C25H27N5O3,C18H12O4,33,22,ChEMBL36 Standard InChI formula/connectivity and registry IDs,False,False,False,False,False
chembl_obvious_negative_0416,1239272,2345942,CCOc1ccccc1CN1CCN(Cc2cccc3c2OCO3)CC1CCO,Cc1ccc2[nH]c3c(c2c1)CCCC3N,C23H30N2O4,C13H16N2,29,15,ChEMBL36 Standard InChI formula/connectivity and registry IDs,False,False,False,False,False
chembl_obvious_negative_0417,227316,1747741,CN1CCN(C2CC(c3ccc(F)cc3)c3cccc(F)c32)CC1(C)C,CC(=O)OC[C@H]1O[C@H](O[C@]2(COC(C)=O)O[C@H](CO)[C@@H](OC(C)=O)[C@@H]2OC(=O)/C=C/c2ccc(O)cc2)[C@H](O)[C@@H](O)[C@@H]1O,C22H26F2N2,C27H34O16,26,43,ChEMBL36 Standard InChI formula/connectivity and registry IDs,False,False,False,False,False
chembl_obvious_negative_0418,186439,2144548,CCCN(CCC)c1cc(C)nc2c(-c3ccc(Cl)cc3)n(C)nc12,COc1cc(O)cc(N(CCCNCC(F)(F)F)c2ccc3ncc(-c4cnn(C)c4)nc3c2)c1,C20H25ClN4,C24H25F3N6O2,25,35,ChEMBL36 Standard InChI formula/connectivity and registry IDs,False,False,False,False,False
chembl_obvious_negative_0419,528410,793612,O=C(Nc1ccc(C(=O)N(Cc2ccc3c(c2)OCO3)C2CCCC2)cc1)c1cccs1,CCC(C)(C)c1ccc(Oc2cccc(C(=O)O)c2)cc1,C25H24N2O4S,C18H20O3,32,21,ChEMBL36 Standard InChI formula/connectivity and registry IDs,False,False,False,False,False
chembl_obvious_negative_0420,1150539,1526409,C=C(C)CNc1ccnc2sc3c(=O)n(-c4ccc(C)cc4)cnc3c12,Cc1ccc2nc(-c3ccc(OCC4CCN(C(=O)Nc5ccc(Cl)cc5)CC4)cc3)c(NC3CCCCC3)n2c1,C20H18N4OS,C33H38ClN5O2,26,41,ChEMBL36 Standard InChI formula/connectivity and registry IDs,False,False,False,False,False
chembl_obvious_negative_0421,2527396,2333977,Cl.O=C1Nc2ccc(F)cc2/C1=C1/Nc2ccccc2/C1=N\OCCNC1CCNCC1,O=P(O)(O)CO[C@H]1CNC[C@H]1n1cnc2c(O)ncnc21,C23H24FN5O2.ClH,C10H14N5O5P,32,21,ChEMBL36 Standard InChI formula/connectivity and registry IDs,False,False,False,False,False
chembl_obvious_negative_0422,1180448,1797593,CC(=O)NCCN1C(C)=Nc2ccc(Cl)cc2C1c1ccccc1,C[C@@H]1[C@H](C)CC[C@]2(C(=O)O)CC[C@]3(C)C(=CC[C@@H]4[C@@]5(C)C[C@@H](O)[C@H](O)[C@@](C)(CO)[C@H]5CC[C@]43C)[C@@H]12,C19H20ClN3O,C30H48O5,24,35,ChEMBL36 Standard InChI formula/connectivity and registry IDs,False,False,False,False,False
chembl_obvious_negative_0423,1859407,3008948,O=C1CC(c2ccc(C(=O)O)cc2)c2ncn(-c3ccccc3F)c2N1,COC(=O)NC[C@H]1C[C@H](Nc2cc(-c3ccc4cc(C#N)cnn34)ncc2C(=O)NCCC(C)(C)NC(=O)OC(C)(C)C)C1,C19H14FN3O3,C31H40N8O5,26,44,ChEMBL36 Standard InChI formula/connectivity and registry IDs,False,False,False,False,False
chembl_obvious_negative_0424,1627104,693912,CC(C)[Te]CCC(C)C1CC[C@H]2[C@@H]3CC[C@H]4CC(O)CCC4(C)[C@H]3CCC12C,CCCc1oc(CCC(=O)O)c(C(=O)O)c1C,C26H46OTe,C12H16O5,28,17,ChEMBL36 Standard InChI formula/connectivity and registry IDs,False,False,False,False,False
chembl_obvious_negative_0425,2652022,2392800,O=C1CCC(CN2CCOC[C@H]2c2ncnn2Cc2ccccc2)CC1,O=C(CO[C@@H]1C[C@@H](CNc2ccccn2)N(C(=O)OCc2ccccc2)C1)NC[C@H](NC(=O)c1ccccc1[N+](=O)[O-])C(=O)O,C20H26N4O2,C30H32N6O9,26,45,ChEMBL36 Standard InChI formula/connectivity and registry IDs,False,False,False,False,False
chembl_obvious_negative_0426,2371865,558321,CN(C)C(=O)C1CN(c2ncc(N3CC[C@@H](Oc4ccc(-c5nccs5)cc4)C3=O)cn2)C1,O=C(NCCCl)Nc1cccc(CCCCCCO)c1,C23H24N6O3S,C15H23ClN2O2,33,20,ChEMBL36 Standard InChI formula/connectivity and registry IDs,False,False,False,False,False
chembl_obvious_negative_0427,2931180,3252216,c1ccc2c(NCCCCCNCCc3c[nH]cn3)c3c(nc2c1)CCCC3,C=CC(=O)N1CC[C@@H](c2nc(-c3ccc(Oc4cccc(OC)c4F)cc3)c3cncc(OC(C)C)n23)C1,C23H31N5,C29H29FN4O4,28,38,ChEMBL36 Standard InChI formula/connectivity and registry IDs,False,False,False,False,False
chembl_obvious_negative_0428,322032,3011938,CC(C)Cn1c(C(F)(F)F)nc2c(N)nc3ccccc3c21,CNCCC(OCc1ccccc1CN1CCN(C)c2nc(SC)ncc2C1=O)c1ccccc1,C15H15F3N4,C27H33N5O2S,22,35,ChEMBL36 Standard InChI formula/connectivity and registry IDs,False,False,False,False,False
chembl_obvious_negative_0429,1141566,894311,O=[N+]([O-])c1cccc(CNc2cc(C(F)(F)F)cc3ncc(N4CCNCC4)cc23)c1,c1ccc(N2CCN(C3CC4CCC3C4)CC2)cc1,C21H20F3N5O2,C17H24N2,31,19,ChEMBL36 Standard InChI formula/connectivity and registry IDs,False,False,False,False,False
chembl_obvious_negative_0430,113659,2792599,CSC1OC(C(NC(=O)[C@H]2C[C@@H](C(C)(C)C)CCN2)C(C)Cl)C(O)C(O)C1O,CC(=O)C1=C(O)C=C2Oc3c4c(c(C)c(O)c3[C@]2(C)C1=O)OC(c1ccc(OCc2c(F)cccc2Cl)cc1)CC4=O,C19H35ClN2O5S,C32H24ClFO8,28,42,ChEMBL36 Standard InChI formula/connectivity and registry IDs,False,False,False,False,False
chembl_obvious_negative_0431,732795,2076753,Cc1cccc(N2CCN(C(=O)COc3ccc4c(c3)CCC4)CC2)c1C,Cc1noc(C)c1S(=O)(=O)n1cc2c(n1)C(C)(C)[C@@H]1CC[C@]3(C)[C@H](CC=C4[C@@H]5CC(C)(C)CC[C@]5(C(=O)NCCN5CCCCC5)CC[C@]43C)[C@@]1(C)C2,C23H28N2O2,C43H65N5O4S,27,53,ChEMBL36 Standard InChI formula/connectivity and registry IDs,False,False,False,False,False
chembl_obvious_negative_0432,3276143,2699878,Cc1ncc(F)c(Nc2n[nH]c3c2CN(C(=O)N2CC(CCO)N(C)C[C@@H]2C)C3(C)C)n1,Cc1ccc(C2OCCCC2NC(=O)c2cnn(C)c2)cc1,C21H31FN8O2,C17H21N3O2,32,22,ChEMBL36 Standard InChI formula/connectivity and registry IDs,False,False,False,False,False
chembl_obvious_negative_0433,2696887,2510446,CC(=Cc1cccc(C(F)(F)F)c1)CN1CCN2CCOC[C@@H]2C1,C[C@@H](n1ncc2cc(-c3ccccc3)cn2c1=O)[C@](O)(Cn1cncn1)c1ccc(F)cc1F,C18H23F3N2O,C24H20F2N6O2,24,34,ChEMBL36 Standard InChI formula/connectivity and registry IDs,False,False,False,False,False
chembl_obvious_negative_0434,1147547,2757703,CN1C(=O)/C(=N\NC(=O)c2ccc([N+](=O)[O-])cc2)c2ccccc21,O=C(Nc1ccccc1N1CCN(C(=O)Cn2cnc3cccnc32)CC1)c1cccc(Cl)c1,C16H12N4O4,C25H23ClN6O2,24,34,ChEMBL36 Standard InChI formula/connectivity and registry IDs,False,False,False,False,False
chembl_obvious_negative_0435,939176,911258,O=C(Nc1ccncc1)c1cccc(S(=O)(=O)N2CCN(c3ccc(F)cc3)CC2)c1,Cc1ccc(C2=NN=C(NC(=O)C(F)(F)F)SC2)cc1,C22H21FN4O3S,C12H10F3N3OS,31,20,ChEMBL36 Standard InChI formula/connectivity and registry IDs,False,False,False,False,False
chembl_obvious_negative_0436,2686916,102692,O=C1CN(C(=O)Cc2noc3ccccc23)c2ccccc2N1,COc1ccc(C[C@H](NC(=O)Nc2ccc3c(CN4CCCC4)cn(Cc4ccccc4Cl)c3c2)C(=O)N[C@@H](CCCN=C(N)N)C(=O)NCCCc2ccccc2)cc1,C17H13N3O3,C46H56ClN9O4,23,60,ChEMBL36 Standard InChI formula/connectivity and registry IDs,False,False,False,False,False
chembl_obvious_negative_0437,1029903,2129593,COP(=O)(OC)c1nc(-c2ccccc2)oc1NCc1ccccc1,Cc1c(C(=O)Nc2ccc(Oc3ccnc4cc(OCC(C)(C)O)ccc34)cc2)c(=O)n(-c2ccccc2)n1C,C18H19N2O4P,C31H30N4O5,25,40,ChEMBL36 Standard InChI formula/connectivity and registry IDs,False,False,False,False,False
chembl_obvious_negative_0438,1560305,541372,C[C@H](c1cccc2ccccc12)N1C(=O)CC(=O)N(C2CCCC2)C1=O,CN1CCN(c2cc3c(cc2Cl)CCN3C(=O)Cc2ccc(NC(=O)Nc3cccc4ccccc34)cc2)CC1,C21H22N2O3,C32H32ClN5O2,26,40,ChEMBL36 Standard InChI formula/connectivity and registry IDs,False,False,False,False,False
chembl_obvious_negative_0439,2059802,1331992,Cc1cc(-c2nnc(-c3cc(F)c(O[C@@H]4CNC(=O)C4)cc3Cl)s2)cc(NC(C)C)n1,Cc1ccc(S(=O)(=O)Nc2ccc(C(=O)O)cc2)cc1,C21H21ClFN5O2S,C14H13NO4S,31,20,ChEMBL36 Standard InChI formula/connectivity and registry IDs,False,False,False,False,False
chembl_obvious_negative_0440,1995994,2089714,Cc1cc(-c2n[nH]c3cc(NC(=O)NCc4cccc(S(C)(=O)=O)c4)ncc23)ccn1,Cc1cc(C(=O)N[C@H](C(=O)C[C@@H](Cc2ccc(F)cc2)C(=O)N[C@H](/C=C/S(=O)(=O)c2nccs2)C[C@@H]2CCNC2=O)C(C)C)no1,C21H20N6O3S,C31H36FN5O7S2,31,46,ChEMBL36 Standard InChI formula/connectivity and registry IDs,False,False,False,False,False
chembl_obvious_negative_0441,1742756,1764691,CC1(C)Oc2cc3oc(C(=O)[O-])cc(=O)c3cc2-c2cc(Cl)ccc21.[Na+],CNC(c1ccccc1)C1COCOC1,C19H13ClO5.Na,C12H17NO2,26,15,ChEMBL36 Standard InChI formula/connectivity and registry IDs,False,False,False,False,False
chembl_obvious_negative_0442,844460,2140560,O=C(Nc1cccc(-c2nc3ccccc3s2)c1)C1=COCCO1,C[C@]12CC[C@H](O)CC1=CC[C@@H]1[C@@H]2CC[C@]2(C)C(c3nn(-c4ccc(C#N)cc4)cc3C=O)=CC[C@@H]12,C18H14N2O3S,C30H33N3O2,24,35,ChEMBL36 Standard InChI formula/connectivity and registry IDs,False,False,False,False,False
chembl_obvious_negative_0443,673973,81756,COc1ccc(CCN(C)CCCC2c3ccccc3-c3ccccc32)cc1OC,Cc1ccc(Nc2nc(O)c3c[nH]nc3n2)cc1Cl,C27H31NO2,C12H10ClN5O,30,19,ChEMBL36 Standard InChI formula/connectivity and registry IDs,False,False,False,False,False
chembl_obvious_negative_0444,1273171,2278145,O=[N+]([O-])c1nc(Cl)ccc1OCCOc1ccc(Cl)cc1Cl,O=C(CN1CCN(Cc2nc(-c3cccc(C(F)(F)F)c3)no2)CC1)NC1CCCCC1,C13H9Cl3N2O4,C22H28F3N5O2,22,32,ChEMBL36 Standard InChI formula/connectivity and registry IDs,False,False,False,False,False
chembl_obvious_negative_0445,2638064,289130,C[C@@H](CCc1ccccc1)NC(=O)c1ccc2c(c1)OCO2,Cc1ccccc1C(Oc1cc(OCc2ccc3c(c2)OCO3)ccc1C#N)C(=O)[O-].[Na+],C18H19NO3,C24H19NO6.Na,22,32,ChEMBL36 Standard InChI formula/connectivity and registry IDs,False,False,False,False,False
chembl_obvious_negative_0446,2806555,319042,COc1cc(/C=C2\CCc3c(O)cccc3\C2=N\O)c(Br)c(OC)c1OC,O=C(N[C@H](Cc1cscn1)C(=O)N[C@@H](CC1CCCCC1)[C@@H](O)[C@@H](O)C1CC1)c1nc2ccccc2[nH]1,C20H20BrNO5,C27H35N5O4S,27,37,ChEMBL36 Standard InChI formula/connectivity and registry IDs,False,False,False,False,False
chembl_obvious_negative_0447,188434,1142563,CC1(C)CNC(=O)c2c1ccc1[nH]c(Nc3c(Cl)cccc3Cl)nc21,COc1ccc(C(=O)O[C@H]2[C@H](O[C@@H]3[C@@H](OC(C)=O)[C@H](O[C@@H]4CC([C@H](C)C(=O)CC[C@@H](C)CO)[C@@]5(C)CC[C@H]6[C@@H](CC[C@H]7C[C@@H](O)CC[C@@]76C)[C@H]45)OC[C@@H]3O)OC[C@@H](O)[C@@H]2O)cc1,C18H16Cl2N4O,C47H70O15,25,62,ChEMBL36 Standard InChI formula/connectivity and registry IDs,False,False,False,False,False
chembl_obvious_negative_0448,1365892,926215,Cc1cccc(-c2sc(NCc3cccc(C#N)c3)nc2-c2ccc3ncnn3c2)n1,O=C(COC(=O)c1ccccn1)Nc1nccs1,C23H17N7S,C11H9N3O3S,31,18,ChEMBL36 Standard InChI formula/connectivity and registry IDs,False,False,False,False,False
chembl_obvious_negative_0449,1425710,425721,O=S(=O)(c1ccc2[nH]c(N3CCOC(c4ccccc4)C3)nc2c1)C(F)(F)F,CCCCCCCCN/C(=N/C#N)N1CCc2cc(OC)c(OC)cc2C1Cc1ccc(OC)c(OC)c1,C18H16F3N3O3S,C30H42N4O4,28,38,ChEMBL36 Standard InChI formula/connectivity and registry IDs,False,False,False,False,False
chembl_obvious_negative_0450,2482531,1990012,CCOC(=O)c1cc([Se]Cc2ccccc2)c2cc(Cl)ccc2n1,CCCN(CCC)CCOc1ccc(Cn2c(-c3ccc(O)cc3)c(C)c3cc(O)ccc32)cc1,C19H16ClNO2Se,C30H36N2O3,24,35,ChEMBL36 Standard InChI formula/connectivity and registry IDs,False,False,False,False,False
chembl_obvious_negative_0451,3198377,1159511,CCCN(Cc1ccccc1)S(=O)(=O)c1ccc(NC(=O)NCc2ccncc2)cc1,N=C(N)N1N=C(c2ccccc2)CC1c1ccc(Cl)cc1,C23H26N4O3S,C16H15ClN4,31,21,ChEMBL36 Standard InChI formula/connectivity and registry IDs,False,False,False,False,False
chembl_obvious_negative_0452,1920223,2089713,CCN(C)c1ncnc2c1CCN(Cc1ccsc1)CC2.O=C(O)C(F)(F)F.O=C(O)C(F)(F)F,Cc1cc(C(=O)N[C@H](C(=O)C[C@@H](Cc2ccc(F)cc2)C(=O)N[C@H](/C=C/S(C)(=O)=O)C[C@@H]2CCNC2=O)C(C)C)no1,C16H22N4S.2C2HF3O2,C29H37FN4O7S,28,42,ChEMBL36 Standard InChI formula/connectivity and registry IDs,False,False,False,False,False
chembl_obvious_negative_0453,647054,2748730,CN(C/C=C/c1ccccc1)Cc1ccc2c(c1)=[N+]([O-])C(C)(C)[N+]=2[O-],O=C(N[C@@H](c1ccccc1)c1cccc(OC[C@H]2CC[C@H](C(=O)O)CC2)c1)O[C@H]1CN2CCC1CC2,C20H23N3O2,C29H36N2O5,25,36,ChEMBL36 Standard InChI formula/connectivity and registry IDs,False,False,False,False,False
chembl_obvious_negative_0454,2996982,1576257,Nc1nn2cc(F)cnc2c1C(=O)Nc1cnccc1O[C@H]1Cc2nccn2C1,CC(C)C(O)CCC(C)C(O)CCC(C)C(CCC(O)C(C)CCC(O)C(C)CCC(OCCCCc1cn(CCCCCC(=O)N[C@@H](CO)C(N)=O)nn1)C(C)C)OCCCCc1cn(CCCCCC(=O)N[C@@H](CO)C(N)=O)nn1,C18H15FN8O2,C60H112N10O12,29,82,ChEMBL36 Standard InChI formula/connectivity and registry IDs,False,False,False,False,False
chembl_obvious_negative_0455,847451,280157,COc1cc(/C=C/[N+](=O)[O-])ccc1OC(=O)c1cccnc1,CCC1CCN(C(=O)C(CCCN=C(N)N)NS(=O)(=O)c2ccc3ccc(C)cc3c2)CC1,C15H12N2O5,C24H35N5O3S,22,33,ChEMBL36 Standard InChI formula/connectivity and registry IDs,False,False,False,False,False
chembl_obvious_negative_0456,673972,376868,CCC(=O)N1CCC(n2cc(-c3cnc(N)c(-c4nc5ccccc5o4)c3)cn2)CC1,Nc1ccc(S(=O)(=O)Nc2ccc(C(F)(F)F)cc2)cc1,C23H24N6O2,C13H11F3N2O2S,31,21,ChEMBL36 Standard InChI formula/connectivity and registry IDs,False,False,False,False,False
chembl_obvious_negative_0457,613156,167496,CC(C)(C)c1ccc(S(=O)(=O)N2C[C@@H]3C[C@H]2CN3C2CCCC2)cc1,O=C(Cn1ccnc(NCC(F)(F)c2cccc[n+]2[O-])c1=O)NCc1ccccc1-n1cncn1,C20H30N2O2S,C22H20F2N8O3,25,35,ChEMBL36 Standard InChI formula/connectivity and registry IDs,False,False,False,False,False
chembl_obvious_negative_0458,1117638,3257200,NC(=O)c1ccc(-n2nnnc2SCC(=O)NC2CCCCC2)cc1,Cc1c(O)c2cc(C(F)(F)F)cc(C#N)c2c(=O)n1CCOc1ccc(Cl)cc1-c1ccnc2c(C(=O)O)csc12,C16H20N6O2S,C28H17ClF3N3O5S,25,41,ChEMBL36 Standard InChI formula/connectivity and registry IDs,False,False,False,False,False
chembl_obvious_negative_0459,2230289,666993,CCCCCCCCCCCCn1nnc(-c2cc([N+](=O)[O-])cc([N+](=O)[O-])c2)n1,COCCc1ccc(C(O)CNC(C)C)cc1,C19H28N6O4,C14H23NO2,29,17,ChEMBL36 Standard InChI formula/connectivity and registry IDs,False,False,False,False,False
chembl_obvious_negative_0460,2597186,950141,Cc1ccc(C)c(OCc2cc(C(=O)N[C@@H](C)Cc3cccc(C)n3)no2)c1,Cc1nc(O)c2cc3ccccc3cc2n1,C22H25N3O3,C13H10N2O,28,16,ChEMBL36 Standard InChI formula/connectivity and registry IDs,False,False,False,False,False
chembl_obvious_negative_0461,2331985,1676954,Cc1c(CN2CCOCC2)cc(C2CCCCC2)n1-c1ccc(F)cc1,CC(=O)OC(C)OC(C)=O,C22H29FN2O,C6H10O4,26,10,ChEMBL36 Standard InChI formula/connectivity and registry IDs,False,False,False,False,False
chembl_obvious_negative_0462,42872,749746,CC(C=O)CC(=O)[C@@H](NC(=O)OCc1ccccc1)C(C)C,O=c1[nH]c(=O)n(-c2ccccc2)c2c1C(C(F)(F)F)(C(F)(F)F)NC(CCC1CCCCC1)=N2,C17H23NO4,C22H22F6N4O2,22,34,ChEMBL36 Standard InChI formula/connectivity and registry IDs,False,False,False,False,False
chembl_obvious_negative_0463,499499,219340,CN1C2CCC1CC(OC1c3ccccc3CCc3ccccc31)C2,Cc1cccc2oc(C(=O)C(C)NC(=O)[C@H](CC(=O)N(C)C)NC(=O)[C@@H](NC(=O)CC(C)(C)C)C(C)(C)C)nc12,C23H27NO,C29H43N5O6,25,40,ChEMBL36 Standard InChI formula/connectivity and registry IDs,False,False,False,False,False
chembl_obvious_negative_0464,973073,1275163,COc1cc2c(cc1OC)CN(C(=O)Cc1c(F)cccc1Cl)CC2,CC(=O)N1CCC(NC(=O)c2ccc(Oc3ccc(C#C[C@]4(O)CN5CCC4CC5)cc3)cc2)CC1,C19H19ClFNO3,C29H33N3O4,25,36,ChEMBL36 Standard InChI formula/connectivity and registry IDs,False,False,False,False,False
chembl_obvious_negative_0465,1548343,1868379,C=C1C(=O)C23CC1CCC2[C@@]12CO[C@H](O)[C@H]1C(C)(C)[C@H](OC(C)=O)C[C@H]2OC3=O,OCC(CO)Nc1nc(C(F)F)nc2ccccc12,C22H28O7,C12H13F2N3O2,29,19,ChEMBL36 Standard InChI formula/connectivity and registry IDs,False,False,False,False,False
chembl_obvious_negative_0466,1586229,515451,CC1(C)C=Cc2cc3oc4ccccc4c(=O)c3c(O)c2O1,CS(=O)(=O)c1ccc(N2CCc3c(-n4ccc(-c5nccs5)n4)ccnc32)c(S(C)(=O)=O)c1,C18H14O4,C21H19N5O4S3,22,33,ChEMBL36 Standard InChI formula/connectivity and registry IDs,False,False,False,False,False
chembl_obvious_negative_0467,2700874,46861,COc1cccc(CN2CC3(CCN(C(=O)Cc4cc(C)no4)CC3)CC2=O)c1,COc1ccc(OC)c2c1CC[C@H]1NCCCC21,C22H27N3O4,C15H21NO2,29,18,ChEMBL36 Standard InChI formula/connectivity and registry IDs,False,False,False,False,False
chembl_obvious_negative_0468,1034886,239280,CCN(CC)c1ccc2cc(-c3nnc(-c4ccccc4)o3)c(=O)oc2c1,COC(=O)C1=C(C)NC(=O)N(C(=O)NCCCN2CCN(c3ccccc3Cl)CC2)C1c1ccc(F)c(F)c1,C21H19N3O3,C27H30ClF2N5O4,27,39,ChEMBL36 Standard InChI formula/connectivity and registry IDs,False,False,False,False,False
chembl_obvious_negative_0469,588232,1322022,CC1=C(C(=O)OCCC(C)C)C(c2ccccc2)C(C(=O)OCCC(C)C)=C(C)N1,COP(=O)(OC)C(N)CCSC.O=C(O)C(=O)O,C25H35NO4,C6H16NO3PS.C2H2O4,30,18,ChEMBL36 Standard InChI formula/connectivity and registry IDs,False,False,False,False,False
chembl_obvious_negative_0470,2364885,1004978,CCCCCC/C=C/c1ccc([C@H]2CCN(C(C)=O)[C@@H]2CO)cc1,COc1ccc(CCN2C(=O)c3cccc4c(C(=O)N5CCCCC5)ccc(c34)C2=O)cc1OC,C21H31NO2,C28H28N2O5,24,35,ChEMBL36 Standard InChI formula/connectivity and registry IDs,False,False,False,False,False
chembl_obvious_negative_0471,1789617,1744751,COc1ccccc1N1CCN(CCCn2ncc(=O)n(C)c2=O)CC1,Br.CCCCCCCCCC(=O)N(c1ccc(Nc2c3ccccc3nc3cc(NC(C)=O)ccc23)cc1)S(C)(=O)=O,C18H25N5O3,C32H38N4O4S.BrH,26,42,ChEMBL36 Standard InChI formula/connectivity and registry IDs,False,False,False,False,False
chembl_obvious_negative_0472,2051826,71786,COc1ccc(CC(=O)c2ccc3c(c2OC)C=CC(C)(C)O3)nc1OC,CC(C)C[C@H](NC(=O)[C@H](CCC(=O)O)NC(=O)[C@H](CS)NC(=O)[C@@H](N)CS)C(=O)N[C@@H](CS)C(=O)N[C@@H](CS)C(=O)N[C@@H](CC(N)=O)C(=O)N[C@@H](C)C(=O)N[C@@H](C)C(=O)N[C@@H](CS)C(=O)N[C@@H](C)C(=O)NCC(=O)N[C@@H](CS)C(=O)O,C21H23NO5,C44H74N14O17S6,27,81,ChEMBL36 Standard InChI formula/connectivity and registry IDs,False,False,False,False,False
chembl_obvious_negative_0473,1285133,2103670,COc1ccc2cc3[n+](cc2c1NCC(C)C)CCc1cc2c(cc1-3)OCO2,OC1CCN(c2nc3c(c(Nc4ccc(C(F)(F)F)cc4)n2)CCN(c2ncccc2C(F)(F)F)CC3)CC1,C23H24N2O3,C26H26F6N6O,28,39,ChEMBL36 Standard InChI formula/connectivity and registry IDs,False,False,False,False,False
chembl_obvious_negative_0474,328014,2785619,Nc1ccc(SSCCNC(=O)/C(Cc2cccc(Br)c2)=N/O)cc1,CCOP(=O)(OCC)C(NC(=O)c1cc(-c2ccc(Cl)cc2)n(-c2ccc(S(N)(=O)=O)cc2)n1)c1ccccc1,C17H18BrN3O2S2,C27H28ClN4O6PS,25,40,ChEMBL36 Standard InChI formula/connectivity and registry IDs,False,False,False,False,False
chembl_obvious_negative_0475,463607,332003,C[C@H]1C/C=C/C(O)C/C=C/C(=O)Cc2c(Cl)c(O)cc(O)c2C(=O)O1,COC(=O)[C@@H]1C2CCC(C[C@@H]1c1ccc(Cl)c(Cl)c1)N2CCNC(=O)CCCN1CCCc2cc3c(cc21)C(C)(C)C1=CC(=[N+](C)C)C=CC1=C3.[O-][Cl+3]([O-])([O-])[O-],C18H19ClO6,C42H50Cl2N4O3.ClHO4,25,56,ChEMBL36 Standard InChI formula/connectivity and registry IDs,False,False,False,False,False
chembl_obvious_negative_0476,1078756,2616130,CCc1ccc(-c2n[nH]c(SCC(=O)c3c(N)n(C4CC4)c(=O)[nH]c3=O)n2)cc1,Cc1nc(Cc2ccccc2F)[nH]c(=O)c1CCO,C19H20N6O3S,C14H15FN2O2,29,19,ChEMBL36 Standard InChI formula/connectivity and registry IDs,False,False,False,False,False
chembl_obvious_negative_0477,885337,1462601,N=C(NNS(=O)(=O)c1cc(C(F)(F)F)cc(C(F)(F)F)c1)c1ccccn1,CCCCCCCCC/C=C/C=O,C14H10F6N4O2S,C12H22O,27,13,ChEMBL36 Standard InChI formula/connectivity and registry IDs,False,False,False,False,False
chembl_obvious_negative_0478,1826504,446658,Cc1cccc(C)c1NC(=O)c1nc(S(=O)(=O)Cc2ccccc2F)ncc1Cl,C=Cc1c(C)c2cc3nc(c(C(=O)C(=O)OC)c4[nH]c(cc5nc(cc1[nH]2)C(C)=C5CC)c(C)c4C(=O)OC)[C@@H](CCC(=O)O)[C@@H]3C,C20H17ClFN3O3S,C36H38N4O7,29,47,ChEMBL36 Standard InChI formula/connectivity and registry IDs,False,False,False,False,False
chembl_obvious_negative_0479,2326998,2834472,FC(F)(F)c1cccc(Cn2cnc(-c3cc(-c4c[nH]nn4)ccn3)c2)c1Cl,O=C1CCCCCCCCCCCNC(=O)CNC(=O)/C(c2ccccc2)=C\C=C(\c2ccccc2)CN1,C18H12ClF3N6,C32H41N3O3,28,38,ChEMBL36 Standard InChI formula/connectivity and registry IDs,False,False,False,False,False
chembl_obvious_negative_0480,954129,231304,C=CCc1cccc(CNc2nc3ccccc3n2C)c1O,CC/C=C\C/C=C\C/C=C\C/C=C\C/C=C\CCCC(=O)NCCc1ccc(O)c(O)c1,C18H19N3O,C28H39NO3,22,32,ChEMBL36 Standard InChI formula/connectivity and registry IDs,False,False,False,False,False
chembl_obvious_negative_0481,2254219,2269174,O=C([C@@H]1CCCN(c2ccc3nc(Cc4cccc(Cl)c4)[nH]c3n2)C1)N1CCCC1,CC(=O)OCc1cccc(-c2cccc(C(=O)O)c2)c1,C23H26ClN5O,C16H14O4,30,20,ChEMBL36 Standard InChI formula/connectivity and registry IDs,False,False,False,False,False
chembl_obvious_negative_0482,150548,3151519,Cc1cc(O)cc(C)c1C[C@H](N)C(=O)N1CCc2ccc(O)cc2C1,COCC(COC)n1c(NS(=O)(=O)[C@@H](C)[C@@H](OC(C)C)c2ncc(Cl)cn2)nnc1[C@H]1CC[C@@H](C)O1,C20H24N2O3,C22H35ClN6O6S,25,36,ChEMBL36 Standard InChI formula/connectivity and registry IDs,False,False,False,False,False
chembl_obvious_negative_0483,2793595,2608154,COc1ccccc1/C=C1/N=C(c2ccccc2)c2cc([N+](=O)[O-])ccc2NC1=O,CC(C)NC(=O)[C@@]1(CCO)CCN(c2ncccn2)C1,C23H17N3O4,C14H22N4O2,30,20,ChEMBL36 Standard InChI formula/connectivity and registry IDs,False,False,False,False,False
chembl_obvious_negative_0484,286141,2402771,CC[C@@]1(O)C(=O)OCc2c1cc1n(c2=O)Cc2c-1nc1ccc(F)cc1c2C(=O)O,CC(C)N(C)S(=O)(=O)NCCCN(C)c1ccccc1,C21H15FN2O6,C14H25N3O2S,30,20,ChEMBL36 Standard InChI formula/connectivity and registry IDs,False,False,False,False,False
chembl_obvious_negative_0485,1448641,1385830,CCN(CC)CCn1nc(C)c(CC(=O)NCc2ccc(F)cc2Cl)c1C,COCCNC(=O)[C@H]1O[C@@H](n2cnc3c(NCCc4cn(Cc5ccc(Cl)cc5)c5ccccc45)ncnc32)[C@H](O)[C@@H]1O,C20H28ClFN4O,C30H32ClN7O5,27,43,ChEMBL36 Standard InChI formula/connectivity and registry IDs,False,False,False,False,False
chembl_obvious_negative_0486,2983025,841470,C=Cc1cc(/N=c2\[nH]c(=O)n(CCC(=O)O)c(=O)n2Cc2ccc(C)cc2)ccc1OC(C)C,COc1cccc(NC(=O)c2ccc(NC(=O)C(C)(C)C)cc2)c1,C25H28N4O5,C19H22N2O3,34,24,ChEMBL36 Standard InChI formula/connectivity and registry IDs,False,False,False,False,False
chembl_obvious_negative_0487,1281146,123630,COc1cc(-c2ccc(-c3ccc(-c4nc5cc(C)ccc5[nH]4)cc3)cc2)cc(OC)c1OC,CC(=C(C#N)C#N)c1ccc(NC(=O)CCC(=O)O)cc1,C29H26N2O3,C15H13N3O3,34,21,ChEMBL36 Standard InChI formula/connectivity and registry IDs,False,False,False,False,False
chembl_obvious_negative_0488,3091698,51844,Nc1n[nH]c2ccc(-c3ccc(S(=O)(=O)C4CNC4)c(S(N)(=O)=O)c3-c3nnn[nH]3)cc12,NCc1c(N)nc(-c2ccccc2)nc1-c1ccccc1,C17H17N9O4S2,C17H16N4,32,21,ChEMBL36 Standard InChI formula/connectivity and registry IDs,False,False,False,False,False
chembl_obvious_negative_0489,3267169,628111,O=C(NCCc1ncc[nH]1)c1ccc2nc(N3CCCCC3)c(-c3ccc(F)cc3)nc2c1,O=C1Cc2ccccc2Oc2ccc(Nc3ccccc3)cc21,C25H25FN6O,C20H15NO2,33,23,ChEMBL36 Standard InChI formula/connectivity and registry IDs,False,False,False,False,False
chembl_obvious_negative_0490,2827492,2417726,CC(C)OC(=O)N1CCC(NCCc2csc(-c3cnccn3)n2)CC1,CCCn1c(SCC2=C(C(=O)OCC)C(C)NC(=O)N2)nc2sc3c(c2c1=O)CCC(C(C)(C)CC)C3,C18H25N5O2S,C27H38N4O4S2,26,37,ChEMBL36 Standard InChI formula/connectivity and registry IDs,False,False,False,False,False
chembl_obvious_negative_0491,2184429,1444653,COc1ccc(CNc2nc(N3CC4CC4C3)ncc2C(=O)NCC2CCNCC2)cc1Cl,Cc1ccc(Sc2ccccc2N2CCN(C)CC2)c(C)c1.Cl,C24H31ClN6O2,C19H24N2S.ClH,33,23,ChEMBL36 Standard InChI formula/connectivity and registry IDs,False,False,False,False,False
chembl_obvious_negative_0492,1701879,529409,COc1cccc2cc(C(N)=O)/c(=N/NC(=O)COc3ccc(Cl)cc3)oc12,COc1ccc(NC(=O)/C=C/c2cc(F)cc(C(F)(F)F)c2)cc1OCCN(C(C)C)C(C)C.O=C(O)C(F)(F)F,C19H16ClN3O5,C25H30F4N2O3.C2HF3O2,28,41,ChEMBL36 Standard InChI formula/connectivity and registry IDs,False,False,False,False,False
chembl_obvious_negative_0493,182452,2844441,CC(=O)OCC(=O)[C@@]1(O)CCC2C3CCC4=CC(=O)CCC4(C)[C@@]3(Cl)[C@@H](Cl)CC21C,N#Cc1ccc(N2CCC3(CCN(C(=O)c4ccc(C(=O)N5CCN(CC6CCN(c7ccc8c(c7)C(=O)N(C7CCC(=O)NC7=O)C8=O)CC6)CC5)cc4)CC3)C2)cc1Cl,C23H30Cl2O5,C46H49ClN8O6,30,61,ChEMBL36 Standard InChI formula/connectivity and registry IDs,False,False,False,False,False
chembl_obvious_negative_0494,2627096,485539,CC1CCN(C(=O)CCC(=O)N2CCCN(c3nc4cccnc4s3)CC2)CC1,C/C(=C\CC[C@H](C)C(=O)O)[C@H]1CC[C@H](C(=O)O)CC1,C21H29N5O2S,C15H24O4,29,19,ChEMBL36 Standard InChI formula/connectivity and registry IDs,False,False,False,False,False
chembl_obvious_negative_0495,967090,1289123,O=C(Nc1ccc(C(=O)O)cc1)/C(=C\C=C\c1ccccc1)NC(=O)c1ccc(Br)cc1,C=CCc1cc(OC)c2c(c1)C(O)CC(c1ccccc1)O2,C25H19BrN2O4,C19H20O3,32,22,ChEMBL36 Standard InChI formula/connectivity and registry IDs,False,False,False,False,False
chembl_obvious_negative_0496,3189405,428712,CSC[C@]1(O)CC[C@@](F)(C(=O)NCc2ccc(F)cc2Cl)c2cccnc21,COC(=O)[C@@]1(C)CC[C@]2(C)CC[C@]3(C)C(=CC(=O)[C@@H]4[C@@]5(C)C=C(C(F)(F)F)C(=O)C(C)(C)[C@@H]5CC[C@]43C)[C@@H]2C1,C19H19ClF2N2O2S,C32H43F3O4,27,39,ChEMBL36 Standard InChI formula/connectivity and registry IDs,False,False,False,False,False
chembl_obvious_negative_0497,570286,2742749,CC1=C(C(=O)Nc2ccccc2Cl)C(c2cccc([N+](=O)[O-])c2)NC(=S)N1,C=CC(=O)NCCCC[C@H](NC(=O)CCc1ccccc1)C(=O)N1CCN(C(=O)c2cccc3ccccc23)CC1,C18H15ClN4O3S,C33H38N4O4,27,41,ChEMBL36 Standard InChI formula/connectivity and registry IDs,False,False,False,False,False
chembl_obvious_negative_0498,2253221,2681930,C/C(C(=N)C1CCOC1)=C(/N)c1cc(C(=O)N2CC(c3ccc(C#N)cc3)C2)ccc1C,COC[C@@]1(C)CCN(C(=O)c2c[nH]c3cccc(F)c23)C1,C26H28N4O2,C16H19FN2O2,32,21,ChEMBL36 Standard InChI formula/connectivity and registry IDs,False,False,False,False,False
chembl_obvious_negative_0499,1278156,1750732,COc1ccccc1CCNCc1ccc(CCNCCc2ccc(O)c3[nH]c(=O)sc23)cc1,CC(=O)Nc1ccc(Sc2ccc3nc(N)nc(N)c3c2)cc1,C27H31N3O3S,C16H15N5OS,34,23,ChEMBL36 Standard InChI formula/connectivity and registry IDs,False,False,False,False,False
